index,id,name,type,equipment,movementPattern,variantGroupId,efc,cnc,ssc,ttc,subMuscleGroup,muscles,technicalAspectCount,flagCount,highestSeverity,flagCodes,flagDetails,sample10Percent
1,tren_superior_press_banca_plano_barra,Press de Banca Plano con Barra,Básico,Barra,Empuje Horizontal,vg_bench_press,4.2,4,1.2,2.2,Pectorales,Pectorales:primary:1: | Deltoides:secondary:0.5:anterior | Tríceps:secondary:0.5: | Bíceps:stabilizer:0.4:,2,4,ORANGE,2.4_VARIANT_PRIMARY_DIVERGENCE | 3.2_DEAD_STABILIZER_GATE | 4.3_MODIFIER_MUSCLE_NAME | 4.3_MODIFIER_MUSCLE_NAME,"2.4_VARIANT_PRIMARY_DIVERGENCE: vg_bench_press contiene 2 conjuntos primary distintos. || 3.2_DEAD_STABILIZER_GATE: Tiene stabilizers pero ssc=1.2<1.5; el gate puede volverlos dato muerto. || 4.3_MODIFIER_MUSCLE_NAME: Modifier usa ""Pectoral Mayor"", fuera del catálogo/anatomía. || 4.3_MODIFIER_MUSCLE_NAME: Modifier usa ""Tríceps Braquial"", fuera del catálogo/anatomía.",
2,tren_superior_press_banca_plano_mancuernas,Press de Banca Plano con Mancuernas,Básico,Mancuerna,Empuje Horizontal,vg_bench_press,3.8,3.5,1,2.2,Pectorales,Pectorales:primary:1: | Deltoides:secondary:0.5:anterior | Tríceps:secondary:0.5: | Bíceps:stabilizer:0.4:,2,4,ORANGE,2.4_VARIANT_PRIMARY_DIVERGENCE | 3.2_DEAD_STABILIZER_GATE | 4.3_MODIFIER_MUSCLE_NAME | 4.3_MODIFIER_MUSCLE_NAME,"2.4_VARIANT_PRIMARY_DIVERGENCE: vg_bench_press contiene 2 conjuntos primary distintos. || 3.2_DEAD_STABILIZER_GATE: Tiene stabilizers pero ssc=1.0<1.5; el gate puede volverlos dato muerto. || 4.3_MODIFIER_MUSCLE_NAME: Modifier usa ""Pectoral Mayor"", fuera del catálogo/anatomía. || 4.3_MODIFIER_MUSCLE_NAME: Modifier usa ""Tríceps Braquial"", fuera del catálogo/anatomía.",
3,tren_superior_press_banca_inclinado_barra,Press de Banca Inclinado con Barra,Básico,Barra,Empuje Horizontal,vg_bench_press,4,3.8,1.1,2.2,Pectorales,Pectorales:primary:1:superior | Deltoides:secondary:0.5:anterior | Tríceps:secondary:0.5:,2,3,ORANGE,2.4_VARIANT_PRIMARY_DIVERGENCE | 4.3_MODIFIER_MUSCLE_NAME | 4.3_MODIFIER_MUSCLE_NAME,"2.4_VARIANT_PRIMARY_DIVERGENCE: vg_bench_press contiene 2 conjuntos primary distintos. || 4.3_MODIFIER_MUSCLE_NAME: Modifier usa ""Pectoral Mayor"", fuera del catálogo/anatomía. || 4.3_MODIFIER_MUSCLE_NAME: Modifier usa ""Tríceps Braquial"", fuera del catálogo/anatomía.",
4,tren_superior_press_banca_inclinado_mancuernas,Press de Banca Inclinado con Mancuernas,Básico,Mancuerna,Empuje Horizontal,vg_bench_press,3.6,3.2,1,2.2,Pectorales,Pectorales:primary:1:superior | Deltoides:secondary:0.5:anterior | Tríceps:secondary:0.5:,2,3,ORANGE,2.4_VARIANT_PRIMARY_DIVERGENCE | 4.3_MODIFIER_MUSCLE_NAME | 4.3_MODIFIER_MUSCLE_NAME,"2.4_VARIANT_PRIMARY_DIVERGENCE: vg_bench_press contiene 2 conjuntos primary distintos. || 4.3_MODIFIER_MUSCLE_NAME: Modifier usa ""Pectoral Mayor"", fuera del catálogo/anatomía. || 4.3_MODIFIER_MUSCLE_NAME: Modifier usa ""Tríceps Braquial"", fuera del catálogo/anatomía.",
5,tren_superior_press_banca_declinado_barra,Press de Banca Declinado con Barra,Básico,Barra,Empuje Horizontal,vg_bench_press,4,3.8,1.1,2.2,Pectorales,Pectorales:primary:1:inferior | Deltoides:secondary:0.5:anterior | Tríceps:secondary:0.5:,2,3,ORANGE,2.4_VARIANT_PRIMARY_DIVERGENCE | 4.3_MODIFIER_MUSCLE_NAME | 4.3_MODIFIER_MUSCLE_NAME,"2.4_VARIANT_PRIMARY_DIVERGENCE: vg_bench_press contiene 2 conjuntos primary distintos. || 4.3_MODIFIER_MUSCLE_NAME: Modifier usa ""Pectoral Mayor"", fuera del catálogo/anatomía. || 4.3_MODIFIER_MUSCLE_NAME: Modifier usa ""Tríceps Braquial"", fuera del catálogo/anatomía.",
6,tren_superior_press_banca_declinado_mancuernas,Press de Banca Declinado con Mancuernas,Básico,Mancuerna,Empuje Horizontal,vg_bench_press,3.6,3.2,1,2.2,Pectorales,Pectorales:primary:1:inferior | Deltoides:secondary:0.5:anterior | Tríceps:secondary:0.5:,2,3,ORANGE,2.4_VARIANT_PRIMARY_DIVERGENCE | 4.3_MODIFIER_MUSCLE_NAME | 4.3_MODIFIER_MUSCLE_NAME,"2.4_VARIANT_PRIMARY_DIVERGENCE: vg_bench_press contiene 2 conjuntos primary distintos. || 4.3_MODIFIER_MUSCLE_NAME: Modifier usa ""Pectoral Mayor"", fuera del catálogo/anatomía. || 4.3_MODIFIER_MUSCLE_NAME: Modifier usa ""Tríceps Braquial"", fuera del catálogo/anatomía.",
7,tren_superior_press_pecho_maquina_convergente,Press de Pecho en Máquina Convergente,Accesorio,Máquina,Empuje Horizontal,,3.2,2.8,0.8,2,Pectorales,Pectorales:primary:1: | Deltoides:secondary:0.5:anterior | Tríceps:secondary:0.5:,0,2,BLUE,3.1_IQR_CNC | 3.1_IQR_SSC,"3.1_IQR_CNC: cnc=2.8 es outlier IQR para tipo=Accesorio, equipo=Máquina (1.70–2.50). || 3.1_IQR_SSC: ssc=0.8 es outlier IQR para tipo=Accesorio, equipo=Máquina (0.25–0.65).",
8,tren_superior_press_pecho_maquina_smith,Press de Pecho en Máquina Smith,Básico,Máquina,Empuje Horizontal,,3.8,3.5,1,2.2,Pectorales,Pectorales:primary:1: | Deltoides:secondary:0.5:anterior | Tríceps:secondary:0.5:,0,0,,,,
9,tren_superior_floor_press_barra,Floor Press con Barra,Accesorio,Barra,Empuje Horizontal,,3.5,3.2,1,2,Tríceps,Pectorales:primary:1: | Tríceps:secondary:0.5: | Deltoides:secondary:0.5:anterior,0,3,BLUE,3.1_IQR_CNC | 3.1_IQR_EFC | 3.1_IQR_SSC,"3.1_IQR_CNC: cnc=3.2 es outlier IQR para tipo=Accesorio, equipo=Barra (2.20–2.20). || 3.1_IQR_EFC: efc=3.5 es outlier IQR para tipo=Accesorio, equipo=Barra (2.80–2.80). || 3.1_IQR_SSC: ssc=1.0 es outlier IQR para tipo=Accesorio, equipo=Barra (0.50–0.50).",
10,tren_superior_floor_press_mancuernas,Floor Press con Mancuernas,Accesorio,Mancuerna,Empuje Horizontal,,3.2,2.8,0.9,2,Tríceps,Pectorales:primary:1: | Tríceps:secondary:0.5: | Deltoides:secondary:0.5:anterior,0,2,BLUE,3.1_IQR_CNC | 3.1_IQR_SSC,"3.1_IQR_CNC: cnc=2.8 es outlier IQR para tipo=Accesorio, equipo=Mancuerna (2.08–2.27). || 3.1_IQR_SSC: ssc=0.9 es outlier IQR para tipo=Accesorio, equipo=Mancuerna (0.50–0.50).",
11,tren_superior_flexiones_clasicas,Flexiones de Brazos Clásicas,Básico,Peso Corporal,Empuje Horizontal,,3,2.5,0.8,1.8,Pectorales,Pectorales:primary:1: | Tríceps:secondary:0.5: | Deltoides:secondary:0.5:anterior | Core:stabilizer:0.4:,0,1,YELLOW,3.2_DEAD_STABILIZER_GATE,3.2_DEAD_STABILIZER_GATE: Tiene stabilizers pero ssc=0.8<1.5; el gate puede volverlos dato muerto.,
12,tren_superior_flexiones_lastradas,Flexiones de Brazos Lastradas,Básico,Peso Corporal,Empuje Horizontal,,3.5,3,0.9,1.8,Pectorales,Pectorales:primary:1: | Tríceps:secondary:0.5: | Deltoides:secondary:0.5:anterior | Core:stabilizer:0.4:,0,1,YELLOW,3.2_DEAD_STABILIZER_GATE,3.2_DEAD_STABILIZER_GATE: Tiene stabilizers pero ssc=0.9<1.5; el gate puede volverlos dato muerto.,
13,tren_superior_flexiones_pies_elevados,Flexiones con Pies Elevados,Accesorio,Peso Corporal,Empuje Horizontal,,3.2,2.8,0.8,1.8,Pectorales,Pectorales:primary:1:superior | Tríceps:secondary:0.5: | Deltoides:secondary:0.5:anterior | Core:stabilizer:0.4:,0,4,YELLOW,3.2_DEAD_STABILIZER_GATE | 3.1_IQR_CNC | 3.1_IQR_EFC | 3.1_IQR_SSC,"3.2_DEAD_STABILIZER_GATE: Tiene stabilizers pero ssc=0.8<1.5; el gate puede volverlos dato muerto. || 3.1_IQR_CNC: cnc=2.8 es outlier IQR para tipo=Accesorio, equipo=Peso Corporal (1.98–2.57). || 3.1_IQR_EFC: efc=3.2 es outlier IQR para tipo=Accesorio, equipo=Peso Corporal (2.80–2.80). || 3.1_IQR_SSC: ssc=0.8 es outlier IQR para tipo=Accesorio, equipo=Peso Corporal (0.50–0.50).",
14,tren_superior_flexiones_anillas,Flexiones en Anillas,Accesorio,TRX,Empuje Horizontal,,3,2.8,0.7,1.8,Pectorales,Pectorales:primary:1: | Tríceps:secondary:0.5: | Deltoides:secondary:0.5:anterior | Core:stabilizer:0.4:,0,1,YELLOW,3.2_DEAD_STABILIZER_GATE,3.2_DEAD_STABILIZER_GATE: Tiene stabilizers pero ssc=0.7<1.5; el gate puede volverlos dato muerto.,
15,tren_superior_press_unilateral_polea,Press Unilateral en Polea,Accesorio,Polea,Empuje Horizontal,,2.8,2.5,0.7,2,Pectorales,Pectorales:primary:1: | Deltoides:secondary:0.5:anterior | Tríceps:secondary:0.5:,0,4,BLUE,3.1_IQR_CNC | 3.1_IQR_EFC | 3.1_IQR_SSC | 3.1_IQR_TTC,"3.1_IQR_CNC: cnc=2.5 es outlier IQR para tipo=Accesorio, equipo=Polea (2.00–2.00). || 3.1_IQR_EFC: efc=2.8 es outlier IQR para tipo=Accesorio, equipo=Polea (2.50–2.50). || 3.1_IQR_SSC: ssc=0.7 es outlier IQR para tipo=Accesorio, equipo=Polea (0.29–0.59). || 3.1_IQR_TTC: ttc=2.0 es outlier IQR para tipo=Accesorio, equipo=Polea (1.80–1.80).",
16,tren_superior_press_spoto_barra,Press Spoto con Barra,Accesorio,Barra,Empuje Horizontal,vg_bench_press,4,3.8,1.2,2.2,Pectorales,Pectorales:primary:1: | Deltoides:secondary:0.5:anterior | Tríceps:secondary:0.5:,2,7,ORANGE,2.4_VARIANT_PRIMARY_DIVERGENCE | 4.3_MODIFIER_MUSCLE_NAME | 4.3_MODIFIER_MUSCLE_NAME | 3.1_IQR_CNC | 3.1_IQR_EFC | 3.1_IQR_SSC | 3.1_IQR_TTC,"2.4_VARIANT_PRIMARY_DIVERGENCE: vg_bench_press contiene 2 conjuntos primary distintos. || 4.3_MODIFIER_MUSCLE_NAME: Modifier usa ""Pectoral Mayor"", fuera del catálogo/anatomía. || 4.3_MODIFIER_MUSCLE_NAME: Modifier usa ""Tríceps Braquial"", fuera del catálogo/anatomía. || 3.1_IQR_CNC: cnc=3.8 es outlier IQR para tipo=Accesorio, equipo=Barra (2.20–2.20). || 3.1_IQR_EFC: efc=4.0 es outlier IQR para tipo=Accesorio, equipo=Barra (2.80–2.80). || 3.1_IQR_SSC: ssc=1.2 es outlier IQR para tipo=Accesorio, equipo=Barra (0.50–0.50). || 3.1_IQR_TTC: ttc=2.2 es outlier IQR para tipo=Accesorio, equipo=Barra (2.00–2.00).",YES
17,tren_superior_press_banda_resistencia,Press con Banda de Resistencia,Accesorio,Banda,Empuje Horizontal,,3.2,3,0.9,2,Pectorales,Pectorales:primary:1: | Deltoides:secondary:0.5:anterior | Tríceps:secondary:0.5:,0,0,,,,
18,tren_superior_press_banca_cadenas,Press de Banca con Cadenas,Accesorio,Barra,Empuje Horizontal,vg_bench_press,4,3.8,1.1,2.2,Pectorales,Pectorales:primary:1: | Deltoides:secondary:0.5:anterior | Tríceps:secondary:0.5:,2,7,ORANGE,2.4_VARIANT_PRIMARY_DIVERGENCE | 4.3_MODIFIER_MUSCLE_NAME | 4.3_MODIFIER_MUSCLE_NAME | 3.1_IQR_CNC | 3.1_IQR_EFC | 3.1_IQR_SSC | 3.1_IQR_TTC,"2.4_VARIANT_PRIMARY_DIVERGENCE: vg_bench_press contiene 2 conjuntos primary distintos. || 4.3_MODIFIER_MUSCLE_NAME: Modifier usa ""Pectoral Mayor"", fuera del catálogo/anatomía. || 4.3_MODIFIER_MUSCLE_NAME: Modifier usa ""Tríceps Braquial"", fuera del catálogo/anatomía. || 3.1_IQR_CNC: cnc=3.8 es outlier IQR para tipo=Accesorio, equipo=Barra (2.20–2.20). || 3.1_IQR_EFC: efc=4.0 es outlier IQR para tipo=Accesorio, equipo=Barra (2.80–2.80). || 3.1_IQR_SSC: ssc=1.1 es outlier IQR para tipo=Accesorio, equipo=Barra (0.50–0.50). || 3.1_IQR_TTC: ttc=2.2 es outlier IQR para tipo=Accesorio, equipo=Barra (2.00–2.00).",
19,tren_superior_aperturas_planas_mancuernas,Aperturas Planas con Mancuernas,Accesorio,Mancuerna,Empuje Horizontal,,2.5,2.2,0.6,1.8,Pectorales,Pectorales:primary:1: | Deltoides:secondary:0.5:anterior,0,1,BLUE,3.1_IQR_SSC,"3.1_IQR_SSC: ssc=0.6 es outlier IQR para tipo=Accesorio, equipo=Mancuerna (0.50–0.50).",
20,tren_superior_aperturas_inclinadas_mancuernas,Aperturas Inclinadas con Mancuernas,Accesorio,Mancuerna,Empuje Horizontal,,2.4,2,0.6,1.8,Pectorales,Pectorales:primary:1:superior | Deltoides:secondary:0.5:anterior,0,2,BLUE,3.1_IQR_CNC | 3.1_IQR_SSC,"3.1_IQR_CNC: cnc=2.0 es outlier IQR para tipo=Accesorio, equipo=Mancuerna (2.08–2.27). || 3.1_IQR_SSC: ssc=0.6 es outlier IQR para tipo=Accesorio, equipo=Mancuerna (0.50–0.50).",
21,tren_superior_aperturas_declinadas_mancuernas,Aperturas Declinadas con Mancuernas,Accesorio,Mancuerna,Empuje Horizontal,,2.4,2,0.6,1.8,Pectorales,Pectorales:primary:1:inferior | Deltoides:secondary:0.5:anterior,0,2,BLUE,3.1_IQR_CNC | 3.1_IQR_SSC,"3.1_IQR_CNC: cnc=2.0 es outlier IQR para tipo=Accesorio, equipo=Mancuerna (2.08–2.27). || 3.1_IQR_SSC: ssc=0.6 es outlier IQR para tipo=Accesorio, equipo=Mancuerna (0.50–0.50).",
22,tren_superior_aperturas_pec_deck,Aperturas en Máquina Pec Deck,Accesorio,Máquina,Empuje Horizontal,,2.5,2.2,0.6,1.8,Pectorales,Pectorales:primary:1: | Deltoides:secondary:0.5:anterior,0,0,,,,
23,tren_superior_cruce_poleas_altas,Cruce de Poleas Altas,Accesorio,Polea,Empuje Horizontal,,2.4,2,0.6,1.8,Pectorales,Pectorales:primary:1:inferior | Deltoides:secondary:0.5:anterior,0,2,BLUE,3.1_IQR_EFC | 3.1_IQR_SSC,"3.1_IQR_EFC: efc=2.4 es outlier IQR para tipo=Accesorio, equipo=Polea (2.50–2.50). || 3.1_IQR_SSC: ssc=0.6 es outlier IQR para tipo=Accesorio, equipo=Polea (0.29–0.59).",
24,tren_superior_cruce_poleas_bajas,Cruce de Poleas Bajas,Accesorio,Polea,Empuje Horizontal,,2.4,2,0.6,1.8,Pectorales,Pectorales:primary:1:superior | Deltoides:secondary:0.5:anterior,0,2,BLUE,3.1_IQR_EFC | 3.1_IQR_SSC,"3.1_IQR_EFC: efc=2.4 es outlier IQR para tipo=Accesorio, equipo=Polea (2.50–2.50). || 3.1_IQR_SSC: ssc=0.6 es outlier IQR para tipo=Accesorio, equipo=Polea (0.29–0.59).",
25,tren_superior_aperturas_suelo_mancuernas,Aperturas en el Suelo con Mancuernas,Accesorio,Mancuerna,Empuje Horizontal,,2,1.8,0.5,1.6,Pectorales,Pectorales:primary:1: | Deltoides:secondary:0.5:anterior,0,2,BLUE,3.1_IQR_CNC | 3.1_IQR_EFC,"3.1_IQR_CNC: cnc=1.8 es outlier IQR para tipo=Accesorio, equipo=Mancuerna (2.08–2.27). || 3.1_IQR_EFC: efc=2.0 es outlier IQR para tipo=Accesorio, equipo=Mancuerna (2.05–3.25).",YES
26,tren_superior_squeeze_press_mancuernas,Squeeze Press con Mancuernas,Accesorio,Mancuerna,Empuje Horizontal,,3,2.5,0.7,2,Pectorales,Pectorales:primary:1: | Deltoides:secondary:0.5:anterior | Tríceps:secondary:0.5:,0,2,BLUE,3.1_IQR_CNC | 3.1_IQR_SSC,"3.1_IQR_CNC: cnc=2.5 es outlier IQR para tipo=Accesorio, equipo=Mancuerna (2.08–2.27). || 3.1_IQR_SSC: ssc=0.7 es outlier IQR para tipo=Accesorio, equipo=Mancuerna (0.50–0.50).",
27,tren_superior_aperturas_banda,Aperturas con Banda de Resistencia,Accesorio,Banda,Empuje Horizontal,,2.2,1.8,0.5,1.6,Pectorales,Pectorales:primary:1: | Deltoides:secondary:0.5:anterior,0,0,,,,YES
28,tren_superior_fondos_paralelas,Fondos en Paralelas,Básico,Peso Corporal,Empuje Horizontal,,3.5,3,0.9,2,Pectorales,Pectorales:primary:1: | Tríceps:secondary:0.5: | Deltoides:secondary:0.5:anterior | Core:stabilizer:0.4:,0,1,YELLOW,3.2_DEAD_STABILIZER_GATE,3.2_DEAD_STABILIZER_GATE: Tiene stabilizers pero ssc=0.9<1.5; el gate puede volverlos dato muerto.,
29,tren_superior_fondos_lastrados,Fondos Lastrados,Básico,Peso Corporal,Empuje Horizontal,,4,3.5,1,2,Pectorales,Pectorales:primary:1: | Tríceps:secondary:0.5: | Deltoides:secondary:0.5:anterior | Core:stabilizer:0.4:,0,1,YELLOW,3.2_DEAD_STABILIZER_GATE,3.2_DEAD_STABILIZER_GATE: Tiene stabilizers pero ssc=1.0<1.5; el gate puede volverlos dato muerto.,
30,tren_superior_fondos_anillas,Fondos en Anillas,Accesorio,TRX,Empuje Horizontal,,3.2,2.8,0.8,2,Pectorales,Pectorales:primary:1: | Tríceps:secondary:0.5: | Deltoides:secondary:0.5:anterior | Core:stabilizer:0.4:,0,1,YELLOW,3.2_DEAD_STABILIZER_GATE,3.2_DEAD_STABILIZER_GATE: Tiene stabilizers pero ssc=0.8<1.5; el gate puede volverlos dato muerto.,
31,tren_superior_fondos_entre_bancos,Fondos Entre Bancos,Accesorio,Peso Corporal,Empuje Horizontal,,2.8,2.4,0.7,1.8,Pectorales,Pectorales:primary:1: | Tríceps:secondary:0.5: | Deltoides:secondary:0.5:anterior | Core:stabilizer:0.4:,0,2,YELLOW,3.2_DEAD_STABILIZER_GATE | 3.1_IQR_SSC,"3.2_DEAD_STABILIZER_GATE: Tiene stabilizers pero ssc=0.7<1.5; el gate puede volverlos dato muerto. || 3.1_IQR_SSC: ssc=0.7 es outlier IQR para tipo=Accesorio, equipo=Peso Corporal (0.50–0.50).",
32,ultimo_flexiones_deficit,Flexiones en Déficit,Accesorio,Peso Corporal,Empuje Horizontal,,2.5,2,0.1,2.2,Pectorales,Pectorales:primary:1: | Tríceps:secondary:0.5: | Deltoides:secondary:0.5:anterior | Core:stabilizer:0.4:,0,3,YELLOW,3.2_DEAD_STABILIZER_GATE | 3.1_IQR_EFC | 3.1_IQR_SSC,"3.2_DEAD_STABILIZER_GATE: Tiene stabilizers pero ssc=0.1<1.5; el gate puede volverlos dato muerto. || 3.1_IQR_EFC: efc=2.5 es outlier IQR para tipo=Accesorio, equipo=Peso Corporal (2.80–2.80). || 3.1_IQR_SSC: ssc=0.1 es outlier IQR para tipo=Accesorio, equipo=Peso Corporal (0.50–0.50).",
33,ultimo_press_banca_agarre_inverso,Press de Banca con Agarre Inverso,Accesorio,Barra,Empuje Horizontal,vg_bench_press,3.2,3.5,0.2,2.4,Pectorales,Pectorales:primary:1:superior | Tríceps:primary:1: | Deltoides:secondary:0.5:anterior | Dorsales:stabilizer:0.4: | Antebrazo:stabilizer:0.4:,2,9,ORANGE,2.4_VARIANT_PRIMARY_DIVERGENCE | 3.2_DEAD_STABILIZER_GATE | 4.3_MODIFIER_MUSCLE_NAME | 4.3_MODIFIER_MUSCLE_NAME | 1.2_MULTIPLE_PRIMARY | 3.1_IQR_CNC | 3.1_IQR_EFC | 3.1_IQR_SSC | 3.1_IQR_TTC,"2.4_VARIANT_PRIMARY_DIVERGENCE: vg_bench_press contiene 2 conjuntos primary distintos. || 3.2_DEAD_STABILIZER_GATE: Tiene stabilizers pero ssc=0.2<1.5; el gate puede volverlos dato muerto. || 4.3_MODIFIER_MUSCLE_NAME: Modifier usa ""Pectoral Mayor"", fuera del catálogo/anatomía. || 4.3_MODIFIER_MUSCLE_NAME: Modifier usa ""Tríceps Braquial"", fuera del catálogo/anatomía. || 1.2_MULTIPLE_PRIMARY: Múltiples primarios: Pectorales, Tríceps. || 3.1_IQR_CNC: cnc=3.5 es outlier IQR para tipo=Accesorio, equipo=Barra (2.20–2.20). || 3.1_IQR_EFC: efc=3.2 es outlier IQR para tipo=Accesorio, equipo=Barra (2.80–2.80). || 3.1_IQR_SSC: ssc=0.2 es outlier IQR para tipo=Accesorio, equipo=Barra (0.50–0.50). || 3.1_IQR_TTC: ttc=2.4 es outlier IQR para tipo=Accesorio, equipo=Barra (2.00–2.00).",
34,ultimo_hex_press_mancuernas,Hex Press con Mancuernas,Aislamiento,Mancuerna,Empuje Horizontal,,2.2,2,0.1,1.8,Pectorales,Pectorales:primary:1: | Deltoides:secondary:0.5:anterior | Tríceps:secondary:0.5: | Antebrazo:stabilizer:0.4:,0,2,YELLOW,3.2_DEAD_STABILIZER_GATE | 3.1_IQR_TTC,"3.2_DEAD_STABILIZER_GATE: Tiene stabilizers pero ssc=0.1<1.5; el gate puede volverlos dato muerto. || 3.1_IQR_TTC: ttc=1.8 es outlier IQR para tipo=Aislamiento, equipo=Mancuerna (1.35–1.75).",
35,ultimo_cruces_polea_baja_ascendentes,Cruces en Polea Baja (Ascendentes),Aislamiento,Polea,Empuje Horizontal,,1.8,1.5,0,1.5,Pectorales,Pectorales:primary:1:superior | Deltoides:secondary:0.5:anterior | Core:stabilizer:0.4:,0,1,YELLOW,3.2_DEAD_STABILIZER_GATE,3.2_DEAD_STABILIZER_GATE: Tiene stabilizers pero ssc=0.0<1.5; el gate puede volverlos dato muerto.,
36,ultimo_press_banca_tabla,Press de Banca con Tabla (Board Press),Accesorio,Barra,Empuje Horizontal,vg_bench_press,3.8,3.8,0.3,2.4,Tríceps,Tríceps:primary:1: | Pectorales:primary:1: | Deltoides:secondary:0.5:anterior | Dorsales:stabilizer:0.4: | Core:stabilizer:0.4:,2,9,ORANGE,2.4_VARIANT_PRIMARY_DIVERGENCE | 3.2_DEAD_STABILIZER_GATE | 4.3_MODIFIER_MUSCLE_NAME | 4.3_MODIFIER_MUSCLE_NAME | 1.2_MULTIPLE_PRIMARY | 3.1_IQR_CNC | 3.1_IQR_EFC | 3.1_IQR_SSC | 3.1_IQR_TTC,"2.4_VARIANT_PRIMARY_DIVERGENCE: vg_bench_press contiene 2 conjuntos primary distintos. || 3.2_DEAD_STABILIZER_GATE: Tiene stabilizers pero ssc=0.3<1.5; el gate puede volverlos dato muerto. || 4.3_MODIFIER_MUSCLE_NAME: Modifier usa ""Pectoral Mayor"", fuera del catálogo/anatomía. || 4.3_MODIFIER_MUSCLE_NAME: Modifier usa ""Tríceps Braquial"", fuera del catálogo/anatomía. || 1.2_MULTIPLE_PRIMARY: Múltiples primarios: Tríceps, Pectorales. || 3.1_IQR_CNC: cnc=3.8 es outlier IQR para tipo=Accesorio, equipo=Barra (2.20–2.20). || 3.1_IQR_EFC: efc=3.8 es outlier IQR para tipo=Accesorio, equipo=Barra (2.80–2.80). || 3.1_IQR_SSC: ssc=0.3 es outlier IQR para tipo=Accesorio, equipo=Barra (0.50–0.50). || 3.1_IQR_TTC: ttc=2.4 es outlier IQR para tipo=Accesorio, equipo=Barra (2.00–2.00).",
37,ultimo_press_banca_suelo_puente,Press de Banca en Suelo (Floor Press),Accesorio,Barra,Empuje Horizontal,vg_bench_press,3.6,3.5,0.5,2.2,Pectorales,Pectorales:primary:1: | Tríceps:secondary:0.5: | Deltoides:secondary:0.5:anterior | Core:stabilizer:0.4: | Glúteo Mayor:stabilizer:0.4:mayor,2,8,ORANGE,1.4_NONCANONICAL_MUSCLE | 2.4_VARIANT_PRIMARY_DIVERGENCE | 3.2_DEAD_STABILIZER_GATE | 4.3_MODIFIER_MUSCLE_NAME | 4.3_MODIFIER_MUSCLE_NAME | 3.1_IQR_CNC | 3.1_IQR_EFC | 3.1_IQR_TTC,"1.4_NONCANONICAL_MUSCLE: ""Glúteo Mayor"" no pertenece a los 17 padres de ExerciseAnatomy.kt. || 2.4_VARIANT_PRIMARY_DIVERGENCE: vg_bench_press contiene 2 conjuntos primary distintos. || 3.2_DEAD_STABILIZER_GATE: Tiene stabilizers pero ssc=0.5<1.5; el gate puede volverlos dato muerto. || 4.3_MODIFIER_MUSCLE_NAME: Modifier usa ""Pectoral Mayor"", fuera del catálogo/anatomía. || 4.3_MODIFIER_MUSCLE_NAME: Modifier usa ""Tríceps Braquial"", fuera del catálogo/anatomía. || 3.1_IQR_CNC: cnc=3.5 es outlier IQR para tipo=Accesorio, equipo=Barra (2.20–2.20). || 3.1_IQR_EFC: efc=3.6 es outlier IQR para tipo=Accesorio, equipo=Barra (2.80–2.80). || 3.1_IQR_TTC: ttc=2.2 es outlier IQR para tipo=Accesorio, equipo=Barra (2.00–2.00).",
38,ultimo_press_larsen,Press Larsen,Accesorio,Barra,Empuje Horizontal,,3.5,3.8,0.1,2.5,Pectorales,Pectorales:primary:1: | Tríceps:secondary:0.5: | Deltoides:secondary:0.5:anterior,0,4,BLUE,3.1_IQR_CNC | 3.1_IQR_EFC | 3.1_IQR_SSC | 3.1_IQR_TTC,"3.1_IQR_CNC: cnc=3.8 es outlier IQR para tipo=Accesorio, equipo=Barra (2.20–2.20). || 3.1_IQR_EFC: efc=3.5 es outlier IQR para tipo=Accesorio, equipo=Barra (2.80–2.80). || 3.1_IQR_SSC: ssc=0.1 es outlier IQR para tipo=Accesorio, equipo=Barra (0.50–0.50). || 3.1_IQR_TTC: ttc=2.5 es outlier IQR para tipo=Accesorio, equipo=Barra (2.00–2.00).",
39,ultimo_flexiones_arqueras,Flexiones Arqueras,Accesorio,Peso Corporal,Empuje Horizontal,,2.8,2.5,0.1,2.2,Pectorales,Pectorales:primary:1: | Tríceps:secondary:0.5: | Deltoides:secondary:0.5:anterior | Core:stabilizer:0.4:,0,2,YELLOW,3.2_DEAD_STABILIZER_GATE | 3.1_IQR_SSC,"3.2_DEAD_STABILIZER_GATE: Tiene stabilizers pero ssc=0.1<1.5; el gate puede volverlos dato muerto. || 3.1_IQR_SSC: ssc=0.1 es outlier IQR para tipo=Accesorio, equipo=Peso Corporal (0.50–0.50).",
40,ultimo_press_svend_discos,Press Svend con Discos,Aislamiento,Disco,Empuje Horizontal,,1.8,1.5,0,1.2,Pectorales,Pectorales:primary:1: | Deltoides:secondary:0.5:anterior | Core:stabilizer:0.4:,0,3,YELLOW,3.2_DEAD_STABILIZER_GATE | 3.1_IQR_SSC | 3.1_IQR_TTC,"3.2_DEAD_STABILIZER_GATE: Tiene stabilizers pero ssc=0.0<1.5; el gate puede volverlos dato muerto. || 3.1_IQR_SSC: ssc=0.0 es outlier IQR para tipo=Aislamiento, equipo=Disco (0.01–0.51). || 3.1_IQR_TTC: ttc=1.2 es outlier IQR para tipo=Aislamiento, equipo=Disco (1.27–1.88).",
41,ultimo_cruces_polea_media,Cruces de Polea Media,Aislamiento,Polea,Empuje Horizontal,,1.8,1.5,0,1.5,Pectorales,Pectorales:primary:1: | Deltoides:secondary:0.5:anterior | Core:stabilizer:0.4:,0,1,YELLOW,3.2_DEAD_STABILIZER_GATE,3.2_DEAD_STABILIZER_GATE: Tiene stabilizers pero ssc=0.0<1.5; el gate puede volverlos dato muerto.,
42,ultimo_flexiones_diamante_pared,Flexiones Diamante en Pared,Aislamiento,Peso Corporal,Empuje Horizontal,,1.2,1,0,1,Tríceps,Tríceps:primary:1: | Pectorales:primary:1: | Deltoides:secondary:0.5:anterior | Core:stabilizer:0.4:,0,4,YELLOW,3.2_DEAD_STABILIZER_GATE | 1.2_MULTIPLE_PRIMARY | 3.1_IQR_EFC | 3.1_IQR_TTC,"3.2_DEAD_STABILIZER_GATE: Tiene stabilizers pero ssc=0.0<1.5; el gate puede volverlos dato muerto. || 1.2_MULTIPLE_PRIMARY: Múltiples primarios: Tríceps, Pectorales. || 3.1_IQR_EFC: efc=1.2 es outlier IQR para tipo=Aislamiento, equipo=Peso Corporal (1.25–3.25). || 3.1_IQR_TTC: ttc=1.0 es outlier IQR para tipo=Aislamiento, equipo=Peso Corporal (1.05–2.25).",
43,ultimo_rotacion_interna_polea,Rotación Interna de Hombro en Polea Baja,Aislamiento,Polea,Core,,1.2,1.5,0,1.2,Deltoides,Pectorales:primary:1:,0,2,BLUE,3.1_IQR_EFC | 3.1_IQR_TTC,"3.1_IQR_EFC: efc=1.2 es outlier IQR para tipo=Aislamiento, equipo=Polea (1.70–2.50). || 3.1_IQR_TTC: ttc=1.2 es outlier IQR para tipo=Aislamiento, equipo=Polea (1.35–1.75).",
44,ultimo_press_banca_deficit_mancuernas,Press de Banca con Mancuernas en Déficit,Accesorio,Mancuerna,Empuje Horizontal,vg_bench_press,3.5,3.2,0.2,2.8,Pectorales,Pectorales:primary:1: | Deltoides:secondary:0.5:anterior | Core:stabilizer:0.4:,2,8,ORANGE,2.4_VARIANT_PRIMARY_DIVERGENCE | 3.2_DEAD_STABILIZER_GATE | 4.3_MODIFIER_MUSCLE_NAME | 4.3_MODIFIER_MUSCLE_NAME | 3.1_IQR_CNC | 3.1_IQR_EFC | 3.1_IQR_SSC | 3.1_IQR_TTC,"2.4_VARIANT_PRIMARY_DIVERGENCE: vg_bench_press contiene 2 conjuntos primary distintos. || 3.2_DEAD_STABILIZER_GATE: Tiene stabilizers pero ssc=0.2<1.5; el gate puede volverlos dato muerto. || 4.3_MODIFIER_MUSCLE_NAME: Modifier usa ""Pectoral Mayor"", fuera del catálogo/anatomía. || 4.3_MODIFIER_MUSCLE_NAME: Modifier usa ""Tríceps Braquial"", fuera del catálogo/anatomía. || 3.1_IQR_CNC: cnc=3.2 es outlier IQR para tipo=Accesorio, equipo=Mancuerna (2.08–2.27). || 3.1_IQR_EFC: efc=3.5 es outlier IQR para tipo=Accesorio, equipo=Mancuerna (2.05–3.25). || 3.1_IQR_SSC: ssc=0.2 es outlier IQR para tipo=Accesorio, equipo=Mancuerna (0.50–0.50). || 3.1_IQR_TTC: ttc=2.8 es outlier IQR para tipo=Accesorio, equipo=Mancuerna (1.50–2.30).",
45,ultimo_press_pecho_convergente_excentrico,Press de Pecho en Máquina Convergente (Énfasis Excéntrico),Accesorio,Máquina,Empuje Horizontal,,2.8,2.2,0,2,Pectorales,Pectorales:primary:1: | Tríceps:secondary:0.5:,0,1,BLUE,3.1_IQR_SSC,"3.1_IQR_SSC: ssc=0.0 es outlier IQR para tipo=Accesorio, equipo=Máquina (0.25–0.65).",
46,ultimo_cruces_pecho_cuffs,Cruces de Pecho en Polea con Cuffs,Aislamiento,Polea,Empuje Horizontal,,1.8,1.4,0,1.8,Pectorales,Pectorales:primary:1: | Core:stabilizer:0.4:,0,2,YELLOW,3.2_DEAD_STABILIZER_GATE | 3.1_IQR_TTC,"3.2_DEAD_STABILIZER_GATE: Tiene stabilizers pero ssc=0.0<1.5; el gate puede volverlos dato muerto. || 3.1_IQR_TTC: ttc=1.8 es outlier IQR para tipo=Aislamiento, equipo=Polea (1.35–1.75).",
47,ultimo_aperturas_planas_cables,Aperturas Planas con Cables y Banco,Aislamiento,Polea,Empuje Horizontal,,1.8,1.5,0,2,Pectorales,Pectorales:primary:1: | Deltoides:secondary:0.5:anterior,0,1,BLUE,3.1_IQR_TTC,"3.1_IQR_TTC: ttc=2.0 es outlier IQR para tipo=Aislamiento, equipo=Polea (1.35–1.75).",
48,ultimo_press_banca_agarre_ancho,Press de Banca con Agarre Ancho,Accesorio,Barra,Empuje Horizontal,vg_bench_press,3.6,3.5,0.3,2.6,Pectorales,Pectorales:primary:1: | Deltoides:secondary:0.5:anterior | Dorsales:stabilizer:0.4: | Core:stabilizer:0.4:,2,8,ORANGE,2.4_VARIANT_PRIMARY_DIVERGENCE | 3.2_DEAD_STABILIZER_GATE | 4.3_MODIFIER_MUSCLE_NAME | 4.3_MODIFIER_MUSCLE_NAME | 3.1_IQR_CNC | 3.1_IQR_EFC | 3.1_IQR_SSC | 3.1_IQR_TTC,"2.4_VARIANT_PRIMARY_DIVERGENCE: vg_bench_press contiene 2 conjuntos primary distintos. || 3.2_DEAD_STABILIZER_GATE: Tiene stabilizers pero ssc=0.3<1.5; el gate puede volverlos dato muerto. || 4.3_MODIFIER_MUSCLE_NAME: Modifier usa ""Pectoral Mayor"", fuera del catálogo/anatomía. || 4.3_MODIFIER_MUSCLE_NAME: Modifier usa ""Tríceps Braquial"", fuera del catálogo/anatomía. || 3.1_IQR_CNC: cnc=3.5 es outlier IQR para tipo=Accesorio, equipo=Barra (2.20–2.20). || 3.1_IQR_EFC: efc=3.6 es outlier IQR para tipo=Accesorio, equipo=Barra (2.80–2.80). || 3.1_IQR_SSC: ssc=0.3 es outlier IQR para tipo=Accesorio, equipo=Barra (0.50–0.50). || 3.1_IQR_TTC: ttc=2.6 es outlier IQR para tipo=Accesorio, equipo=Barra (2.00–2.00).",
49,ultimo_flexiones_trx,Flexiones en TRX,Accesorio,TRX,Empuje Horizontal,,2.6,2.8,0.1,2,Pectorales,Pectorales:primary:1: | Tríceps:secondary:0.5: | Deltoides:secondary:0.5:anterior | Core:stabilizer:0.4:,0,1,YELLOW,3.2_DEAD_STABILIZER_GATE,3.2_DEAD_STABILIZER_GATE: Tiene stabilizers pero ssc=0.1<1.5; el gate puede volverlos dato muerto.,
50,nuevo_fondos_maquina_asistida,Fondos en Máquina Asistida,Accesorio,Máquina,Empuje Horizontal,,2.5,2,0.1,1.8,Pectorales,Pectorales:primary:1: | Tríceps:secondary:0.5: | Deltoides:secondary:0.5:anterior,0,1,BLUE,3.1_IQR_SSC,"3.1_IQR_SSC: ssc=0.1 es outlier IQR para tipo=Accesorio, equipo=Máquina (0.25–0.65).",
51,nuevo_cable_fly_inclinado,Cable Fly Inclinado,Aislamiento,Polea,Empuje Horizontal,,1.8,1.5,0,1.8,Pectorales,Pectorales:primary:1:superior | Deltoides:secondary:0.5:anterior,0,1,BLUE,3.1_IQR_TTC,"3.1_IQR_TTC: ttc=1.8 es outlier IQR para tipo=Aislamiento, equipo=Polea (1.35–1.75).",
52,nuevo_press_mancuerna_unilateral,Press de Banca con Mancuerna Unilateral,Accesorio,Mancuerna,Empuje Horizontal,vg_bench_press,3,2.8,0.2,2,Pectorales,Pectorales:primary:1: | Tríceps:secondary:0.5: | Deltoides:secondary:0.5:anterior | Core:stabilizer:0.4:,2,6,ORANGE,2.4_VARIANT_PRIMARY_DIVERGENCE | 3.2_DEAD_STABILIZER_GATE | 4.3_MODIFIER_MUSCLE_NAME | 4.3_MODIFIER_MUSCLE_NAME | 3.1_IQR_CNC | 3.1_IQR_SSC,"2.4_VARIANT_PRIMARY_DIVERGENCE: vg_bench_press contiene 2 conjuntos primary distintos. || 3.2_DEAD_STABILIZER_GATE: Tiene stabilizers pero ssc=0.2<1.5; el gate puede volverlos dato muerto. || 4.3_MODIFIER_MUSCLE_NAME: Modifier usa ""Pectoral Mayor"", fuera del catálogo/anatomía. || 4.3_MODIFIER_MUSCLE_NAME: Modifier usa ""Tríceps Braquial"", fuera del catálogo/anatomía. || 3.1_IQR_CNC: cnc=2.8 es outlier IQR para tipo=Accesorio, equipo=Mancuerna (2.08–2.27). || 3.1_IQR_SSC: ssc=0.2 es outlier IQR para tipo=Accesorio, equipo=Mancuerna (0.50–0.50).",
53,tren_superior_press_inclinado_maquina_convergente,Press Inclinado en Máquina Convergente,Básico,Máquina,Empuje Vertical,,2.2,1.8,0.1,1.5,,Pectorales:primary:1:clavicular | Deltoides:secondary:0.5:anterior | Tríceps:secondary:0.5:,0,2,RED,2.1_PATTERN_PRIMARY | 1.5_FREE_EMPHASIS,"2.1_PATTERN_PRIMARY: Empuje Vertical espera ['Deltoides'], pero primary=['Pectorales']. || 1.5_FREE_EMPHASIS: Emphasis libre ""clavicular"" en Pectorales.",
54,tren_superior_press_inclinado_smith,Press Inclinado en Smith,Básico,Máquina Smith,Empuje Vertical,,2.2,1.8,0.1,1.5,,Pectorales:primary:1:clavicular | Deltoides:secondary:0.5:anterior | Tríceps:secondary:0.5:,0,2,RED,2.1_PATTERN_PRIMARY | 1.5_FREE_EMPHASIS,"2.1_PATTERN_PRIMARY: Empuje Vertical espera ['Deltoides'], pero primary=['Pectorales']. || 1.5_FREE_EMPHASIS: Emphasis libre ""clavicular"" en Pectorales.",
55,nuevo_press_pines_barra,Press desde Pines con Barra (Pin Press),Accesorio,Barra,Empuje Horizontal,vg_bench_press,4.2,4.5,0.5,2.2,Pectorales,Pectorales:primary:1: | Deltoides:secondary:0.5:anterior | Tríceps:secondary:0.5: | Core:stabilizer:0.4:,2,7,ORANGE,2.4_VARIANT_PRIMARY_DIVERGENCE | 3.2_DEAD_STABILIZER_GATE | 4.3_MODIFIER_MUSCLE_NAME | 4.3_MODIFIER_MUSCLE_NAME | 3.1_IQR_CNC | 3.1_IQR_EFC | 3.1_IQR_TTC,"2.4_VARIANT_PRIMARY_DIVERGENCE: vg_bench_press contiene 2 conjuntos primary distintos. || 3.2_DEAD_STABILIZER_GATE: Tiene stabilizers pero ssc=0.5<1.5; el gate puede volverlos dato muerto. || 4.3_MODIFIER_MUSCLE_NAME: Modifier usa ""Pectoral Mayor"", fuera del catálogo/anatomía. || 4.3_MODIFIER_MUSCLE_NAME: Modifier usa ""Tríceps Braquial"", fuera del catálogo/anatomía. || 3.1_IQR_CNC: cnc=4.5 es outlier IQR para tipo=Accesorio, equipo=Barra (2.20–2.20). || 3.1_IQR_EFC: efc=4.2 es outlier IQR para tipo=Accesorio, equipo=Barra (2.80–2.80). || 3.1_IQR_TTC: ttc=2.2 es outlier IQR para tipo=Accesorio, equipo=Barra (2.00–2.00).",YES
56,nuevo_press_declinado_maquina_convergente,Press Declinado en Máquina Convergente,Aislamiento,Máquina,Empuje Horizontal,vg_chest_press,3.0,2.5,1.0,1.5,Pectorales,Pectorales:primary:1.0:inferior | Tríceps:secondary:0.5: | Deltoides:secondary:0.4:,0,1,BLUE,3.1_IQR_SSC,"3.1_IQR_SSC: ssc=1.0 es outlier IQR para tipo=Aislamiento, equipo=Máquina (-0.17–0.82).",
57,nuevo_press_inclinado_mancuernas_pronacion,Press Inclinado con Mancuernas con Rotación,Accesorio,Mancuerna,Empuje Horizontal,vg_chest_press,3.5,3.0,1.2,1.8,Pectorales,Pectorales:primary:1.0:superior | Deltoides:secondary:0.5: | Tríceps:secondary:0.4:,0,3,BLUE,3.1_IQR_CNC | 3.1_IQR_EFC | 3.1_IQR_SSC,"3.1_IQR_CNC: cnc=3.0 es outlier IQR para tipo=Accesorio, equipo=Mancuerna (2.08–2.27). || 3.1_IQR_EFC: efc=3.5 es outlier IQR para tipo=Accesorio, equipo=Mancuerna (2.05–3.25). || 3.1_IQR_SSC: ssc=1.2 es outlier IQR para tipo=Accesorio, equipo=Mancuerna (0.50–0.50).",
58,nuevo_press_pecho_pie_polea_doble,Press de Pecho de Pie en Polea Doble,Accesorio,Polea,Empuje Horizontal,vg_chest_cable,2.8,2.2,0.9,1.4,Pectorales,Pectorales:primary:1.0:medio | Tríceps:secondary:0.4: | Core:stabilizer:0.5:,0,7,ORANGE,1.1_ACTIVATION_ROLE | 3.2_DEAD_STABILIZER_GATE | 1.5_FREE_EMPHASIS | 3.1_IQR_CNC | 3.1_IQR_EFC | 3.1_IQR_SSC | 3.1_IQR_TTC,"1.1_ACTIVATION_ROLE: Core/stabilizer usa activation=0.5. || 3.2_DEAD_STABILIZER_GATE: Tiene stabilizers pero ssc=0.9<1.5; el gate puede volverlos dato muerto. || 1.5_FREE_EMPHASIS: Emphasis libre ""medio"" en Pectorales. || 3.1_IQR_CNC: cnc=2.2 es outlier IQR para tipo=Accesorio, equipo=Polea (2.00–2.00). || 3.1_IQR_EFC: efc=2.8 es outlier IQR para tipo=Accesorio, equipo=Polea (2.50–2.50). || 3.1_IQR_SSC: ssc=0.9 es outlier IQR para tipo=Accesorio, equipo=Polea (0.29–0.59). || 3.1_IQR_TTC: ttc=1.4 es outlier IQR para tipo=Accesorio, equipo=Polea (1.80–1.80).",
59,nuevo_press_banca_guillotina,Press de Banca en Guillotina (Gironda),Accesorio,Barra,Empuje Horizontal,vg_chest_press,4.0,3.8,1.5,2.2,Pectorales,Pectorales:primary:1.0:superior | Deltoides:secondary:0.5: | Tríceps:secondary:0.4:,0,4,BLUE,3.1_IQR_CNC | 3.1_IQR_EFC | 3.1_IQR_SSC | 3.1_IQR_TTC,"3.1_IQR_CNC: cnc=3.8 es outlier IQR para tipo=Accesorio, equipo=Barra (2.20–2.20). || 3.1_IQR_EFC: efc=4.0 es outlier IQR para tipo=Accesorio, equipo=Barra (2.80–2.80). || 3.1_IQR_SSC: ssc=1.5 es outlier IQR para tipo=Accesorio, equipo=Barra (0.50–0.50). || 3.1_IQR_TTC: ttc=2.2 es outlier IQR para tipo=Accesorio, equipo=Barra (2.00–2.00).",
60,nuevo_cruces_descendentes_polea_banco,Cruces Descendentes en Polea Alta con Banco,Aislamiento,Polea,Empuje Horizontal,vg_chest_cable,2.5,2.0,0.8,1.2,Pectorales,Pectorales:primary:1.0:inferior | Deltoides:stabilizer:0.3:,0,3,YELLOW,3.2_DEAD_STABILIZER_GATE | 3.1_IQR_SSC | 3.1_IQR_TTC,"3.2_DEAD_STABILIZER_GATE: Tiene stabilizers pero ssc=0.8<1.5; el gate puede volverlos dato muerto. || 3.1_IQR_SSC: ssc=0.8 es outlier IQR para tipo=Aislamiento, equipo=Polea (-0.05–0.35). || 3.1_IQR_TTC: ttc=1.2 es outlier IQR para tipo=Aislamiento, equipo=Polea (1.35–1.75).",
61,nuevo_fondos_barra_recta,Fondos de Pecho en Barra Recta,Básico,Peso Corporal,Empuje Vertical Descenso,vg_dips,4.2,4.0,1.6,2.3,Pectorales,Pectorales:primary:1.0:inferior | Tríceps:secondary:0.6: | Core:stabilizer:0.5:,0,1,ORANGE,1.1_ACTIVATION_ROLE,1.1_ACTIVATION_ROLE: Core/stabilizer usa activation=0.5.,
62,nuevo_flexiones_deslizadores,Flexiones con Deslizadores (Slide Fly Push-ups),Accesorio,Peso Corporal,Empuje Horizontal,vg_pushups,3.2,3.0,1.1,1.6,Pectorales,Pectorales:primary:1.0:medio | Tríceps:secondary:0.5: | Core:stabilizer:0.5:,0,7,ORANGE,1.1_ACTIVATION_ROLE | 3.2_DEAD_STABILIZER_GATE | 1.5_FREE_EMPHASIS | 3.1_IQR_CNC | 3.1_IQR_EFC | 3.1_IQR_SSC | 3.1_IQR_TTC,"1.1_ACTIVATION_ROLE: Core/stabilizer usa activation=0.5. || 3.2_DEAD_STABILIZER_GATE: Tiene stabilizers pero ssc=1.1<1.5; el gate puede volverlos dato muerto. || 1.5_FREE_EMPHASIS: Emphasis libre ""medio"" en Pectorales. || 3.1_IQR_CNC: cnc=3.0 es outlier IQR para tipo=Accesorio, equipo=Peso Corporal (1.98–2.57). || 3.1_IQR_EFC: efc=3.2 es outlier IQR para tipo=Accesorio, equipo=Peso Corporal (2.80–2.80). || 3.1_IQR_SSC: ssc=1.1 es outlier IQR para tipo=Accesorio, equipo=Peso Corporal (0.50–0.50). || 3.1_IQR_TTC: ttc=1.6 es outlier IQR para tipo=Accesorio, equipo=Peso Corporal (1.63–2.22).",
63,nuevo_press_inclinado_unilateral_smith,Press Inclinado Guiado a Un Brazo,Accesorio,Máquina Smith,Empuje Horizontal,vg_chest_press,3.0,2.6,1.0,1.5,Pectorales,Pectorales:primary:1.0:superior | Deltoides:secondary:0.4: | Tríceps:secondary:0.4:,0,4,BLUE,3.1_IQR_CNC | 3.1_IQR_EFC | 3.1_IQR_SSC | 3.1_IQR_TTC,"3.1_IQR_CNC: cnc=2.6 es outlier IQR para tipo=Accesorio, equipo=Máquina Smith (2.20–2.20). || 3.1_IQR_EFC: efc=3.0 es outlier IQR para tipo=Accesorio, equipo=Máquina Smith (2.80–2.80). || 3.1_IQR_SSC: ssc=1.0 es outlier IQR para tipo=Accesorio, equipo=Máquina Smith (0.50–0.50). || 3.1_IQR_TTC: ttc=1.5 es outlier IQR para tipo=Accesorio, equipo=Máquina Smith (2.00–2.00).",
64,nuevo_flexiones_spiderman,Flexiones Spiderman,Accesorio,Peso Corporal,Empuje Horizontal,vg_pushups,3.5,3.2,1.2,1.8,Pectorales,Pectorales:primary:1.0: | Core:secondary:0.7: | Tríceps:secondary:0.4:,0,3,BLUE,3.1_IQR_CNC | 3.1_IQR_EFC | 3.1_IQR_SSC,"3.1_IQR_CNC: cnc=3.2 es outlier IQR para tipo=Accesorio, equipo=Peso Corporal (1.98–2.57). || 3.1_IQR_EFC: efc=3.5 es outlier IQR para tipo=Accesorio, equipo=Peso Corporal (2.80–2.80). || 3.1_IQR_SSC: ssc=1.2 es outlier IQR para tipo=Accesorio, equipo=Peso Corporal (0.50–0.50).",
65,triceps_rompecraneos_barra_recta,Rompecráneos con Barra Recta,Aislamiento,Barra,Extensión Codo,,2.2,1.8,0.2,1.6,Tríceps,Tríceps:primary:1:,0,0,,,,
66,triceps_rompecraneos_barra_ez,Rompecráneos con Barra EZ,Aislamiento,Barra EZ,Extensión Codo,,2.2,1.8,0.2,1.6,Tríceps,Tríceps:primary:1:,0,0,,,,
67,triceps_rompecraneos_barra_neutra,Rompecráneos con Barra de Agarre Neutro,Aislamiento,Barra de Agarre Neutro,Extensión Codo,,2.2,1.8,0.2,1.6,Tríceps,Tríceps:primary:1:,0,0,,,,
68,triceps_rompecraneos_mancuernas,Rompecráneos con Mancuernas,Aislamiento,Mancuerna,Extensión Codo,,2.2,1.8,0.2,1.6,Tríceps,Tríceps:primary:1:,0,0,,,,
69,triceps_rompecraneos_kettlebell,Rompecráneos con Kettlebell,Aislamiento,Kettlebell,Extensión Codo,,2.2,1.8,0.2,1.6,Tríceps,Tríceps:primary:1:,0,0,,,,YES
70,triceps_rompecraneos_polea,Rompecráneos en Polea,Aislamiento,Polea,Extensión Codo,,2.2,1.8,0.2,1.6,Tríceps,Tríceps:primary:1:,0,0,,,,
71,triceps_rompecraneos_polea_unilateral,Rompecráneos en Polea Unilateral,Aislamiento,Polea,Extensión Codo,,2.2,1.8,0.2,1.6,Tríceps,Tríceps:primary:1:,0,0,,,,
72,triceps_rompecraneos_banda,Rompecráneos en Banda Elástica,Aislamiento,Banda Elástica,Extensión Codo,,2.2,1.8,0.2,1.6,Tríceps,Tríceps:primary:1:,0,0,,,,
73,triceps_rompecraneos_declinado_barra_ez,Rompecráneos Declinado con Barra EZ,Aislamiento,Barra EZ,Extensión Codo,,2.2,1.8,0.2,1.6,Tríceps,Tríceps:primary:1:,0,0,,,,
74,triceps_rompecraneos_declinado_mancuernas,Rompecráneos Declinado con Mancuernas,Aislamiento,Mancuerna,Extensión Codo,,2.2,1.8,0.2,1.6,Tríceps,Tríceps:primary:1:,0,0,,,,
75,triceps_rompecraneos_suelo_barra_ez,Rompecráneos en el Suelo con Barra EZ,Aislamiento,Barra EZ,Extensión Codo,,2.2,1.8,0.2,1.6,Tríceps,Tríceps:primary:1:,0,0,,,,YES
76,triceps_rompecraneos_suelo_mancuernas,Rompecráneos en el Suelo con Mancuernas,Aislamiento,Mancuerna,Extensión Codo,,2.2,1.8,0.2,1.6,Tríceps,Tríceps:primary:1:,0,0,,,,
77,triceps_press_frances_barra_recta,Press Francés con Barra Recta,Aislamiento,Barra,Extensión Codo,,2.2,1.8,0.2,1.6,Tríceps,Tríceps:primary:1:,0,0,,,,
78,triceps_press_frances_barra_ez,Press Francés con Barra EZ,Aislamiento,Barra EZ,Extensión Codo,,2.2,1.8,0.2,1.6,Tríceps,Tríceps:primary:1:,0,0,,,,
79,triceps_press_frances_barra_neutra,Press Francés con Barra de Agarre Neutro,Aislamiento,Barra de Agarre Neutro,Extensión Codo,,2.2,1.8,0.2,1.6,Tríceps,Tríceps:primary:1:,0,0,,,,
80,triceps_press_frances_mancuernas,Press Francés con Mancuernas,Aislamiento,Mancuerna,Extensión Codo,,2.2,1.8,0.2,1.6,Tríceps,Tríceps:primary:1:,0,0,,,,
81,triceps_press_frances_kettlebell,Press Francés con Kettlebell,Aislamiento,Kettlebell,Extensión Codo,,2.2,1.8,0.2,1.6,Tríceps,Tríceps:primary:1:,0,0,,,,
82,triceps_press_frances_polea,Press Francés en Polea,Aislamiento,Polea,Extensión Codo,,2.2,1.8,0.2,1.6,Tríceps,Tríceps:primary:1:,0,0,,,,
83,triceps_press_frances_polea_unilateral,Press Francés en Polea Unilateral,Aislamiento,Polea,Extensión Codo,,2.2,1.8,0.2,1.6,Tríceps,Tríceps:primary:1:,0,0,,,,YES
84,triceps_press_frances_banda,Press Francés en Banda Elástica,Aislamiento,Banda Elástica,Extensión Codo,,2.2,1.8,0.2,1.6,Tríceps,Tríceps:primary:1:,0,0,,,,
85,triceps_press_frances_declinado_barra_ez,Press Francés Declinado con Barra EZ,Aislamiento,Barra EZ,Extensión Codo,,2.2,1.8,0.2,1.6,Tríceps,Tríceps:primary:1:,0,0,,,,
86,triceps_press_frances_declinado_mancuernas,Press Francés Declinado con Mancuernas,Aislamiento,Mancuerna,Extensión Codo,,2.2,1.8,0.2,1.6,Tríceps,Tríceps:primary:1:,0,0,,,,
87,triceps_press_frances_suelo_barra_ez,Press Francés en el Suelo con Barra EZ,Aislamiento,Barra EZ,Extensión Codo,,2.2,1.8,0.2,1.6,Tríceps,Tríceps:primary:1:,0,0,,,,
88,triceps_press_frances_suelo_mancuernas,Press Francés en el Suelo con Mancuernas,Aislamiento,Mancuerna,Extensión Codo,,2.2,1.8,0.2,1.6,Tríceps,Tríceps:primary:1:,0,0,,,,
89,triceps_overhead_barra_recta,Extensión de Tríceps Overhead con Barra Recta,Aislamiento,Barra,Extensión Codo,,2.2,1.8,0.2,1.6,Tríceps,Tríceps:primary:1:larga,0,0,,,,
90,triceps_overhead_barra_ez,Extensión de Tríceps Overhead con Barra EZ,Aislamiento,Barra EZ,Extensión Codo,,2.2,1.8,0.2,1.6,Tríceps,Tríceps:primary:1:larga,0,0,,,,
91,triceps_overhead_barra_neutra,Extensión de Tríceps Overhead con Barra de Agarre Neutro,Aislamiento,Barra de Agarre Neutro,Extensión Codo,,2.2,1.8,0.2,1.6,Tríceps,Tríceps:primary:1:larga,0,0,,,,
92,triceps_overhead_mancuerna,Extensión de Tríceps Overhead con Mancuerna,Aislamiento,Mancuerna,Extensión Codo,,2.2,1.8,0.2,1.6,Tríceps,Tríceps:primary:1:larga,0,0,,,,
93,triceps_overhead_kettlebell,Extensión de Tríceps Overhead con Kettlebell,Aislamiento,Kettlebell,Extensión Codo,,2.2,1.8,0.2,1.6,Tríceps,Tríceps:primary:1:larga,0,0,,,,YES
94,triceps_overhead_polea,Extensión de Tríceps Overhead en Polea,Aislamiento,Polea,Extensión Codo,,2.2,1.8,0.2,1.6,Tríceps,Tríceps:primary:1:larga,0,0,,,,YES
95,triceps_overhead_polea_unilateral,Extensión de Tríceps Overhead en Polea Unilateral,Aislamiento,Polea,Extensión Codo,,2.2,1.8,0.2,1.6,Tríceps,Tríceps:primary:1:larga,0,0,,,,
96,triceps_overhead_banda,Extensión de Tríceps Overhead en Banda Elástica,Aislamiento,Banda Elástica,Extensión Codo,,2.2,1.8,0.2,1.6,Tríceps,Tríceps:primary:1:larga,0,0,,,,
97,triceps_overhead_disco,Extensión de Tríceps Overhead con Disco,Aislamiento,Disco,Extensión Codo,,2.2,1.8,0.2,1.6,Tríceps,Tríceps:primary:1:larga,0,0,,,,
98,triceps_patada_mancuerna,Patada de Tríceps con Mancuerna,Aislamiento,Mancuerna,Extensión Codo,,2.2,1.8,0.2,1.6,Tríceps,Tríceps:primary:1:lateral,0,0,,,,
99,triceps_patada_polea,Patada de Tríceps en Polea,Aislamiento,Polea,Extensión Codo,,2.2,1.8,0.2,1.6,Tríceps,Tríceps:primary:1:lateral,0,0,,,,
100,triceps_patada_polea_unilateral,Patada de Tríceps en Polea Unilateral,Aislamiento,Polea,Extensión Codo,,2.2,1.8,0.2,1.6,Tríceps,Tríceps:primary:1:lateral,0,0,,,,YES
101,triceps_patada_kettlebell,Patada de Tríceps con Kettlebell,Aislamiento,Kettlebell,Extensión Codo,,2.2,1.8,0.2,1.6,Tríceps,Tríceps:primary:1:lateral,0,0,,,,
102,triceps_patada_banda,Patada de Tríceps en Banda Elástica,Aislamiento,Banda Elástica,Extensión Codo,,2.2,1.8,0.2,1.6,Tríceps,Tríceps:primary:1:lateral,0,0,,,,
103,triceps_pushdown_polea,Extensión de Tríceps en Polea Alta,Aislamiento,Polea,Extensión Codo,,2.2,1.8,0.2,1.6,Tríceps,Tríceps:primary:1:,0,0,,,,
104,triceps_pushdown_polea_unilateral,Extensión de Tríceps en Polea Alta Unilateral,Aislamiento,Polea,Extensión Codo,,2.2,1.8,0.2,1.6,Tríceps,Tríceps:primary:1:,0,0,,,,
105,triceps_pushdown_banda,Extensión de Tríceps en Banda Elástica,Aislamiento,Banda Elástica,Extensión Codo,,2.2,1.8,0.2,1.6,Tríceps,Tríceps:primary:1:,0,0,,,,
106,triceps_jm_press_barra_recta,JM Press con Barra Recta,Aislamiento,Barra,Extensión Codo,,2.2,1.8,0.2,1.6,Tríceps,Tríceps:primary:1: | Pectorales:secondary:0.5: | Deltoides:secondary:0.5:,0,0,,,,
107,triceps_jm_press_barra_ez,JM Press con Barra EZ,Aislamiento,Barra EZ,Extensión Codo,,2.2,1.8,0.2,1.6,Tríceps,Tríceps:primary:1: | Pectorales:secondary:0.5: | Deltoides:secondary:0.5:,0,0,,,,
108,triceps_jm_press_barra_neutra,JM Press con Barra de Agarre Neutro,Aislamiento,Barra de Agarre Neutro,Extensión Codo,,2.2,1.8,0.2,1.6,Tríceps,Tríceps:primary:1: | Pectorales:secondary:0.5: | Deltoides:secondary:0.5:,0,0,,,,
109,triceps_jm_press_mancuernas,JM Press con Mancuernas,Aislamiento,Mancuerna,Extensión Codo,,2.2,1.8,0.2,1.6,Tríceps,Tríceps:primary:1: | Pectorales:secondary:0.5: | Deltoides:secondary:0.5:,0,0,,,,
110,triceps_jm_press_kettlebell,JM Press con Kettlebell,Aislamiento,Kettlebell,Extensión Codo,,2.2,1.8,0.2,1.6,Tríceps,Tríceps:primary:1: | Pectorales:secondary:0.5: | Deltoides:secondary:0.5:,0,0,,,,
111,triceps_jm_press_smith,JM Press en Máquina Smith,Aislamiento,Máquina Smith,Extensión Codo,,2.2,1.8,0.2,1.6,Tríceps,Tríceps:primary:1: | Pectorales:secondary:0.5:,0,0,,,,
112,triceps_jm_press_polea,JM Press en Polea,Aislamiento,Polea,Extensión Codo,,2.2,1.8,0.2,1.6,Tríceps,Tríceps:primary:1: | Pectorales:secondary:0.5:,0,0,,,,YES
113,triceps_jm_press_banda,JM Press en Banda Elástica,Aislamiento,Banda Elástica,Extensión Codo,,2.2,1.8,0.2,1.6,Tríceps,Tríceps:primary:1: | Pectorales:secondary:0.5:,0,0,,,,
114,triceps_tate_press_mancuernas,Tate Press con Mancuernas,Aislamiento,Mancuerna,Extensión Codo,,2.2,1.8,0.2,1.6,Tríceps,Tríceps:primary:1:medial,0,0,,,,
115,triceps_tate_press_kettlebell,Tate Press con Kettlebell,Aislamiento,Kettlebell,Extensión Codo,,2.2,1.8,0.2,1.6,Tríceps,Tríceps:primary:1:medial,0,0,,,,
116,triceps_tate_press_barra_ez,Tate Press con Barra EZ,Aislamiento,Barra EZ,Extensión Codo,,2.2,1.8,0.2,1.6,Tríceps,Tríceps:primary:1:medial,0,0,,,,
117,triceps_tate_press_polea,Tate Press en Polea,Aislamiento,Polea,Extensión Codo,,2.2,1.8,0.2,1.6,Tríceps,Tríceps:primary:1:medial,0,0,,,,
118,triceps_tate_press_polea_unilateral,Tate Press en Polea Unilateral,Aislamiento,Polea,Extensión Codo,,2.2,1.8,0.2,1.6,Tríceps,Tríceps:primary:1:medial,0,0,,,,
119,triceps_tate_press_banda,Tate Press en Banda Elástica,Aislamiento,Banda Elástica,Extensión Codo,,2.2,1.8,0.2,1.6,Tríceps,Tríceps:primary:1:medial,0,0,,,,
120,triceps_katana_polea,Extensiones Katana en Polea,Aislamiento,Polea,Extensión Codo,,2.2,1.8,0.2,1.6,Tríceps,Tríceps:primary:1:larga,0,0,,,,
121,triceps_katana_polea_unilateral,Extensiones Katana en Polea Unilateral,Aislamiento,Polea,Extensión Codo,,2.2,1.8,0.2,1.6,Tríceps,Tríceps:primary:1:larga,0,0,,,,
122,triceps_katana_mancuerna,Extensiones Katana con Mancuerna,Aislamiento,Mancuerna,Extensión Codo,,2.2,1.8,0.2,1.6,Tríceps,Tríceps:primary:1:larga,0,0,,,,
123,triceps_katana_kettlebell,Extensiones Katana con Kettlebell,Aislamiento,Kettlebell,Extensión Codo,,2.2,1.8,0.2,1.6,Tríceps,Tríceps:primary:1:larga,0,0,,,,
124,triceps_katana_banda,Extensiones Katana en Banda Elástica,Aislamiento,Banda Elástica,Extensión Codo,,2.2,1.8,0.2,1.6,Tríceps,Tríceps:primary:1:larga,0,0,,,,
125,triceps_crossbody_polea,Extensión de Tríceps Cruzada en Polea,Aislamiento,Polea,Extensión Codo,,2.2,1.8,0.2,1.6,Tríceps,Tríceps:primary:1:lateral,0,0,,,,
126,triceps_crossbody_polea_unilateral,Extensión de Tríceps Cruzada en Polea Unilateral,Aislamiento,Polea,Extensión Codo,,2.2,1.8,0.2,1.6,Tríceps,Tríceps:primary:1:lateral,0,0,,,,YES
127,triceps_crossbody_mancuerna,Extensión de Tríceps Cruzada con Mancuerna,Aislamiento,Mancuerna,Extensión Codo,,2.2,1.8,0.2,1.6,Tríceps,Tríceps:primary:1:lateral,0,0,,,,
128,triceps_crossbody_kettlebell,Extensión de Tríceps Cruzada con Kettlebell,Aislamiento,Kettlebell,Extensión Codo,,2.2,1.8,0.2,1.6,Tríceps,Tríceps:primary:1:lateral,0,0,,,,
129,triceps_crossbody_banda,Extensión de Tríceps Cruzada en Banda Elástica,Aislamiento,Banda Elástica,Extensión Codo,,2.2,1.8,0.2,1.6,Tríceps,Tríceps:primary:1:lateral,0,0,,,,YES
130,triceps_press_california_barra_recta,Press California con Barra Recta,Aislamiento,Barra,Extensión Codo,,2.2,1.8,0.2,1.6,Tríceps,Tríceps:primary:1: | Pectorales:secondary:0.5:,0,0,,,,YES
131,triceps_press_california_barra_ez,Press California con Barra EZ,Aislamiento,Barra EZ,Extensión Codo,,2.2,1.8,0.2,1.6,Tríceps,Tríceps:primary:1: | Pectorales:secondary:0.5:,0,0,,,,
132,triceps_press_california_mancuernas,Press California con Mancuernas,Aislamiento,Mancuerna,Extensión Codo,,2.2,1.8,0.2,1.6,Tríceps,Tríceps:primary:1: | Pectorales:secondary:0.5:,0,0,,,,
133,triceps_extension_pjr_mancuerna,Extensión PJR con Mancuerna,Aislamiento,Mancuerna,Extensión Codo,,2.2,1.8,0.2,1.6,Tríceps,Tríceps:primary:1: | Dorsales:secondary:0.5:,0,0,,,,
134,triceps_extension_pjr_kettlebell,Extensión PJR con Kettlebell,Aislamiento,Kettlebell,Extensión Codo,,2.2,1.8,0.2,1.6,Tríceps,Tríceps:primary:1: | Dorsales:secondary:0.5:,0,0,,,,
135,triceps_rolling_extension_mancuernas,Rolling Triceps Extensions con Mancuernas,Aislamiento,Mancuerna,Extensión Codo,,2.2,1.8,0.2,1.6,Tríceps,Tríceps:primary:1:,0,0,,,,
136,triceps_rolling_extension_barra_ez,Rolling Triceps Extensions con Barra EZ,Aislamiento,Barra EZ,Extensión Codo,,2.2,1.8,0.2,1.6,Tríceps,Tríceps:primary:1:,0,0,,,,
137,triceps_extension_trx,Extensiones de Tríceps en TRX,Aislamiento,TRX,Extensión Codo,,2.2,1.8,0.2,1.6,Tríceps,Tríceps:primary:1: | Deltoides:secondary:0.5:,0,0,,,,YES
138,triceps_extension_maquina,Extensión de Tríceps en Máquina,Aislamiento,Máquina,Extensión Codo,,2.2,1.8,0.2,1.6,Tríceps,Tríceps:primary:1:,0,0,,,,YES
139,triceps_overhead_maquina,Extensión de Tríceps Overhead en Máquina,Aislamiento,Máquina,Extensión Codo,,2.2,1.8,0.2,1.6,Tríceps,Tríceps:primary:1:larga,0,0,,,,
140,triceps_press_maquina,Press de Tríceps en Máquina,Aislamiento,Máquina,Extensión Codo,,2.2,1.8,0.2,1.6,Tríceps,Tríceps:primary:1:Pectorales,0,1,BLUE,1.5_FREE_EMPHASIS,"1.5_FREE_EMPHASIS: Emphasis libre ""Pectorales"" en Tríceps.",
141,triceps_flexiones_esfinge,Extensiones de Tríceps en Suelo (Flexiones Esfinge / Sphinx Push-Up),Aislamiento,Peso Corporal,Extensión Codo,,2.2,1.8,0.2,1.6,Tríceps,Tríceps:primary:1:,0,0,,,,
142,triceps_extension_barra_fija,Extensiones de Tríceps en Barra Fija,Aislamiento,Peso Corporal,Extensión Codo,,2.2,1.8,0.2,1.6,Tríceps,Tríceps:primary:1:,0,0,,,,
143,triceps_fondos_entre_bancos,Fondos Entre Bancos (Bench Dips),Aislamiento,Peso Corporal,Extensión Codo,,2.2,1.8,0.2,1.6,Tríceps,"Tríceps:primary:1:Pectorales, Deltoides",0,1,BLUE,1.5_FREE_EMPHASIS,"1.5_FREE_EMPHASIS: Emphasis libre ""Pectorales, Deltoides"" en Tríceps.",
144,triceps_rompecraneos_inclinado_barra_ez,Rompecráneos Inclinado con Barra EZ,Aislamiento,Barra EZ,Extensión Codo,,2.2,1.8,0.2,1.6,Tríceps,Tríceps:primary:1:,0,0,,,,
145,triceps_rompecraneos_inclinado_mancuernas,Rompecráneos Inclinado con Mancuernas,Aislamiento,Mancuerna,Extensión Codo,,2.2,1.8,0.2,1.6,Tríceps,Tríceps:primary:1:,0,0,,,,
146,triceps_press_frances_inclinado_barra_ez,Press Francés Inclinado con Barra EZ,Aislamiento,Barra EZ,Extensión Codo,,2.2,1.8,0.2,1.6,Tríceps,Tríceps:primary:1:,0,0,,,,
147,triceps_press_frances_inclinado_mancuernas,Press Francés Inclinado con Mancuernas,Aislamiento,Mancuerna,Extensión Codo,,2.2,1.8,0.2,1.6,Tríceps,Tríceps:primary:1:,0,0,,,,
148,triceps_tate_press_barra_recta,Tate Press con Barra Recta,Aislamiento,Barra,Extensión Codo,,2.2,1.8,0.2,1.6,Tríceps,Tríceps:primary:1:,0,0,,,,YES
149,triceps_tate_press_inclinado_mancuernas,Tate Press Inclinado con Mancuernas,Aislamiento,Mancuerna,Extensión Codo,,2.2,1.8,0.2,1.6,Tríceps,Tríceps:primary:1:,0,0,,,,
150,triceps_jm_press_suelo_barra_ez,JM Press en el Suelo con Barra EZ (Floor JM Press),Aislamiento,Barra EZ,Extensión Codo,,2.2,1.8,0.2,1.6,Tríceps,Tríceps:primary:1:Pectorales,0,1,BLUE,1.5_FREE_EMPHASIS,"1.5_FREE_EMPHASIS: Emphasis libre ""Pectorales"" en Tríceps.",
151,triceps_jm_press_suelo_mancuernas,JM Press en el Suelo con Mancuernas,Aislamiento,Mancuerna,Extensión Codo,,2.2,1.8,0.2,1.6,Tríceps,Tríceps:primary:1:Pectorales,0,1,BLUE,1.5_FREE_EMPHASIS,"1.5_FREE_EMPHASIS: Emphasis libre ""Pectorales"" en Tríceps.",YES
152,triceps_katana_barra_ez,Extensiones Katana con Barra EZ,Aislamiento,Barra EZ,Extensión Codo,,2.2,1.8,0.2,1.6,Tríceps,Tríceps:primary:1:larga,0,0,,,,
153,triceps_extension_pjr_barra_ez,Extensión PJR con Barra EZ,Aislamiento,Barra EZ,Extensión Codo,,2.2,1.8,0.2,1.6,Tríceps,Tríceps:primary:1:Dorsales,0,1,BLUE,1.5_FREE_EMPHASIS,"1.5_FREE_EMPHASIS: Emphasis libre ""Dorsales"" en Tríceps.",
154,back_remo_barra_recta_ancho,Remo con Barra Recta (Agarre Ancho),Accesorio,Barra,Tirón Horizontal,,2.5,2.0,0.4,1.8,Espalda Alta,Trapecio:primary:1.0:medio/superior | Dorsales:primary:0.8:superior | Deltoides:secondary:0.6:posterior | Bíceps:secondary:0.5:sinergista | Erectores Espinales:secondary:0.5:,0,7,BLUE,1.2_MULTIPLE_PRIMARY | 1.5_FREE_EMPHASIS | 1.5_FREE_EMPHASIS | 3.1_IQR_CNC | 3.1_IQR_EFC | 3.1_IQR_SSC | 3.1_IQR_TTC,"1.2_MULTIPLE_PRIMARY: Múltiples primarios: Trapecio, Dorsales. || 1.5_FREE_EMPHASIS: Emphasis ""superior"" en un padre sin cabezas declaradas (Dorsales). || 1.5_FREE_EMPHASIS: Emphasis libre ""sinergista"" en Bíceps. || 3.1_IQR_CNC: cnc=2.0 es outlier IQR para tipo=Accesorio, equipo=Barra (2.20–2.20). || 3.1_IQR_EFC: efc=2.5 es outlier IQR para tipo=Accesorio, equipo=Barra (2.80–2.80). || 3.1_IQR_SSC: ssc=0.4 es outlier IQR para tipo=Accesorio, equipo=Barra (0.50–0.50). || 3.1_IQR_TTC: ttc=1.8 es outlier IQR para tipo=Accesorio, equipo=Barra (2.00–2.00).",
155,back_remo_barra_recta_cerrado,Remo con Barra Recta (Agarre Cerrado),Accesorio,Barra,Tirón Horizontal,,2.5,2.0,0.4,1.8,Dorsal Inferior,Dorsales:primary:1.0:dorsal medio/inferior | Trapecio:secondary:0.7:medio/romboides | Deltoides:secondary:0.5:posterior | Bíceps:secondary:0.5:sinergista | Erectores Espinales:secondary:0.6:,0,6,BLUE,1.5_FREE_EMPHASIS | 1.5_FREE_EMPHASIS | 3.1_IQR_CNC | 3.1_IQR_EFC | 3.1_IQR_SSC | 3.1_IQR_TTC,"1.5_FREE_EMPHASIS: Emphasis ""dorsal medio/inferior"" en un padre sin cabezas declaradas (Dorsales). || 1.5_FREE_EMPHASIS: Emphasis libre ""sinergista"" en Bíceps. || 3.1_IQR_CNC: cnc=2.0 es outlier IQR para tipo=Accesorio, equipo=Barra (2.20–2.20). || 3.1_IQR_EFC: efc=2.5 es outlier IQR para tipo=Accesorio, equipo=Barra (2.80–2.80). || 3.1_IQR_SSC: ssc=0.4 es outlier IQR para tipo=Accesorio, equipo=Barra (0.50–0.50). || 3.1_IQR_TTC: ttc=1.8 es outlier IQR para tipo=Accesorio, equipo=Barra (2.00–2.00).",
156,back_remo_pendlay_barra_recta,Remo Pendlay con Barra Recta,Accesorio,Barra,Tirón Horizontal,,2.5,2.0,0.4,1.8,Densidad Espalda,Dorsales:primary:1.0:dorsal medio/inferior | Trapecio:secondary:0.7:medio/romboides | Deltoides:secondary:0.5:posterior | Bíceps:secondary:0.5:sinergista | Erectores Espinales:secondary:0.6:,0,6,BLUE,1.5_FREE_EMPHASIS | 1.5_FREE_EMPHASIS | 3.1_IQR_CNC | 3.1_IQR_EFC | 3.1_IQR_SSC | 3.1_IQR_TTC,"1.5_FREE_EMPHASIS: Emphasis ""dorsal medio/inferior"" en un padre sin cabezas declaradas (Dorsales). || 1.5_FREE_EMPHASIS: Emphasis libre ""sinergista"" en Bíceps. || 3.1_IQR_CNC: cnc=2.0 es outlier IQR para tipo=Accesorio, equipo=Barra (2.20–2.20). || 3.1_IQR_EFC: efc=2.5 es outlier IQR para tipo=Accesorio, equipo=Barra (2.80–2.80). || 3.1_IQR_SSC: ssc=0.4 es outlier IQR para tipo=Accesorio, equipo=Barra (0.50–0.50). || 3.1_IQR_TTC: ttc=1.8 es outlier IQR para tipo=Accesorio, equipo=Barra (2.00–2.00).",
157,back_remo_barra_ez,Remo con Barra EZ,Accesorio,Barra EZ,Tirón Horizontal,,2.5,2.0,0.4,1.8,Dorsales,Dorsales:primary:1.0:dorsal medio/inferior | Trapecio:secondary:0.7:medio/romboides | Deltoides:secondary:0.5:posterior | Bíceps:secondary:0.5:sinergista | Erectores Espinales:secondary:0.6:,0,2,BLUE,1.5_FREE_EMPHASIS | 1.5_FREE_EMPHASIS,"1.5_FREE_EMPHASIS: Emphasis ""dorsal medio/inferior"" en un padre sin cabezas declaradas (Dorsales). || 1.5_FREE_EMPHASIS: Emphasis libre ""sinergista"" en Bíceps.",YES
158,back_remo_barra_neutra,Remo con Barra de Agarre Neutro,Accesorio,Barra de Agarre Neutro,Tirón Horizontal,,2.5,2.0,0.4,1.8,Dorsales,Dorsales:primary:1.0:dorsal medio/inferior | Trapecio:secondary:0.7:medio/romboides | Deltoides:secondary:0.5:posterior | Bíceps:secondary:0.5:sinergista | Erectores Espinales:secondary:0.6:,0,2,BLUE,1.5_FREE_EMPHASIS | 1.5_FREE_EMPHASIS,"1.5_FREE_EMPHASIS: Emphasis ""dorsal medio/inferior"" en un padre sin cabezas declaradas (Dorsales). || 1.5_FREE_EMPHASIS: Emphasis libre ""sinergista"" en Bíceps.",YES
159,back_remo_mancuerna,Remo con Mancuerna,Accesorio,Mancuerna,Tirón Horizontal,,2.5,2.0,0.4,1.8,Dorsales,Dorsales:primary:1.0:dorsal medio/inferior | Trapecio:secondary:0.7:medio/romboides | Deltoides:secondary:0.5:posterior | Bíceps:secondary:0.5:sinergista | Erectores Espinales:secondary:0.2:,0,5,ORANGE,1.1_ACTIVATION_ROLE | 1.5_FREE_EMPHASIS | 1.5_FREE_EMPHASIS | 3.1_IQR_CNC | 3.1_IQR_SSC,"1.1_ACTIVATION_ROLE: Erectores Espinales/secondary usa activation=0.2. || 1.5_FREE_EMPHASIS: Emphasis ""dorsal medio/inferior"" en un padre sin cabezas declaradas (Dorsales). || 1.5_FREE_EMPHASIS: Emphasis libre ""sinergista"" en Bíceps. || 3.1_IQR_CNC: cnc=2.0 es outlier IQR para tipo=Accesorio, equipo=Mancuerna (2.08–2.27). || 3.1_IQR_SSC: ssc=0.4 es outlier IQR para tipo=Accesorio, equipo=Mancuerna (0.50–0.50).",
160,back_remo_kettlebell,Remo con Kettlebell,Accesorio,Kettlebell,Tirón Horizontal,,2.5,2.0,0.4,1.8,Dorsales,Dorsales:primary:1.0:dorsal medio/inferior | Trapecio:secondary:0.7:medio/romboides | Deltoides:secondary:0.5:posterior | Bíceps:secondary:0.5:sinergista | Erectores Espinales:secondary:0.2:,0,7,ORANGE,1.1_ACTIVATION_ROLE | 1.5_FREE_EMPHASIS | 1.5_FREE_EMPHASIS | 3.1_IQR_CNC | 3.1_IQR_EFC | 3.1_IQR_SSC | 3.1_IQR_TTC,"1.1_ACTIVATION_ROLE: Erectores Espinales/secondary usa activation=0.2. || 1.5_FREE_EMPHASIS: Emphasis ""dorsal medio/inferior"" en un padre sin cabezas declaradas (Dorsales). || 1.5_FREE_EMPHASIS: Emphasis libre ""sinergista"" en Bíceps. || 3.1_IQR_CNC: cnc=2.0 es outlier IQR para tipo=Accesorio, equipo=Kettlebell (2.20–2.20). || 3.1_IQR_EFC: efc=2.5 es outlier IQR para tipo=Accesorio, equipo=Kettlebell (2.80–2.80). || 3.1_IQR_SSC: ssc=0.4 es outlier IQR para tipo=Accesorio, equipo=Kettlebell (0.50–0.50). || 3.1_IQR_TTC: ttc=1.8 es outlier IQR para tipo=Accesorio, equipo=Kettlebell (2.00–2.00).",
161,back_remo_banda_ancho,Remo en Banda Elástica (Agarre Ancho),Accesorio,Banda Elástica,Tirón Horizontal,,2.5,2.0,0.4,1.8,Espalda Alta,Trapecio:primary:1.0:medio/superior | Dorsales:primary:0.8:superior | Deltoides:secondary:0.6:posterior | Bíceps:secondary:0.5:sinergista | Erectores Espinales:secondary:0.2:,0,4,ORANGE,1.1_ACTIVATION_ROLE | 1.2_MULTIPLE_PRIMARY | 1.5_FREE_EMPHASIS | 1.5_FREE_EMPHASIS,"1.1_ACTIVATION_ROLE: Erectores Espinales/secondary usa activation=0.2. || 1.2_MULTIPLE_PRIMARY: Múltiples primarios: Trapecio, Dorsales. || 1.5_FREE_EMPHASIS: Emphasis ""superior"" en un padre sin cabezas declaradas (Dorsales). || 1.5_FREE_EMPHASIS: Emphasis libre ""sinergista"" en Bíceps.",
162,back_remo_banda_cerrado,Remo en Banda Elástica (Agarre Cerrado),Accesorio,Banda Elástica,Tirón Horizontal,,2.5,2.0,0.4,1.8,Dorsal Inferior,Dorsales:primary:1.0:dorsal medio/inferior | Trapecio:secondary:0.7:medio/romboides | Deltoides:secondary:0.5:posterior | Bíceps:secondary:0.5:sinergista | Erectores Espinales:secondary:0.2:,0,3,ORANGE,1.1_ACTIVATION_ROLE | 1.5_FREE_EMPHASIS | 1.5_FREE_EMPHASIS,"1.1_ACTIVATION_ROLE: Erectores Espinales/secondary usa activation=0.2. || 1.5_FREE_EMPHASIS: Emphasis ""dorsal medio/inferior"" en un padre sin cabezas declaradas (Dorsales). || 1.5_FREE_EMPHASIS: Emphasis libre ""sinergista"" en Bíceps.",
163,back_remo_barra_t_ancho,Remo en Barra T (Agarre Ancho),Accesorio,Barra T,Tirón Horizontal,,2.5,2.0,0.4,1.8,Espalda Alta,Trapecio:primary:1.0:medio/superior | Dorsales:primary:0.8:superior | Deltoides:secondary:0.6:posterior | Bíceps:secondary:0.5:sinergista | Erectores Espinales:secondary:0.5:,0,3,BLUE,1.2_MULTIPLE_PRIMARY | 1.5_FREE_EMPHASIS | 1.5_FREE_EMPHASIS,"1.2_MULTIPLE_PRIMARY: Múltiples primarios: Trapecio, Dorsales. || 1.5_FREE_EMPHASIS: Emphasis ""superior"" en un padre sin cabezas declaradas (Dorsales). || 1.5_FREE_EMPHASIS: Emphasis libre ""sinergista"" en Bíceps.",
164,back_remo_barra_t_cerrado,Remo en Barra T (Agarre Cerrado),Accesorio,Barra T,Tirón Horizontal,,2.5,2.0,0.4,1.8,Dorsal Inferior,Dorsales:primary:1.0:dorsal medio/inferior | Trapecio:secondary:0.7:medio/romboides | Deltoides:secondary:0.5:posterior | Bíceps:secondary:0.5:sinergista | Erectores Espinales:secondary:0.6:,0,2,BLUE,1.5_FREE_EMPHASIS | 1.5_FREE_EMPHASIS,"1.5_FREE_EMPHASIS: Emphasis ""dorsal medio/inferior"" en un padre sin cabezas declaradas (Dorsales). || 1.5_FREE_EMPHASIS: Emphasis libre ""sinergista"" en Bíceps.",
165,back_remo_barra_t_pecho_apoyado_ancho,Remo en Barra T con Pecho Apoyado (Agarre Ancho),Accesorio,Barra T,Tirón Horizontal,,2.5,2.0,0.4,1.8,Espalda Alta,Trapecio:primary:1.0:medio/superior | Dorsales:primary:0.8:superior | Deltoides:secondary:0.6:posterior | Bíceps:secondary:0.5:sinergista | Erectores Espinales:secondary:0.5:,0,3,BLUE,1.2_MULTIPLE_PRIMARY | 1.5_FREE_EMPHASIS | 1.5_FREE_EMPHASIS,"1.2_MULTIPLE_PRIMARY: Múltiples primarios: Trapecio, Dorsales. || 1.5_FREE_EMPHASIS: Emphasis ""superior"" en un padre sin cabezas declaradas (Dorsales). || 1.5_FREE_EMPHASIS: Emphasis libre ""sinergista"" en Bíceps.",
166,back_remo_barra_t_pecho_apoyado_cerrado,Remo en Barra T con Pecho Apoyado (Agarre Cerrado),Accesorio,Barra T,Tirón Horizontal,,2.5,2.0,0.4,1.8,Dorsal Inferior,Dorsales:primary:1.0:dorsal medio/inferior | Trapecio:secondary:0.7:medio/romboides | Deltoides:secondary:0.5:posterior | Bíceps:secondary:0.5:sinergista | Erectores Espinales:secondary:0.2:,0,3,ORANGE,1.1_ACTIVATION_ROLE | 1.5_FREE_EMPHASIS | 1.5_FREE_EMPHASIS,"1.1_ACTIVATION_ROLE: Erectores Espinales/secondary usa activation=0.2. || 1.5_FREE_EMPHASIS: Emphasis ""dorsal medio/inferior"" en un padre sin cabezas declaradas (Dorsales). || 1.5_FREE_EMPHASIS: Emphasis libre ""sinergista"" en Bíceps.",
167,back_remo_barra_t_maquina_ancho,Remo en Barra T en Máquina (Agarre Ancho),Accesorio,Máquina,Tirón Horizontal,,2.5,2.0,0.4,1.8,Espalda Alta,Trapecio:primary:1.0:medio/superior | Dorsales:primary:0.8:superior | Deltoides:secondary:0.6:posterior | Bíceps:secondary:0.5:sinergista | Erectores Espinales:secondary:0.2:,0,4,ORANGE,1.1_ACTIVATION_ROLE | 1.2_MULTIPLE_PRIMARY | 1.5_FREE_EMPHASIS | 1.5_FREE_EMPHASIS,"1.1_ACTIVATION_ROLE: Erectores Espinales/secondary usa activation=0.2. || 1.2_MULTIPLE_PRIMARY: Múltiples primarios: Trapecio, Dorsales. || 1.5_FREE_EMPHASIS: Emphasis ""superior"" en un padre sin cabezas declaradas (Dorsales). || 1.5_FREE_EMPHASIS: Emphasis libre ""sinergista"" en Bíceps.",
168,back_remo_barra_t_maquina_cerrado,Remo en Barra T en Máquina (Agarre Cerrado),Accesorio,Máquina,Tirón Horizontal,,2.5,2.0,0.4,1.8,Dorsal Inferior,Dorsales:primary:1.0:dorsal medio/inferior | Trapecio:secondary:0.7:medio/romboides | Deltoides:secondary:0.5:posterior | Bíceps:secondary:0.5:sinergista | Erectores Espinales:secondary:0.2:,0,3,ORANGE,1.1_ACTIVATION_ROLE | 1.5_FREE_EMPHASIS | 1.5_FREE_EMPHASIS,"1.1_ACTIVATION_ROLE: Erectores Espinales/secondary usa activation=0.2. || 1.5_FREE_EMPHASIS: Emphasis ""dorsal medio/inferior"" en un padre sin cabezas declaradas (Dorsales). || 1.5_FREE_EMPHASIS: Emphasis libre ""sinergista"" en Bíceps.",
169,back_remo_barra_t_maquina_pecho_apoyado_ancho,Remo en Barra T en Máquina con Pecho Apoyado (Agarre Ancho),Accesorio,Máquina,Tirón Horizontal,,2.5,2.0,0.4,1.8,Espalda Alta,Trapecio:primary:1.0:medio/superior | Dorsales:primary:0.8:superior | Deltoides:secondary:0.6:posterior | Bíceps:secondary:0.5:sinergista | Erectores Espinales:secondary:0.2:,0,4,ORANGE,1.1_ACTIVATION_ROLE | 1.2_MULTIPLE_PRIMARY | 1.5_FREE_EMPHASIS | 1.5_FREE_EMPHASIS,"1.1_ACTIVATION_ROLE: Erectores Espinales/secondary usa activation=0.2. || 1.2_MULTIPLE_PRIMARY: Múltiples primarios: Trapecio, Dorsales. || 1.5_FREE_EMPHASIS: Emphasis ""superior"" en un padre sin cabezas declaradas (Dorsales). || 1.5_FREE_EMPHASIS: Emphasis libre ""sinergista"" en Bíceps.",
170,back_remo_barra_t_maquina_pecho_apoyado_cerrado,Remo en Barra T en Máquina con Pecho Apoyado (Agarre Cerrado),Accesorio,Máquina,Tirón Horizontal,,2.5,2.0,0.4,1.8,Dorsal Inferior,Dorsales:primary:1.0:dorsal medio/inferior | Trapecio:secondary:0.7:medio/romboides | Deltoides:secondary:0.5:posterior | Bíceps:secondary:0.5:sinergista | Erectores Espinales:secondary:0.2:,0,3,ORANGE,1.1_ACTIVATION_ROLE | 1.5_FREE_EMPHASIS | 1.5_FREE_EMPHASIS,"1.1_ACTIVATION_ROLE: Erectores Espinales/secondary usa activation=0.2. || 1.5_FREE_EMPHASIS: Emphasis ""dorsal medio/inferior"" en un padre sin cabezas declaradas (Dorsales). || 1.5_FREE_EMPHASIS: Emphasis libre ""sinergista"" en Bíceps.",
171,back_remo_pecho_apoyado_mancuernas,Remo con Pecho Apoyado con Mancuernas,Accesorio,Mancuerna,Tirón Horizontal,,2.5,2.0,0.4,1.8,Dorsales,Dorsales:primary:1.0:dorsal medio/inferior | Trapecio:secondary:0.7:medio/romboides | Deltoides:secondary:0.5:posterior | Bíceps:secondary:0.5:sinergista | Erectores Espinales:secondary:0.2:,0,5,ORANGE,1.1_ACTIVATION_ROLE | 1.5_FREE_EMPHASIS | 1.5_FREE_EMPHASIS | 3.1_IQR_CNC | 3.1_IQR_SSC,"1.1_ACTIVATION_ROLE: Erectores Espinales/secondary usa activation=0.2. || 1.5_FREE_EMPHASIS: Emphasis ""dorsal medio/inferior"" en un padre sin cabezas declaradas (Dorsales). || 1.5_FREE_EMPHASIS: Emphasis libre ""sinergista"" en Bíceps. || 3.1_IQR_CNC: cnc=2.0 es outlier IQR para tipo=Accesorio, equipo=Mancuerna (2.08–2.27). || 3.1_IQR_SSC: ssc=0.4 es outlier IQR para tipo=Accesorio, equipo=Mancuerna (0.50–0.50).",
172,back_remo_pecho_apoyado_kettlebell,Remo con Pecho Apoyado con Kettlebells,Accesorio,Kettlebell,Tirón Horizontal,,2.5,2.0,0.4,1.8,Dorsales,Dorsales:primary:1.0:dorsal medio/inferior | Trapecio:secondary:0.7:medio/romboides | Deltoides:secondary:0.5:posterior | Bíceps:secondary:0.5:sinergista | Erectores Espinales:secondary:0.2:,0,7,ORANGE,1.1_ACTIVATION_ROLE | 1.5_FREE_EMPHASIS | 1.5_FREE_EMPHASIS | 3.1_IQR_CNC | 3.1_IQR_EFC | 3.1_IQR_SSC | 3.1_IQR_TTC,"1.1_ACTIVATION_ROLE: Erectores Espinales/secondary usa activation=0.2. || 1.5_FREE_EMPHASIS: Emphasis ""dorsal medio/inferior"" en un padre sin cabezas declaradas (Dorsales). || 1.5_FREE_EMPHASIS: Emphasis libre ""sinergista"" en Bíceps. || 3.1_IQR_CNC: cnc=2.0 es outlier IQR para tipo=Accesorio, equipo=Kettlebell (2.20–2.20). || 3.1_IQR_EFC: efc=2.5 es outlier IQR para tipo=Accesorio, equipo=Kettlebell (2.80–2.80). || 3.1_IQR_SSC: ssc=0.4 es outlier IQR para tipo=Accesorio, equipo=Kettlebell (0.50–0.50). || 3.1_IQR_TTC: ttc=1.8 es outlier IQR para tipo=Accesorio, equipo=Kettlebell (2.00–2.00).",YES
173,back_remo_pecho_apoyado_polea_baja,Remo con Pecho Apoyado en Polea Baja,Accesorio,Polea,Tirón Horizontal,,2.5,2.0,0.4,1.8,Dorsales,Dorsales:primary:1.0:dorsal medio/inferior | Trapecio:secondary:0.7:medio/romboides | Deltoides:secondary:0.5:posterior | Bíceps:secondary:0.5:sinergista | Erectores Espinales:secondary:0.2:,0,3,ORANGE,1.1_ACTIVATION_ROLE | 1.5_FREE_EMPHASIS | 1.5_FREE_EMPHASIS,"1.1_ACTIVATION_ROLE: Erectores Espinales/secondary usa activation=0.2. || 1.5_FREE_EMPHASIS: Emphasis ""dorsal medio/inferior"" en un padre sin cabezas declaradas (Dorsales). || 1.5_FREE_EMPHASIS: Emphasis libre ""sinergista"" en Bíceps.",YES
174,back_remo_pecho_apoyado_polea_baja_unilateral,Remo con Pecho Apoyado en Polea Baja Unilateral,Accesorio,Polea,Tirón Horizontal,,2.5,2.0,0.4,1.8,Dorsales,Dorsales:primary:1.0:dorsal medio/inferior | Trapecio:secondary:0.7:medio/romboides | Deltoides:secondary:0.5:posterior | Bíceps:secondary:0.5:sinergista | Erectores Espinales:secondary:0.2:,0,3,ORANGE,1.1_ACTIVATION_ROLE | 1.5_FREE_EMPHASIS | 1.5_FREE_EMPHASIS,"1.1_ACTIVATION_ROLE: Erectores Espinales/secondary usa activation=0.2. || 1.5_FREE_EMPHASIS: Emphasis ""dorsal medio/inferior"" en un padre sin cabezas declaradas (Dorsales). || 1.5_FREE_EMPHASIS: Emphasis libre ""sinergista"" en Bíceps.",YES
175,back_remo_pecho_apoyado_polea_media,Remo con Pecho Apoyado en Polea Media,Accesorio,Polea,Tirón Horizontal,,2.5,2.0,0.4,1.8,Dorsales,Dorsales:primary:1.0:dorsal medio/inferior | Trapecio:secondary:0.7:medio/romboides | Deltoides:secondary:0.5:posterior | Bíceps:secondary:0.5:sinergista | Erectores Espinales:secondary:0.2:,0,3,ORANGE,1.1_ACTIVATION_ROLE | 1.5_FREE_EMPHASIS | 1.5_FREE_EMPHASIS,"1.1_ACTIVATION_ROLE: Erectores Espinales/secondary usa activation=0.2. || 1.5_FREE_EMPHASIS: Emphasis ""dorsal medio/inferior"" en un padre sin cabezas declaradas (Dorsales). || 1.5_FREE_EMPHASIS: Emphasis libre ""sinergista"" en Bíceps.",
176,back_remo_pecho_apoyado_polea_media_unilateral,Remo con Pecho Apoyado en Polea Media Unilateral,Accesorio,Polea,Tirón Horizontal,,2.5,2.0,0.4,1.8,Dorsales,Dorsales:primary:1.0:dorsal medio/inferior | Trapecio:secondary:0.7:medio/romboides | Deltoides:secondary:0.5:posterior | Bíceps:secondary:0.5:sinergista | Erectores Espinales:secondary:0.2:,0,3,ORANGE,1.1_ACTIVATION_ROLE | 1.5_FREE_EMPHASIS | 1.5_FREE_EMPHASIS,"1.1_ACTIVATION_ROLE: Erectores Espinales/secondary usa activation=0.2. || 1.5_FREE_EMPHASIS: Emphasis ""dorsal medio/inferior"" en un padre sin cabezas declaradas (Dorsales). || 1.5_FREE_EMPHASIS: Emphasis libre ""sinergista"" en Bíceps.",
177,back_remo_pecho_apoyado_polea_alta,Remo con Pecho Apoyado en Polea Alta,Accesorio,Polea,Tirón Horizontal,,2.5,2.0,0.4,1.8,Dorsales,Dorsales:primary:1.0:dorsal medio/inferior | Trapecio:secondary:0.7:medio/romboides | Deltoides:secondary:0.5:posterior | Bíceps:secondary:0.5:sinergista | Erectores Espinales:secondary:0.2:,0,3,ORANGE,1.1_ACTIVATION_ROLE | 1.5_FREE_EMPHASIS | 1.5_FREE_EMPHASIS,"1.1_ACTIVATION_ROLE: Erectores Espinales/secondary usa activation=0.2. || 1.5_FREE_EMPHASIS: Emphasis ""dorsal medio/inferior"" en un padre sin cabezas declaradas (Dorsales). || 1.5_FREE_EMPHASIS: Emphasis libre ""sinergista"" en Bíceps.",
178,back_remo_pecho_apoyado_polea_alta_unilateral,Remo con Pecho Apoyado en Polea Alta Unilateral,Accesorio,Polea,Tirón Horizontal,,2.5,2.0,0.4,1.8,Dorsales,Dorsales:primary:1.0:dorsal medio/inferior | Trapecio:secondary:0.7:medio/romboides | Deltoides:secondary:0.5:posterior | Bíceps:secondary:0.5:sinergista | Erectores Espinales:secondary:0.2:,0,3,ORANGE,1.1_ACTIVATION_ROLE | 1.5_FREE_EMPHASIS | 1.5_FREE_EMPHASIS,"1.1_ACTIVATION_ROLE: Erectores Espinales/secondary usa activation=0.2. || 1.5_FREE_EMPHASIS: Emphasis ""dorsal medio/inferior"" en un padre sin cabezas declaradas (Dorsales). || 1.5_FREE_EMPHASIS: Emphasis libre ""sinergista"" en Bíceps.",
179,back_remo_polea_baja_ancho,Remo en Polea Baja (Agarre Ancho),Accesorio,Polea,Tirón Horizontal,,2.5,2.0,0.4,1.8,Espalda Alta,Trapecio:primary:1.0:medio/superior | Dorsales:primary:0.8:superior | Deltoides:secondary:0.6:posterior | Bíceps:secondary:0.5:sinergista | Erectores Espinales:secondary:0.2:,0,4,ORANGE,1.1_ACTIVATION_ROLE | 1.2_MULTIPLE_PRIMARY | 1.5_FREE_EMPHASIS | 1.5_FREE_EMPHASIS,"1.1_ACTIVATION_ROLE: Erectores Espinales/secondary usa activation=0.2. || 1.2_MULTIPLE_PRIMARY: Múltiples primarios: Trapecio, Dorsales. || 1.5_FREE_EMPHASIS: Emphasis ""superior"" en un padre sin cabezas declaradas (Dorsales). || 1.5_FREE_EMPHASIS: Emphasis libre ""sinergista"" en Bíceps.",
180,back_remo_polea_baja_cerrado,Remo en Polea Baja (Agarre Cerrado),Accesorio,Polea,Tirón Horizontal,,2.5,2.0,0.4,1.8,Dorsal Inferior,Dorsales:primary:1.0:dorsal medio/inferior | Trapecio:secondary:0.7:medio/romboides | Deltoides:secondary:0.5:posterior | Bíceps:secondary:0.5:sinergista | Erectores Espinales:secondary:0.2:,0,3,ORANGE,1.1_ACTIVATION_ROLE | 1.5_FREE_EMPHASIS | 1.5_FREE_EMPHASIS,"1.1_ACTIVATION_ROLE: Erectores Espinales/secondary usa activation=0.2. || 1.5_FREE_EMPHASIS: Emphasis ""dorsal medio/inferior"" en un padre sin cabezas declaradas (Dorsales). || 1.5_FREE_EMPHASIS: Emphasis libre ""sinergista"" en Bíceps.",
181,back_remo_polea_baja_unilateral,Remo en Polea Baja Unilateral,Accesorio,Polea,Tirón Horizontal,,2.5,2.0,0.4,1.8,Dorsales,Dorsales:primary:1.0:dorsal medio/inferior | Trapecio:secondary:0.7:medio/romboides | Deltoides:secondary:0.5:posterior | Bíceps:secondary:0.5:sinergista | Erectores Espinales:secondary:0.2:,0,3,ORANGE,1.1_ACTIVATION_ROLE | 1.5_FREE_EMPHASIS | 1.5_FREE_EMPHASIS,"1.1_ACTIVATION_ROLE: Erectores Espinales/secondary usa activation=0.2. || 1.5_FREE_EMPHASIS: Emphasis ""dorsal medio/inferior"" en un padre sin cabezas declaradas (Dorsales). || 1.5_FREE_EMPHASIS: Emphasis libre ""sinergista"" en Bíceps.",
182,back_remo_polea_media_ancho,Remo en Polea Media (Agarre Ancho),Accesorio,Polea,Tirón Horizontal,,2.5,2.0,0.4,1.8,Espalda Alta,Trapecio:primary:1.0:medio/superior | Dorsales:primary:0.8:superior | Deltoides:secondary:0.6:posterior | Bíceps:secondary:0.5:sinergista | Erectores Espinales:secondary:0.2:,0,4,ORANGE,1.1_ACTIVATION_ROLE | 1.2_MULTIPLE_PRIMARY | 1.5_FREE_EMPHASIS | 1.5_FREE_EMPHASIS,"1.1_ACTIVATION_ROLE: Erectores Espinales/secondary usa activation=0.2. || 1.2_MULTIPLE_PRIMARY: Múltiples primarios: Trapecio, Dorsales. || 1.5_FREE_EMPHASIS: Emphasis ""superior"" en un padre sin cabezas declaradas (Dorsales). || 1.5_FREE_EMPHASIS: Emphasis libre ""sinergista"" en Bíceps.",
183,back_remo_polea_media_cerrado,Remo en Polea Media (Agarre Cerrado),Accesorio,Polea,Tirón Horizontal,,2.5,2.0,0.4,1.8,Dorsal Inferior,Dorsales:primary:1.0:dorsal medio/inferior | Trapecio:secondary:0.7:medio/romboides | Deltoides:secondary:0.5:posterior | Bíceps:secondary:0.5:sinergista | Erectores Espinales:secondary:0.2:,0,3,ORANGE,1.1_ACTIVATION_ROLE | 1.5_FREE_EMPHASIS | 1.5_FREE_EMPHASIS,"1.1_ACTIVATION_ROLE: Erectores Espinales/secondary usa activation=0.2. || 1.5_FREE_EMPHASIS: Emphasis ""dorsal medio/inferior"" en un padre sin cabezas declaradas (Dorsales). || 1.5_FREE_EMPHASIS: Emphasis libre ""sinergista"" en Bíceps.",
184,back_remo_polea_media_unilateral,Remo en Polea Media Unilateral,Accesorio,Polea,Tirón Horizontal,,2.5,2.0,0.4,1.8,Dorsales,Dorsales:primary:1.0:dorsal medio/inferior | Trapecio:secondary:0.7:medio/romboides | Deltoides:secondary:0.5:posterior | Bíceps:secondary:0.5:sinergista | Erectores Espinales:secondary:0.2:,0,3,ORANGE,1.1_ACTIVATION_ROLE | 1.5_FREE_EMPHASIS | 1.5_FREE_EMPHASIS,"1.1_ACTIVATION_ROLE: Erectores Espinales/secondary usa activation=0.2. || 1.5_FREE_EMPHASIS: Emphasis ""dorsal medio/inferior"" en un padre sin cabezas declaradas (Dorsales). || 1.5_FREE_EMPHASIS: Emphasis libre ""sinergista"" en Bíceps.",
185,back_remo_polea_alta_ancho,Remo en Polea Alta (Agarre Ancho),Accesorio,Polea,Tirón Horizontal,,2.5,2.0,0.4,1.8,Espalda Alta,Trapecio:primary:1.0:medio/superior | Dorsales:primary:0.8:superior | Deltoides:secondary:0.6:posterior | Bíceps:secondary:0.5:sinergista | Erectores Espinales:secondary:0.2:,0,4,ORANGE,1.1_ACTIVATION_ROLE | 1.2_MULTIPLE_PRIMARY | 1.5_FREE_EMPHASIS | 1.5_FREE_EMPHASIS,"1.1_ACTIVATION_ROLE: Erectores Espinales/secondary usa activation=0.2. || 1.2_MULTIPLE_PRIMARY: Múltiples primarios: Trapecio, Dorsales. || 1.5_FREE_EMPHASIS: Emphasis ""superior"" en un padre sin cabezas declaradas (Dorsales). || 1.5_FREE_EMPHASIS: Emphasis libre ""sinergista"" en Bíceps.",
186,back_remo_polea_alta_cerrado,Remo en Polea Alta (Agarre Cerrado),Accesorio,Polea,Tirón Horizontal,,2.5,2.0,0.4,1.8,Dorsal Inferior,Dorsales:primary:1.0:dorsal medio/inferior | Trapecio:secondary:0.7:medio/romboides | Deltoides:secondary:0.5:posterior | Bíceps:secondary:0.5:sinergista | Erectores Espinales:secondary:0.2:,0,3,ORANGE,1.1_ACTIVATION_ROLE | 1.5_FREE_EMPHASIS | 1.5_FREE_EMPHASIS,"1.1_ACTIVATION_ROLE: Erectores Espinales/secondary usa activation=0.2. || 1.5_FREE_EMPHASIS: Emphasis ""dorsal medio/inferior"" en un padre sin cabezas declaradas (Dorsales). || 1.5_FREE_EMPHASIS: Emphasis libre ""sinergista"" en Bíceps.",
187,back_remo_polea_alta_unilateral,Remo en Polea Alta Unilateral,Accesorio,Polea,Tirón Horizontal,,2.5,2.0,0.4,1.8,Dorsales,Dorsales:primary:1.0:dorsal medio/inferior | Trapecio:secondary:0.7:medio/romboides | Deltoides:secondary:0.5:posterior | Bíceps:secondary:0.5:sinergista | Erectores Espinales:secondary:0.2:,0,3,ORANGE,1.1_ACTIVATION_ROLE | 1.5_FREE_EMPHASIS | 1.5_FREE_EMPHASIS,"1.1_ACTIVATION_ROLE: Erectores Espinales/secondary usa activation=0.2. || 1.5_FREE_EMPHASIS: Emphasis ""dorsal medio/inferior"" en un padre sin cabezas declaradas (Dorsales). || 1.5_FREE_EMPHASIS: Emphasis libre ""sinergista"" en Bíceps.",
188,back_remo_gironda_ancho,Remo Gironda en Polea (Agarre Ancho),Accesorio,Polea,Tirón Horizontal,,2.5,2.0,0.4,1.8,Espalda Alta,Trapecio:primary:1.0:medio/superior | Dorsales:primary:0.8:superior | Deltoides:secondary:0.6:posterior | Bíceps:secondary:0.5:sinergista | Erectores Espinales:secondary:0.2:,0,4,ORANGE,1.1_ACTIVATION_ROLE | 1.2_MULTIPLE_PRIMARY | 1.5_FREE_EMPHASIS | 1.5_FREE_EMPHASIS,"1.1_ACTIVATION_ROLE: Erectores Espinales/secondary usa activation=0.2. || 1.2_MULTIPLE_PRIMARY: Múltiples primarios: Trapecio, Dorsales. || 1.5_FREE_EMPHASIS: Emphasis ""superior"" en un padre sin cabezas declaradas (Dorsales). || 1.5_FREE_EMPHASIS: Emphasis libre ""sinergista"" en Bíceps.",YES
189,back_remo_gironda_cerrado,Remo Gironda en Polea (Agarre Cerrado),Accesorio,Polea,Tirón Horizontal,,2.5,2.0,0.4,1.8,Dorsal Inferior,Dorsales:primary:1.0:dorsal medio/inferior | Trapecio:secondary:0.7:medio/romboides | Deltoides:secondary:0.5:posterior | Bíceps:secondary:0.5:sinergista | Erectores Espinales:secondary:0.2:,0,3,ORANGE,1.1_ACTIVATION_ROLE | 1.5_FREE_EMPHASIS | 1.5_FREE_EMPHASIS,"1.1_ACTIVATION_ROLE: Erectores Espinales/secondary usa activation=0.2. || 1.5_FREE_EMPHASIS: Emphasis ""dorsal medio/inferior"" en un padre sin cabezas declaradas (Dorsales). || 1.5_FREE_EMPHASIS: Emphasis libre ""sinergista"" en Bíceps.",
190,back_remo_gironda_unilateral,Remo Gironda Unilateral en Polea,Accesorio,Polea,Tirón Horizontal,,2.5,2.0,0.4,1.8,Dorsales,Dorsales:primary:1.0:dorsal medio/inferior | Trapecio:secondary:0.7:medio/romboides | Deltoides:secondary:0.5:posterior | Bíceps:secondary:0.5:sinergista | Erectores Espinales:secondary:0.2:,0,3,ORANGE,1.1_ACTIVATION_ROLE | 1.5_FREE_EMPHASIS | 1.5_FREE_EMPHASIS,"1.1_ACTIVATION_ROLE: Erectores Espinales/secondary usa activation=0.2. || 1.5_FREE_EMPHASIS: Emphasis ""dorsal medio/inferior"" en un padre sin cabezas declaradas (Dorsales). || 1.5_FREE_EMPHASIS: Emphasis libre ""sinergista"" en Bíceps.",
191,back_remo_seal_barra_recta,Remo Seal con Barra Recta,Accesorio,Barra,Tirón Horizontal,,2.5,2.0,0.4,1.8,Dorsales,Dorsales:primary:1.0:dorsal medio/inferior | Trapecio:secondary:0.7:medio/romboides | Deltoides:secondary:0.5:posterior | Bíceps:secondary:0.5:sinergista | Erectores Espinales:secondary:0.2:,0,7,ORANGE,1.1_ACTIVATION_ROLE | 1.5_FREE_EMPHASIS | 1.5_FREE_EMPHASIS | 3.1_IQR_CNC | 3.1_IQR_EFC | 3.1_IQR_SSC | 3.1_IQR_TTC,"1.1_ACTIVATION_ROLE: Erectores Espinales/secondary usa activation=0.2. || 1.5_FREE_EMPHASIS: Emphasis ""dorsal medio/inferior"" en un padre sin cabezas declaradas (Dorsales). || 1.5_FREE_EMPHASIS: Emphasis libre ""sinergista"" en Bíceps. || 3.1_IQR_CNC: cnc=2.0 es outlier IQR para tipo=Accesorio, equipo=Barra (2.20–2.20). || 3.1_IQR_EFC: efc=2.5 es outlier IQR para tipo=Accesorio, equipo=Barra (2.80–2.80). || 3.1_IQR_SSC: ssc=0.4 es outlier IQR para tipo=Accesorio, equipo=Barra (0.50–0.50). || 3.1_IQR_TTC: ttc=1.8 es outlier IQR para tipo=Accesorio, equipo=Barra (2.00–2.00).",
192,back_remo_seal_mancuernas,Remo Seal con Mancuernas,Accesorio,Mancuerna,Tirón Horizontal,,2.5,2.0,0.4,1.8,Dorsales,Dorsales:primary:1.0:dorsal medio/inferior | Trapecio:secondary:0.7:medio/romboides | Deltoides:secondary:0.5:posterior | Bíceps:secondary:0.5:sinergista | Erectores Espinales:secondary:0.2:,0,5,ORANGE,1.1_ACTIVATION_ROLE | 1.5_FREE_EMPHASIS | 1.5_FREE_EMPHASIS | 3.1_IQR_CNC | 3.1_IQR_SSC,"1.1_ACTIVATION_ROLE: Erectores Espinales/secondary usa activation=0.2. || 1.5_FREE_EMPHASIS: Emphasis ""dorsal medio/inferior"" en un padre sin cabezas declaradas (Dorsales). || 1.5_FREE_EMPHASIS: Emphasis libre ""sinergista"" en Bíceps. || 3.1_IQR_CNC: cnc=2.0 es outlier IQR para tipo=Accesorio, equipo=Mancuerna (2.08–2.27). || 3.1_IQR_SSC: ssc=0.4 es outlier IQR para tipo=Accesorio, equipo=Mancuerna (0.50–0.50).",
193,back_remo_seal_kettlebell,Remo Seal con Kettlebells,Accesorio,Kettlebell,Tirón Horizontal,,2.5,2.0,0.4,1.8,Dorsales,Dorsales:primary:1.0:dorsal medio/inferior | Trapecio:secondary:0.7:medio/romboides | Deltoides:secondary:0.5:posterior | Bíceps:secondary:0.5:sinergista | Erectores Espinales:secondary:0.2:,0,7,ORANGE,1.1_ACTIVATION_ROLE | 1.5_FREE_EMPHASIS | 1.5_FREE_EMPHASIS | 3.1_IQR_CNC | 3.1_IQR_EFC | 3.1_IQR_SSC | 3.1_IQR_TTC,"1.1_ACTIVATION_ROLE: Erectores Espinales/secondary usa activation=0.2. || 1.5_FREE_EMPHASIS: Emphasis ""dorsal medio/inferior"" en un padre sin cabezas declaradas (Dorsales). || 1.5_FREE_EMPHASIS: Emphasis libre ""sinergista"" en Bíceps. || 3.1_IQR_CNC: cnc=2.0 es outlier IQR para tipo=Accesorio, equipo=Kettlebell (2.20–2.20). || 3.1_IQR_EFC: efc=2.5 es outlier IQR para tipo=Accesorio, equipo=Kettlebell (2.80–2.80). || 3.1_IQR_SSC: ssc=0.4 es outlier IQR para tipo=Accesorio, equipo=Kettlebell (0.50–0.50). || 3.1_IQR_TTC: ttc=1.8 es outlier IQR para tipo=Accesorio, equipo=Kettlebell (2.00–2.00).",
194,back_remo_renegado_mancuernas,Remo Renegado con Mancuernas,Accesorio,Mancuerna,Tirón Horizontal,,2.5,2.0,0.4,1.8,Dorsales,Dorsales:primary:1.0:dorsal medio/inferior | Trapecio:secondary:0.7:medio/romboides | Deltoides:secondary:0.5:posterior | Bíceps:secondary:0.5:sinergista | Erectores Espinales:secondary:0.2:,0,5,ORANGE,1.1_ACTIVATION_ROLE | 1.5_FREE_EMPHASIS | 1.5_FREE_EMPHASIS | 3.1_IQR_CNC | 3.1_IQR_SSC,"1.1_ACTIVATION_ROLE: Erectores Espinales/secondary usa activation=0.2. || 1.5_FREE_EMPHASIS: Emphasis ""dorsal medio/inferior"" en un padre sin cabezas declaradas (Dorsales). || 1.5_FREE_EMPHASIS: Emphasis libre ""sinergista"" en Bíceps. || 3.1_IQR_CNC: cnc=2.0 es outlier IQR para tipo=Accesorio, equipo=Mancuerna (2.08–2.27). || 3.1_IQR_SSC: ssc=0.4 es outlier IQR para tipo=Accesorio, equipo=Mancuerna (0.50–0.50).",
195,back_remo_renegado_kettlebell,Remo Renegado con Kettlebells,Accesorio,Kettlebell,Tirón Horizontal,,2.5,2.0,0.4,1.8,Dorsales,Dorsales:primary:1.0:dorsal medio/inferior | Trapecio:secondary:0.7:medio/romboides | Deltoides:secondary:0.5:posterior | Bíceps:secondary:0.5:sinergista | Erectores Espinales:secondary:0.2:,0,7,ORANGE,1.1_ACTIVATION_ROLE | 1.5_FREE_EMPHASIS | 1.5_FREE_EMPHASIS | 3.1_IQR_CNC | 3.1_IQR_EFC | 3.1_IQR_SSC | 3.1_IQR_TTC,"1.1_ACTIVATION_ROLE: Erectores Espinales/secondary usa activation=0.2. || 1.5_FREE_EMPHASIS: Emphasis ""dorsal medio/inferior"" en un padre sin cabezas declaradas (Dorsales). || 1.5_FREE_EMPHASIS: Emphasis libre ""sinergista"" en Bíceps. || 3.1_IQR_CNC: cnc=2.0 es outlier IQR para tipo=Accesorio, equipo=Kettlebell (2.20–2.20). || 3.1_IQR_EFC: efc=2.5 es outlier IQR para tipo=Accesorio, equipo=Kettlebell (2.80–2.80). || 3.1_IQR_SSC: ssc=0.4 es outlier IQR para tipo=Accesorio, equipo=Kettlebell (0.50–0.50). || 3.1_IQR_TTC: ttc=1.8 es outlier IQR para tipo=Accesorio, equipo=Kettlebell (2.00–2.00).",
196,back_remo_gorilla_mancuernas,Remo Gorilla con Mancuernas,Accesorio,Mancuerna,Tirón Horizontal,,2.5,2.0,0.4,1.8,Dorsales,Dorsales:primary:1.0:dorsal medio/inferior | Trapecio:secondary:0.7:medio/romboides | Deltoides:secondary:0.5:posterior | Bíceps:secondary:0.5:sinergista | Erectores Espinales:secondary:0.2:,0,5,ORANGE,1.1_ACTIVATION_ROLE | 1.5_FREE_EMPHASIS | 1.5_FREE_EMPHASIS | 3.1_IQR_CNC | 3.1_IQR_SSC,"1.1_ACTIVATION_ROLE: Erectores Espinales/secondary usa activation=0.2. || 1.5_FREE_EMPHASIS: Emphasis ""dorsal medio/inferior"" en un padre sin cabezas declaradas (Dorsales). || 1.5_FREE_EMPHASIS: Emphasis libre ""sinergista"" en Bíceps. || 3.1_IQR_CNC: cnc=2.0 es outlier IQR para tipo=Accesorio, equipo=Mancuerna (2.08–2.27). || 3.1_IQR_SSC: ssc=0.4 es outlier IQR para tipo=Accesorio, equipo=Mancuerna (0.50–0.50).",
197,back_remo_gorilla_kettlebell,Remo Gorilla con Kettlebells,Accesorio,Kettlebell,Tirón Horizontal,,2.5,2.0,0.4,1.8,Dorsales,Dorsales:primary:1.0:dorsal medio/inferior | Trapecio:secondary:0.7:medio/romboides | Deltoides:secondary:0.5:posterior | Bíceps:secondary:0.5:sinergista | Erectores Espinales:secondary:0.2:,0,7,ORANGE,1.1_ACTIVATION_ROLE | 1.5_FREE_EMPHASIS | 1.5_FREE_EMPHASIS | 3.1_IQR_CNC | 3.1_IQR_EFC | 3.1_IQR_SSC | 3.1_IQR_TTC,"1.1_ACTIVATION_ROLE: Erectores Espinales/secondary usa activation=0.2. || 1.5_FREE_EMPHASIS: Emphasis ""dorsal medio/inferior"" en un padre sin cabezas declaradas (Dorsales). || 1.5_FREE_EMPHASIS: Emphasis libre ""sinergista"" en Bíceps. || 3.1_IQR_CNC: cnc=2.0 es outlier IQR para tipo=Accesorio, equipo=Kettlebell (2.20–2.20). || 3.1_IQR_EFC: efc=2.5 es outlier IQR para tipo=Accesorio, equipo=Kettlebell (2.80–2.80). || 3.1_IQR_SSC: ssc=0.4 es outlier IQR para tipo=Accesorio, equipo=Kettlebell (0.50–0.50). || 3.1_IQR_TTC: ttc=1.8 es outlier IQR para tipo=Accesorio, equipo=Kettlebell (2.00–2.00).",
198,back_remo_maquina_ancho,Remo en Máquina (Agarre Ancho),Accesorio,Máquina,Tirón Horizontal,,2.5,2.0,0.4,1.8,Espalda Alta,Trapecio:primary:1.0:medio/superior | Dorsales:primary:0.8:superior | Deltoides:secondary:0.6:posterior | Bíceps:secondary:0.5:sinergista | Erectores Espinales:secondary:0.2:,0,4,ORANGE,1.1_ACTIVATION_ROLE | 1.2_MULTIPLE_PRIMARY | 1.5_FREE_EMPHASIS | 1.5_FREE_EMPHASIS,"1.1_ACTIVATION_ROLE: Erectores Espinales/secondary usa activation=0.2. || 1.2_MULTIPLE_PRIMARY: Múltiples primarios: Trapecio, Dorsales. || 1.5_FREE_EMPHASIS: Emphasis ""superior"" en un padre sin cabezas declaradas (Dorsales). || 1.5_FREE_EMPHASIS: Emphasis libre ""sinergista"" en Bíceps.",
199,back_remo_maquina_cerrado,Remo en Máquina (Agarre Cerrado),Accesorio,Máquina,Tirón Horizontal,,2.5,2.0,0.4,1.8,Dorsal Inferior,Dorsales:primary:1.0:dorsal medio/inferior | Trapecio:secondary:0.7:medio/romboides | Deltoides:secondary:0.5:posterior | Bíceps:secondary:0.5:sinergista | Erectores Espinales:secondary:0.2:,0,3,ORANGE,1.1_ACTIVATION_ROLE | 1.5_FREE_EMPHASIS | 1.5_FREE_EMPHASIS,"1.1_ACTIVATION_ROLE: Erectores Espinales/secondary usa activation=0.2. || 1.5_FREE_EMPHASIS: Emphasis ""dorsal medio/inferior"" en un padre sin cabezas declaradas (Dorsales). || 1.5_FREE_EMPHASIS: Emphasis libre ""sinergista"" en Bíceps.",
200,back_remo_maquina_smith_ancho,Remo en Máquina Smith (Agarre Ancho),Accesorio,Máquina Smith,Tirón Horizontal,,2.5,2.0,0.4,1.8,Espalda Alta,Trapecio:primary:1.0:medio/superior | Dorsales:primary:0.8:superior | Deltoides:secondary:0.6:posterior | Bíceps:secondary:0.5:sinergista | Erectores Espinales:secondary:0.2:,0,8,ORANGE,1.1_ACTIVATION_ROLE | 1.2_MULTIPLE_PRIMARY | 1.5_FREE_EMPHASIS | 1.5_FREE_EMPHASIS | 3.1_IQR_CNC | 3.1_IQR_EFC | 3.1_IQR_SSC | 3.1_IQR_TTC,"1.1_ACTIVATION_ROLE: Erectores Espinales/secondary usa activation=0.2. || 1.2_MULTIPLE_PRIMARY: Múltiples primarios: Trapecio, Dorsales. || 1.5_FREE_EMPHASIS: Emphasis ""superior"" en un padre sin cabezas declaradas (Dorsales). || 1.5_FREE_EMPHASIS: Emphasis libre ""sinergista"" en Bíceps. || 3.1_IQR_CNC: cnc=2.0 es outlier IQR para tipo=Accesorio, equipo=Máquina Smith (2.20–2.20). || 3.1_IQR_EFC: efc=2.5 es outlier IQR para tipo=Accesorio, equipo=Máquina Smith (2.80–2.80). || 3.1_IQR_SSC: ssc=0.4 es outlier IQR para tipo=Accesorio, equipo=Máquina Smith (0.50–0.50). || 3.1_IQR_TTC: ttc=1.8 es outlier IQR para tipo=Accesorio, equipo=Máquina Smith (2.00–2.00).",
201,back_remo_maquina_smith_cerrado,Remo en Máquina Smith (Agarre Cerrado),Accesorio,Máquina Smith,Tirón Horizontal,,2.5,2.0,0.4,1.8,Dorsal Inferior,Dorsales:primary:1.0:dorsal medio/inferior | Trapecio:secondary:0.7:medio/romboides | Deltoides:secondary:0.5:posterior | Bíceps:secondary:0.5:sinergista | Erectores Espinales:secondary:0.2:,0,7,ORANGE,1.1_ACTIVATION_ROLE | 1.5_FREE_EMPHASIS | 1.5_FREE_EMPHASIS | 3.1_IQR_CNC | 3.1_IQR_EFC | 3.1_IQR_SSC | 3.1_IQR_TTC,"1.1_ACTIVATION_ROLE: Erectores Espinales/secondary usa activation=0.2. || 1.5_FREE_EMPHASIS: Emphasis ""dorsal medio/inferior"" en un padre sin cabezas declaradas (Dorsales). || 1.5_FREE_EMPHASIS: Emphasis libre ""sinergista"" en Bíceps. || 3.1_IQR_CNC: cnc=2.0 es outlier IQR para tipo=Accesorio, equipo=Máquina Smith (2.20–2.20). || 3.1_IQR_EFC: efc=2.5 es outlier IQR para tipo=Accesorio, equipo=Máquina Smith (2.80–2.80). || 3.1_IQR_SSC: ssc=0.4 es outlier IQR para tipo=Accesorio, equipo=Máquina Smith (0.50–0.50). || 3.1_IQR_TTC: ttc=1.8 es outlier IQR para tipo=Accesorio, equipo=Máquina Smith (2.00–2.00).",
202,back_remo_invertido_barra_fija,Remo Invertido en Barra Fija,Accesorio,Peso Corporal,Tirón Horizontal,,2.5,2.0,0.4,1.8,Dorsales,Dorsales:primary:1.0:dorsal medio/inferior | Trapecio:secondary:0.7:medio/romboides | Deltoides:secondary:0.5:posterior | Bíceps:secondary:0.5:sinergista | Erectores Espinales:secondary:0.2:,0,5,ORANGE,1.1_ACTIVATION_ROLE | 1.5_FREE_EMPHASIS | 1.5_FREE_EMPHASIS | 3.1_IQR_EFC | 3.1_IQR_SSC,"1.1_ACTIVATION_ROLE: Erectores Espinales/secondary usa activation=0.2. || 1.5_FREE_EMPHASIS: Emphasis ""dorsal medio/inferior"" en un padre sin cabezas declaradas (Dorsales). || 1.5_FREE_EMPHASIS: Emphasis libre ""sinergista"" en Bíceps. || 3.1_IQR_EFC: efc=2.5 es outlier IQR para tipo=Accesorio, equipo=Peso Corporal (2.80–2.80). || 3.1_IQR_SSC: ssc=0.4 es outlier IQR para tipo=Accesorio, equipo=Peso Corporal (0.50–0.50).",
203,back_remo_invertido_trx,Remo Invertido en TRX,Accesorio,TRX,Tirón Horizontal,,2.5,2.0,0.4,1.8,Dorsales,Dorsales:primary:1.0:dorsal medio/inferior | Trapecio:secondary:0.7:medio/romboides | Deltoides:secondary:0.5:posterior | Bíceps:secondary:0.5:sinergista | Erectores Espinales:secondary:0.2:,0,3,ORANGE,1.1_ACTIVATION_ROLE | 1.5_FREE_EMPHASIS | 1.5_FREE_EMPHASIS,"1.1_ACTIVATION_ROLE: Erectores Espinales/secondary usa activation=0.2. || 1.5_FREE_EMPHASIS: Emphasis ""dorsal medio/inferior"" en un padre sin cabezas declaradas (Dorsales). || 1.5_FREE_EMPHASIS: Emphasis libre ""sinergista"" en Bíceps.",YES
204,back_jalon_pecho_polea_ancho,Jalón al Pecho en Polea (Agarre Ancho),Accesorio,Polea,Tirón Vertical,,2.5,2.0,0.4,1.8,Anchura Dorsal,Trapecio:primary:1.0:medio/superior | Dorsales:primary:0.8:superior | Deltoides:secondary:0.6:posterior | Bíceps:secondary:0.5:sinergista | Erectores Espinales:secondary:0.2:,0,4,ORANGE,1.1_ACTIVATION_ROLE | 1.2_MULTIPLE_PRIMARY | 1.5_FREE_EMPHASIS | 1.5_FREE_EMPHASIS,"1.1_ACTIVATION_ROLE: Erectores Espinales/secondary usa activation=0.2. || 1.2_MULTIPLE_PRIMARY: Múltiples primarios: Trapecio, Dorsales. || 1.5_FREE_EMPHASIS: Emphasis ""superior"" en un padre sin cabezas declaradas (Dorsales). || 1.5_FREE_EMPHASIS: Emphasis libre ""sinergista"" en Bíceps.",
205,back_jalon_pecho_polea_cerrado,Jalón al Pecho en Polea (Agarre Cerrado / V),Accesorio,Polea,Tirón Vertical,,2.5,2.0,0.4,1.8,Dorsal Inferior,Dorsales:primary:1.0:anchura/superior | Trapecio:secondary:0.6:inferior/romboides | Deltoides:secondary:0.5:posterior | Bíceps:secondary:0.5:sinergista,0,2,BLUE,1.5_FREE_EMPHASIS | 1.5_FREE_EMPHASIS,"1.5_FREE_EMPHASIS: Emphasis ""anchura/superior"" en un padre sin cabezas declaradas (Dorsales). || 1.5_FREE_EMPHASIS: Emphasis libre ""sinergista"" en Bíceps.",
206,back_jalon_pecho_polea_unilateral,Jalón al Pecho Unilateral en Polea,Accesorio,Polea,Tirón Vertical,,2.5,2.0,0.4,1.8,Dorsales,Dorsales:primary:1.0:anchura/superior | Trapecio:secondary:0.6:inferior/romboides | Deltoides:secondary:0.5:posterior | Bíceps:secondary:0.5:sinergista,0,2,BLUE,1.5_FREE_EMPHASIS | 1.5_FREE_EMPHASIS,"1.5_FREE_EMPHASIS: Emphasis ""anchura/superior"" en un padre sin cabezas declaradas (Dorsales). || 1.5_FREE_EMPHASIS: Emphasis libre ""sinergista"" en Bíceps.",
207,back_jalon_neutro_polea,Jalón Neutro en Polea,Accesorio,Polea,Tirón Vertical,,2.5,2.0,0.4,1.8,Dorsales,Dorsales:primary:1.0:anchura/superior | Trapecio:secondary:0.6:inferior/romboides | Deltoides:secondary:0.5:posterior | Bíceps:secondary:0.5:sinergista,0,2,BLUE,1.5_FREE_EMPHASIS | 1.5_FREE_EMPHASIS,"1.5_FREE_EMPHASIS: Emphasis ""anchura/superior"" en un padre sin cabezas declaradas (Dorsales). || 1.5_FREE_EMPHASIS: Emphasis libre ""sinergista"" en Bíceps.",
208,back_jalon_pecho_maquina_ancho,Jalón al Pecho en Máquina (Agarre Ancho),Accesorio,Máquina,Tirón Vertical,,2.5,2.0,0.4,1.8,Anchura Dorsal,Trapecio:primary:1.0:medio/superior | Dorsales:primary:0.8:superior | Deltoides:secondary:0.6:posterior | Bíceps:secondary:0.5:sinergista | Erectores Espinales:secondary:0.2:,0,4,ORANGE,1.1_ACTIVATION_ROLE | 1.2_MULTIPLE_PRIMARY | 1.5_FREE_EMPHASIS | 1.5_FREE_EMPHASIS,"1.1_ACTIVATION_ROLE: Erectores Espinales/secondary usa activation=0.2. || 1.2_MULTIPLE_PRIMARY: Múltiples primarios: Trapecio, Dorsales. || 1.5_FREE_EMPHASIS: Emphasis ""superior"" en un padre sin cabezas declaradas (Dorsales). || 1.5_FREE_EMPHASIS: Emphasis libre ""sinergista"" en Bíceps.",
209,back_jalon_pecho_maquina_cerrado,Jalón al Pecho en Máquina (Agarre Cerrado),Accesorio,Máquina,Tirón Vertical,,2.5,2.0,0.4,1.8,Dorsal Inferior,Dorsales:primary:1.0:anchura/superior | Trapecio:secondary:0.6:inferior/romboides | Deltoides:secondary:0.5:posterior | Bíceps:secondary:0.5:sinergista,0,2,BLUE,1.5_FREE_EMPHASIS | 1.5_FREE_EMPHASIS,"1.5_FREE_EMPHASIS: Emphasis ""anchura/superior"" en un padre sin cabezas declaradas (Dorsales). || 1.5_FREE_EMPHASIS: Emphasis libre ""sinergista"" en Bíceps.",
210,back_jalon_banda_ancho,Jalón en Banda Elástica (Agarre Ancho),Accesorio,Banda Elástica,Tirón Vertical,,2.5,2.0,0.4,1.8,Anchura Dorsal,Trapecio:primary:1.0:medio/superior | Dorsales:primary:0.8:superior | Deltoides:secondary:0.6:posterior | Bíceps:secondary:0.5:sinergista | Erectores Espinales:secondary:0.2:,0,4,ORANGE,1.1_ACTIVATION_ROLE | 1.2_MULTIPLE_PRIMARY | 1.5_FREE_EMPHASIS | 1.5_FREE_EMPHASIS,"1.1_ACTIVATION_ROLE: Erectores Espinales/secondary usa activation=0.2. || 1.2_MULTIPLE_PRIMARY: Múltiples primarios: Trapecio, Dorsales. || 1.5_FREE_EMPHASIS: Emphasis ""superior"" en un padre sin cabezas declaradas (Dorsales). || 1.5_FREE_EMPHASIS: Emphasis libre ""sinergista"" en Bíceps.",
211,back_jalon_banda_cerrado,Jalón en Banda Elástica (Agarre Cerrado),Accesorio,Banda Elástica,Tirón Vertical,,2.5,2.0,0.4,1.8,Dorsal Inferior,Dorsales:primary:1.0:anchura/superior | Trapecio:secondary:0.6:inferior/romboides | Deltoides:secondary:0.5:posterior | Bíceps:secondary:0.5:sinergista,0,2,BLUE,1.5_FREE_EMPHASIS | 1.5_FREE_EMPHASIS,"1.5_FREE_EMPHASIS: Emphasis ""anchura/superior"" en un padre sin cabezas declaradas (Dorsales). || 1.5_FREE_EMPHASIS: Emphasis libre ""sinergista"" en Bíceps.",YES
212,back_jalon_brazo_recto_polea,Jalón a Brazos Extendidos en Polea,Accesorio,Polea,Tirón Vertical,,2.5,2.0,0.4,1.8,Dorsales,Dorsales:primary:1.0:anchura/superior | Trapecio:secondary:0.6:inferior/romboides | Deltoides:secondary:0.5:posterior | Bíceps:secondary:0.5:sinergista,0,2,BLUE,1.5_FREE_EMPHASIS | 1.5_FREE_EMPHASIS,"1.5_FREE_EMPHASIS: Emphasis ""anchura/superior"" en un padre sin cabezas declaradas (Dorsales). || 1.5_FREE_EMPHASIS: Emphasis libre ""sinergista"" en Bíceps.",
213,back_jalon_brazo_recto_polea_unilateral,Jalón a Brazos Extendidos Unilateral en Polea,Accesorio,Polea,Tirón Vertical,,2.5,2.0,0.4,1.8,Dorsales,Dorsales:primary:1.0:anchura/superior | Trapecio:secondary:0.6:inferior/romboides | Deltoides:secondary:0.5:posterior | Bíceps:secondary:0.5:sinergista,0,2,BLUE,1.5_FREE_EMPHASIS | 1.5_FREE_EMPHASIS,"1.5_FREE_EMPHASIS: Emphasis ""anchura/superior"" en un padre sin cabezas declaradas (Dorsales). || 1.5_FREE_EMPHASIS: Emphasis libre ""sinergista"" en Bíceps.",
214,back_dominadas_pronas,Dominadas Pronas,Aislamiento,Peso Corporal,Tirón Vertical,,2.5,2.0,0.4,1.8,Anchura Dorsal,Dorsales:primary:1.0:anchura/superior | Trapecio:secondary:0.6:inferior/romboides | Deltoides:secondary:0.5:posterior | Bíceps:secondary:0.5:sinergista,0,2,BLUE,1.5_FREE_EMPHASIS | 1.5_FREE_EMPHASIS,"1.5_FREE_EMPHASIS: Emphasis ""anchura/superior"" en un padre sin cabezas declaradas (Dorsales). || 1.5_FREE_EMPHASIS: Emphasis libre ""sinergista"" en Bíceps.",
215,back_dominadas_supinas,Dominadas Supinas (Chin-Ups),Aislamiento,Peso Corporal,Tirón Vertical,,2.5,2.0,0.4,1.8,Dorsales,Dorsales:primary:1.0:anchura/superior | Trapecio:secondary:0.6:inferior/romboides | Deltoides:secondary:0.5:posterior | Bíceps:secondary:0.5:sinergista,0,2,BLUE,1.5_FREE_EMPHASIS | 1.5_FREE_EMPHASIS,"1.5_FREE_EMPHASIS: Emphasis ""anchura/superior"" en un padre sin cabezas declaradas (Dorsales). || 1.5_FREE_EMPHASIS: Emphasis libre ""sinergista"" en Bíceps.",
216,back_dominadas_neutras,Dominadas Neutras,Aislamiento,Peso Corporal,Tirón Vertical,,2.5,2.0,0.4,1.8,Dorsales,Dorsales:primary:1.0:anchura/superior | Trapecio:secondary:0.6:inferior/romboides | Deltoides:secondary:0.5:posterior | Bíceps:secondary:0.5:sinergista,0,2,BLUE,1.5_FREE_EMPHASIS | 1.5_FREE_EMPHASIS,"1.5_FREE_EMPHASIS: Emphasis ""anchura/superior"" en un padre sin cabezas declaradas (Dorsales). || 1.5_FREE_EMPHASIS: Emphasis libre ""sinergista"" en Bíceps.",
217,back_dominadas_lastradas,Dominadas Lastradas,Aislamiento,Peso Corporal,Tirón Vertical,,2.5,2.0,0.4,1.8,Anchura Dorsal,Dorsales:primary:1.0:anchura/superior | Trapecio:secondary:0.6:inferior/romboides | Deltoides:secondary:0.5:posterior | Bíceps:secondary:0.5:sinergista,0,2,BLUE,1.5_FREE_EMPHASIS | 1.5_FREE_EMPHASIS,"1.5_FREE_EMPHASIS: Emphasis ""anchura/superior"" en un padre sin cabezas declaradas (Dorsales). || 1.5_FREE_EMPHASIS: Emphasis libre ""sinergista"" en Bíceps.",
218,back_dominadas_asistidas_maquina,Dominadas Asistidas en Máquina,Aislamiento,Máquina,Tirón Vertical,,2.5,2.0,0.4,1.8,Dorsales,Dorsales:primary:1.0:anchura/superior | Trapecio:secondary:0.6:inferior/romboides | Deltoides:secondary:0.5:posterior | Bíceps:secondary:0.5:sinergista,0,2,BLUE,1.5_FREE_EMPHASIS | 1.5_FREE_EMPHASIS,"1.5_FREE_EMPHASIS: Emphasis ""anchura/superior"" en un padre sin cabezas declaradas (Dorsales). || 1.5_FREE_EMPHASIS: Emphasis libre ""sinergista"" en Bíceps.",
219,back_dominadas_asistidas_banda,Dominadas Asistidas en Banda Elástica,Aislamiento,Banda Elástica,Tirón Vertical,,2.5,2.0,0.4,1.8,Dorsales,Dorsales:primary:1.0:anchura/superior | Trapecio:secondary:0.6:inferior/romboides | Deltoides:secondary:0.5:posterior | Bíceps:secondary:0.5:sinergista,0,4,BLUE,1.5_FREE_EMPHASIS | 1.5_FREE_EMPHASIS | 3.1_IQR_SSC | 3.1_IQR_TTC,"1.5_FREE_EMPHASIS: Emphasis ""anchura/superior"" en un padre sin cabezas declaradas (Dorsales). || 1.5_FREE_EMPHASIS: Emphasis libre ""sinergista"" en Bíceps. || 3.1_IQR_SSC: ssc=0.4 es outlier IQR para tipo=Aislamiento, equipo=Banda Elástica (-0.05–0.35). || 3.1_IQR_TTC: ttc=1.8 es outlier IQR para tipo=Aislamiento, equipo=Banda Elástica (1.35–1.75).",
220,back_dominadas_anillas,Dominadas en Anillas,Aislamiento,Peso Corporal,Tirón Vertical,,2.5,2.0,0.4,1.8,Dorsales,Dorsales:primary:1.0:anchura/superior | Trapecio:secondary:0.6:inferior/romboides | Deltoides:secondary:0.5:posterior | Bíceps:secondary:0.5:sinergista,0,2,BLUE,1.5_FREE_EMPHASIS | 1.5_FREE_EMPHASIS,"1.5_FREE_EMPHASIS: Emphasis ""anchura/superior"" en un padre sin cabezas declaradas (Dorsales). || 1.5_FREE_EMPHASIS: Emphasis libre ""sinergista"" en Bíceps.",
221,back_pullover_mancuerna,Pullover con Mancuerna,Aislamiento,Mancuerna,Tirón Vertical,,2.5,2.0,0.4,1.8,Dorsales,Dorsales:primary:1.0:extension hombro | Pectorales:secondary:0.6:esternal | Tríceps:secondary:0.5:cabeza larga | Core:stabilizer:0.3:,0,4,YELLOW,3.2_DEAD_STABILIZER_GATE | 1.5_FREE_EMPHASIS | 1.5_FREE_EMPHASIS | 3.1_IQR_TTC,"3.2_DEAD_STABILIZER_GATE: Tiene stabilizers pero ssc=0.4<1.5; el gate puede volverlos dato muerto. || 1.5_FREE_EMPHASIS: Emphasis ""extension hombro"" en un padre sin cabezas declaradas (Dorsales). || 1.5_FREE_EMPHASIS: Emphasis libre ""esternal"" en Pectorales. || 3.1_IQR_TTC: ttc=1.8 es outlier IQR para tipo=Aislamiento, equipo=Mancuerna (1.35–1.75).",
222,back_pullover_kettlebell,Pullover con Kettlebell,Aislamiento,Kettlebell,Tirón Vertical,,2.5,2.0,0.4,1.8,Dorsales,Dorsales:primary:1.0:extension hombro | Pectorales:secondary:0.6:esternal | Tríceps:secondary:0.5:cabeza larga | Core:stabilizer:0.3:,0,5,YELLOW,3.2_DEAD_STABILIZER_GATE | 1.5_FREE_EMPHASIS | 1.5_FREE_EMPHASIS | 3.1_IQR_SSC | 3.1_IQR_TTC,"3.2_DEAD_STABILIZER_GATE: Tiene stabilizers pero ssc=0.4<1.5; el gate puede volverlos dato muerto. || 1.5_FREE_EMPHASIS: Emphasis ""extension hombro"" en un padre sin cabezas declaradas (Dorsales). || 1.5_FREE_EMPHASIS: Emphasis libre ""esternal"" en Pectorales. || 3.1_IQR_SSC: ssc=0.4 es outlier IQR para tipo=Aislamiento, equipo=Kettlebell (-0.05–0.35). || 3.1_IQR_TTC: ttc=1.8 es outlier IQR para tipo=Aislamiento, equipo=Kettlebell (1.35–1.75).",
223,back_pullover_barra_recta,Pullover con Barra Recta,Aislamiento,Barra,Tirón Vertical,,2.5,2.0,0.4,1.8,Dorsales,Dorsales:primary:1.0:extension hombro | Pectorales:secondary:0.6:esternal | Tríceps:secondary:0.5:cabeza larga | Core:stabilizer:0.3:,0,4,YELLOW,3.2_DEAD_STABILIZER_GATE | 1.5_FREE_EMPHASIS | 1.5_FREE_EMPHASIS | 3.1_IQR_TTC,"3.2_DEAD_STABILIZER_GATE: Tiene stabilizers pero ssc=0.4<1.5; el gate puede volverlos dato muerto. || 1.5_FREE_EMPHASIS: Emphasis ""extension hombro"" en un padre sin cabezas declaradas (Dorsales). || 1.5_FREE_EMPHASIS: Emphasis libre ""esternal"" en Pectorales. || 3.1_IQR_TTC: ttc=1.8 es outlier IQR para tipo=Aislamiento, equipo=Barra (1.35–1.75).",
224,back_pullover_barra_ez,Pullover con Barra EZ,Aislamiento,Barra EZ,Tirón Vertical,,2.5,2.0,0.4,1.8,Dorsales,Dorsales:primary:1.0:extension hombro | Pectorales:secondary:0.6:esternal | Tríceps:secondary:0.5:cabeza larga | Core:stabilizer:0.3:,0,5,YELLOW,3.2_DEAD_STABILIZER_GATE | 1.5_FREE_EMPHASIS | 1.5_FREE_EMPHASIS | 3.1_IQR_SSC | 3.1_IQR_TTC,"3.2_DEAD_STABILIZER_GATE: Tiene stabilizers pero ssc=0.4<1.5; el gate puede volverlos dato muerto. || 1.5_FREE_EMPHASIS: Emphasis ""extension hombro"" en un padre sin cabezas declaradas (Dorsales). || 1.5_FREE_EMPHASIS: Emphasis libre ""esternal"" en Pectorales. || 3.1_IQR_SSC: ssc=0.4 es outlier IQR para tipo=Aislamiento, equipo=Barra EZ (-0.05–0.35). || 3.1_IQR_TTC: ttc=1.8 es outlier IQR para tipo=Aislamiento, equipo=Barra EZ (1.35–1.75).",
225,back_pullover_polea,Pullover en Polea Alta,Aislamiento,Polea,Tirón Vertical,,2.5,2.0,0.4,1.8,Dorsales,Dorsales:primary:1.0:extension hombro | Pectorales:secondary:0.6:esternal | Tríceps:secondary:0.5:cabeza larga | Core:stabilizer:0.3:,0,5,YELLOW,3.2_DEAD_STABILIZER_GATE | 1.5_FREE_EMPHASIS | 1.5_FREE_EMPHASIS | 3.1_IQR_SSC | 3.1_IQR_TTC,"3.2_DEAD_STABILIZER_GATE: Tiene stabilizers pero ssc=0.4<1.5; el gate puede volverlos dato muerto. || 1.5_FREE_EMPHASIS: Emphasis ""extension hombro"" en un padre sin cabezas declaradas (Dorsales). || 1.5_FREE_EMPHASIS: Emphasis libre ""esternal"" en Pectorales. || 3.1_IQR_SSC: ssc=0.4 es outlier IQR para tipo=Aislamiento, equipo=Polea (-0.05–0.35). || 3.1_IQR_TTC: ttc=1.8 es outlier IQR para tipo=Aislamiento, equipo=Polea (1.35–1.75).",
226,back_pullover_polea_unilateral,Pullover en Polea Alta Unilateral,Aislamiento,Polea,Tirón Vertical,,2.5,2.0,0.4,1.8,Dorsales,Dorsales:primary:1.0:extension hombro | Pectorales:secondary:0.6:esternal | Tríceps:secondary:0.5:cabeza larga | Core:stabilizer:0.3:,0,5,YELLOW,3.2_DEAD_STABILIZER_GATE | 1.5_FREE_EMPHASIS | 1.5_FREE_EMPHASIS | 3.1_IQR_SSC | 3.1_IQR_TTC,"3.2_DEAD_STABILIZER_GATE: Tiene stabilizers pero ssc=0.4<1.5; el gate puede volverlos dato muerto. || 1.5_FREE_EMPHASIS: Emphasis ""extension hombro"" en un padre sin cabezas declaradas (Dorsales). || 1.5_FREE_EMPHASIS: Emphasis libre ""esternal"" en Pectorales. || 3.1_IQR_SSC: ssc=0.4 es outlier IQR para tipo=Aislamiento, equipo=Polea (-0.05–0.35). || 3.1_IQR_TTC: ttc=1.8 es outlier IQR para tipo=Aislamiento, equipo=Polea (1.35–1.75).",
227,back_pullover_banda,Pullover en Banda Elástica,Aislamiento,Banda Elástica,Tirón Vertical,,2.5,2.0,0.4,1.8,Dorsales,Dorsales:primary:1.0:extension hombro | Pectorales:secondary:0.6:esternal | Tríceps:secondary:0.5:cabeza larga | Core:stabilizer:0.3:,0,5,YELLOW,3.2_DEAD_STABILIZER_GATE | 1.5_FREE_EMPHASIS | 1.5_FREE_EMPHASIS | 3.1_IQR_SSC | 3.1_IQR_TTC,"3.2_DEAD_STABILIZER_GATE: Tiene stabilizers pero ssc=0.4<1.5; el gate puede volverlos dato muerto. || 1.5_FREE_EMPHASIS: Emphasis ""extension hombro"" en un padre sin cabezas declaradas (Dorsales). || 1.5_FREE_EMPHASIS: Emphasis libre ""esternal"" en Pectorales. || 3.1_IQR_SSC: ssc=0.4 es outlier IQR para tipo=Aislamiento, equipo=Banda Elástica (-0.05–0.35). || 3.1_IQR_TTC: ttc=1.8 es outlier IQR para tipo=Aislamiento, equipo=Banda Elástica (1.35–1.75).",
228,back_pullover_maquina,Pullover en Máquina,Aislamiento,Máquina,Tirón Vertical,,2.5,2.0,0.4,1.8,Dorsales,Dorsales:primary:1.0:extension hombro | Pectorales:secondary:0.6:esternal | Tríceps:secondary:0.5:cabeza larga | Core:stabilizer:0.3:,0,3,YELLOW,3.2_DEAD_STABILIZER_GATE | 1.5_FREE_EMPHASIS | 1.5_FREE_EMPHASIS,"3.2_DEAD_STABILIZER_GATE: Tiene stabilizers pero ssc=0.4<1.5; el gate puede volverlos dato muerto. || 1.5_FREE_EMPHASIS: Emphasis ""extension hombro"" en un padre sin cabezas declaradas (Dorsales). || 1.5_FREE_EMPHASIS: Emphasis libre ""esternal"" en Pectorales.",
229,back_encogimientos_barra_recta,Encogimientos de Hombros con Barra Recta,Aislamiento,Barra,Elevación Escapular,,2.5,2.0,0.4,1.8,Trapecio Superior,Trapecio:primary:1.0:superior | Antebrazo:secondary:0.5:agarre,0,2,BLUE,1.5_FREE_EMPHASIS | 3.1_IQR_TTC,"1.5_FREE_EMPHASIS: Emphasis libre ""agarre"" en Antebrazo. || 3.1_IQR_TTC: ttc=1.8 es outlier IQR para tipo=Aislamiento, equipo=Barra (1.35–1.75).",
230,back_encogimientos_barra_hexagonal,Encogimientos de Hombros con Barra Hexagonal,Aislamiento,Barra Hexagonal,Elevación Escapular,,2.5,2.0,0.4,1.8,Trapecio Superior,Trapecio:primary:1.0:superior | Antebrazo:secondary:0.5:agarre,0,1,BLUE,1.5_FREE_EMPHASIS,"1.5_FREE_EMPHASIS: Emphasis libre ""agarre"" en Antebrazo.",
231,back_encogimientos_tras_nuca_barra,Encogimientos de Hombros por Detrás con Barra,Aislamiento,Barra,Elevación Escapular,,2.5,2.0,0.4,1.8,Trapecio Superior,Trapecio:primary:1.0:superior | Antebrazo:secondary:0.5:agarre,0,2,BLUE,1.5_FREE_EMPHASIS | 3.1_IQR_TTC,"1.5_FREE_EMPHASIS: Emphasis libre ""agarre"" en Antebrazo. || 3.1_IQR_TTC: ttc=1.8 es outlier IQR para tipo=Aislamiento, equipo=Barra (1.35–1.75).",
232,back_encogimientos_mancuernas,Encogimientos de Hombros con Mancuernas,Aislamiento,Mancuerna,Elevación Escapular,,2.5,2.0,0.4,1.8,Trapecio Superior,Trapecio:primary:1.0:superior | Antebrazo:secondary:0.5:agarre,0,2,BLUE,1.5_FREE_EMPHASIS | 3.1_IQR_TTC,"1.5_FREE_EMPHASIS: Emphasis libre ""agarre"" en Antebrazo. || 3.1_IQR_TTC: ttc=1.8 es outlier IQR para tipo=Aislamiento, equipo=Mancuerna (1.35–1.75).",
233,back_encogimientos_kettlebell,Encogimientos de Hombros con Kettlebell,Aislamiento,Kettlebell,Elevación Escapular,,2.5,2.0,0.4,1.8,Trapecio Superior,Trapecio:primary:1.0:superior | Antebrazo:secondary:0.5:agarre,0,3,BLUE,1.5_FREE_EMPHASIS | 3.1_IQR_SSC | 3.1_IQR_TTC,"1.5_FREE_EMPHASIS: Emphasis libre ""agarre"" en Antebrazo. || 3.1_IQR_SSC: ssc=0.4 es outlier IQR para tipo=Aislamiento, equipo=Kettlebell (-0.05–0.35). || 3.1_IQR_TTC: ttc=1.8 es outlier IQR para tipo=Aislamiento, equipo=Kettlebell (1.35–1.75).",
234,back_encogimientos_polea,Encogimientos de Hombros en Polea,Aislamiento,Polea,Elevación Escapular,,2.5,2.0,0.4,1.8,Trapecio Superior,Trapecio:primary:1.0:superior | Antebrazo:secondary:0.5:agarre,0,3,BLUE,1.5_FREE_EMPHASIS | 3.1_IQR_SSC | 3.1_IQR_TTC,"1.5_FREE_EMPHASIS: Emphasis libre ""agarre"" en Antebrazo. || 3.1_IQR_SSC: ssc=0.4 es outlier IQR para tipo=Aislamiento, equipo=Polea (-0.05–0.35). || 3.1_IQR_TTC: ttc=1.8 es outlier IQR para tipo=Aislamiento, equipo=Polea (1.35–1.75).",
235,back_encogimientos_maquina_smith,Encogimientos de Hombros en Máquina Smith,Aislamiento,Máquina Smith,Elevación Escapular,,2.5,2.0,0.4,1.8,Trapecio Superior,Trapecio:primary:1.0:superior | Antebrazo:secondary:0.5:agarre,0,1,BLUE,1.5_FREE_EMPHASIS,"1.5_FREE_EMPHASIS: Emphasis libre ""agarre"" en Antebrazo.",
236,back_encogimientos_maquina,Encogimientos de Hombros en Máquina,Aislamiento,Máquina,Elevación Escapular,,2.5,2.0,0.4,1.8,Trapecio Superior,Trapecio:primary:1.0:superior | Antebrazo:secondary:0.5:agarre,0,1,BLUE,1.5_FREE_EMPHASIS,"1.5_FREE_EMPHASIS: Emphasis libre ""agarre"" en Antebrazo.",
237,back_encogimientos_maquina_barra_t,Encogimientos de Hombros en Máquina de Barra T,Aislamiento,Máquina,Elevación Escapular,,2.5,2.0,0.4,1.8,Trapecio Superior,Trapecio:primary:1.0:superior | Antebrazo:secondary:0.5:agarre,0,1,BLUE,1.5_FREE_EMPHASIS,"1.5_FREE_EMPHASIS: Emphasis libre ""agarre"" en Antebrazo.",
238,back_encogimientos_kelso_banco_plano_mancuernas,Encogimientos Kelso en Banco Plano con Mancuernas,Aislamiento,Mancuerna,Elevación Escapular,,2.5,2.0,0.4,1.8,Trapecio Medio,Trapecio:primary:1.0:medio/romboides | Dorsales:secondary:0.6: | Deltoides:secondary:0.5:posterior,0,1,BLUE,3.1_IQR_TTC,"3.1_IQR_TTC: ttc=1.8 es outlier IQR para tipo=Aislamiento, equipo=Mancuerna (1.35–1.75).",YES
239,back_encogimientos_kelso_banco_inclinado_mancuernas,Encogimientos Kelso en Banco Inclinado con Mancuernas,Aislamiento,Mancuerna,Elevación Escapular,,2.5,2.0,0.4,1.8,Trapecio Medio,Trapecio:primary:1.0:medio/romboides | Dorsales:secondary:0.6: | Deltoides:secondary:0.5:posterior,0,1,BLUE,3.1_IQR_TTC,"3.1_IQR_TTC: ttc=1.8 es outlier IQR para tipo=Aislamiento, equipo=Mancuerna (1.35–1.75).",
240,back_encogimientos_kelso_banco_plano_barra_ez,Encogimientos Kelso en Banco Plano con Barra EZ,Aislamiento,Barra EZ,Elevación Escapular,,2.5,2.0,0.4,1.8,Trapecio Medio,Trapecio:primary:1.0:medio/romboides | Dorsales:secondary:0.6: | Deltoides:secondary:0.5:posterior,0,2,BLUE,3.1_IQR_SSC | 3.1_IQR_TTC,"3.1_IQR_SSC: ssc=0.4 es outlier IQR para tipo=Aislamiento, equipo=Barra EZ (-0.05–0.35). || 3.1_IQR_TTC: ttc=1.8 es outlier IQR para tipo=Aislamiento, equipo=Barra EZ (1.35–1.75).",
241,back_encogimientos_kelso_banco_inclinado_barra_ez,Encogimientos Kelso en Banco Inclinado con Barra EZ,Aislamiento,Barra EZ,Elevación Escapular,,2.5,2.0,0.4,1.8,Trapecio Medio,Trapecio:primary:1.0:medio/romboides | Dorsales:secondary:0.6: | Deltoides:secondary:0.5:posterior,0,2,BLUE,3.1_IQR_SSC | 3.1_IQR_TTC,"3.1_IQR_SSC: ssc=0.4 es outlier IQR para tipo=Aislamiento, equipo=Barra EZ (-0.05–0.35). || 3.1_IQR_TTC: ttc=1.8 es outlier IQR para tipo=Aislamiento, equipo=Barra EZ (1.35–1.75).",
242,back_encogimientos_kelso_banco_plano_kettlebell,Encogimientos Kelso en Banco Plano con Kettlebells,Aislamiento,Kettlebell,Elevación Escapular,,2.5,2.0,0.4,1.8,Trapecio Medio,Trapecio:primary:1.0:medio/romboides | Dorsales:secondary:0.6: | Deltoides:secondary:0.5:posterior,0,2,BLUE,3.1_IQR_SSC | 3.1_IQR_TTC,"3.1_IQR_SSC: ssc=0.4 es outlier IQR para tipo=Aislamiento, equipo=Kettlebell (-0.05–0.35). || 3.1_IQR_TTC: ttc=1.8 es outlier IQR para tipo=Aislamiento, equipo=Kettlebell (1.35–1.75).",
243,back_encogimientos_kelso_banco_inclinado_kettlebell,Encogimientos Kelso en Banco Inclinado con Kettlebells,Aislamiento,Kettlebell,Elevación Escapular,,2.5,2.0,0.4,1.8,Trapecio Medio,Trapecio:primary:1.0:medio/romboides | Dorsales:secondary:0.6: | Deltoides:secondary:0.5:posterior,0,2,BLUE,3.1_IQR_SSC | 3.1_IQR_TTC,"3.1_IQR_SSC: ssc=0.4 es outlier IQR para tipo=Aislamiento, equipo=Kettlebell (-0.05–0.35). || 3.1_IQR_TTC: ttc=1.8 es outlier IQR para tipo=Aislamiento, equipo=Kettlebell (1.35–1.75).",YES
244,back_encogimientos_kelso_polea,Encogimientos Kelso en Polea,Aislamiento,Polea,Elevación Escapular,,2.5,2.0,0.4,1.8,Trapecio Medio,Trapecio:primary:1.0:medio/romboides | Dorsales:secondary:0.6: | Deltoides:secondary:0.5:posterior,0,2,BLUE,3.1_IQR_SSC | 3.1_IQR_TTC,"3.1_IQR_SSC: ssc=0.4 es outlier IQR para tipo=Aislamiento, equipo=Polea (-0.05–0.35). || 3.1_IQR_TTC: ttc=1.8 es outlier IQR para tipo=Aislamiento, equipo=Polea (1.35–1.75).",
245,back_encogimientos_kelso_banda,Encogimientos Kelso en Banda Elástica,Aislamiento,Banda Elástica,Elevación Escapular,,2.5,2.0,0.4,1.8,Trapecio Medio,Trapecio:primary:1.0:medio/romboides | Dorsales:secondary:0.6: | Deltoides:secondary:0.5:posterior,0,2,BLUE,3.1_IQR_SSC | 3.1_IQR_TTC,"3.1_IQR_SSC: ssc=0.4 es outlier IQR para tipo=Aislamiento, equipo=Banda Elástica (-0.05–0.35). || 3.1_IQR_TTC: ttc=1.8 es outlier IQR para tipo=Aislamiento, equipo=Banda Elástica (1.35–1.75).",
246,back_band_pull_apart,Band Pull-Apart,Aislamiento,Banda Elástica,Tirón Horizontal,,2.5,2.0,0.4,1.8,Trapecio / Escapular,Trapecio:primary:1: | Deltoides:secondary:0.5:,0,2,BLUE,3.1_IQR_SSC | 3.1_IQR_TTC,"3.1_IQR_SSC: ssc=0.4 es outlier IQR para tipo=Aislamiento, equipo=Banda Elástica (-0.05–0.35). || 3.1_IQR_TTC: ttc=1.8 es outlier IQR para tipo=Aislamiento, equipo=Banda Elástica (1.35–1.75).",
247,back_y_raises_mancuernas,Y-Raises con Mancuernas,Aislamiento,Mancuerna,Elevación Escapular,,2.5,2.0,0.4,1.8,Trapecio Inferior,Trapecio:primary:1.0:medio/superior | Dorsales:primary:0.8:superior | Deltoides:secondary:0.6:posterior | Bíceps:secondary:0.5:sinergista | Erectores Espinales:secondary:0.2:,0,5,ORANGE,1.1_ACTIVATION_ROLE | 1.2_MULTIPLE_PRIMARY | 1.5_FREE_EMPHASIS | 1.5_FREE_EMPHASIS | 3.1_IQR_TTC,"1.1_ACTIVATION_ROLE: Erectores Espinales/secondary usa activation=0.2. || 1.2_MULTIPLE_PRIMARY: Múltiples primarios: Trapecio, Dorsales. || 1.5_FREE_EMPHASIS: Emphasis ""superior"" en un padre sin cabezas declaradas (Dorsales). || 1.5_FREE_EMPHASIS: Emphasis libre ""sinergista"" en Bíceps. || 3.1_IQR_TTC: ttc=1.8 es outlier IQR para tipo=Aislamiento, equipo=Mancuerna (1.35–1.75).",
248,back_y_raises_kettlebell,Y-Raises con Kettlebells,Aislamiento,Kettlebell,Elevación Escapular,,2.5,2.0,0.4,1.8,Trapecio Inferior,Trapecio:primary:1.0:medio/superior | Dorsales:primary:0.8:superior | Deltoides:secondary:0.6:posterior | Bíceps:secondary:0.5:sinergista | Erectores Espinales:secondary:0.2:,0,6,ORANGE,1.1_ACTIVATION_ROLE | 1.2_MULTIPLE_PRIMARY | 1.5_FREE_EMPHASIS | 1.5_FREE_EMPHASIS | 3.1_IQR_SSC | 3.1_IQR_TTC,"1.1_ACTIVATION_ROLE: Erectores Espinales/secondary usa activation=0.2. || 1.2_MULTIPLE_PRIMARY: Múltiples primarios: Trapecio, Dorsales. || 1.5_FREE_EMPHASIS: Emphasis ""superior"" en un padre sin cabezas declaradas (Dorsales). || 1.5_FREE_EMPHASIS: Emphasis libre ""sinergista"" en Bíceps. || 3.1_IQR_SSC: ssc=0.4 es outlier IQR para tipo=Aislamiento, equipo=Kettlebell (-0.05–0.35). || 3.1_IQR_TTC: ttc=1.8 es outlier IQR para tipo=Aislamiento, equipo=Kettlebell (1.35–1.75).",
249,back_y_raises_polea,Y-Raises en Polea,Aislamiento,Polea,Elevación Escapular,,2.5,2.0,0.4,1.8,Trapecio Inferior,Trapecio:primary:1.0:medio/superior | Dorsales:primary:0.8:superior | Deltoides:secondary:0.6:posterior | Bíceps:secondary:0.5:sinergista | Erectores Espinales:secondary:0.2:,0,6,ORANGE,1.1_ACTIVATION_ROLE | 1.2_MULTIPLE_PRIMARY | 1.5_FREE_EMPHASIS | 1.5_FREE_EMPHASIS | 3.1_IQR_SSC | 3.1_IQR_TTC,"1.1_ACTIVATION_ROLE: Erectores Espinales/secondary usa activation=0.2. || 1.2_MULTIPLE_PRIMARY: Múltiples primarios: Trapecio, Dorsales. || 1.5_FREE_EMPHASIS: Emphasis ""superior"" en un padre sin cabezas declaradas (Dorsales). || 1.5_FREE_EMPHASIS: Emphasis libre ""sinergista"" en Bíceps. || 3.1_IQR_SSC: ssc=0.4 es outlier IQR para tipo=Aislamiento, equipo=Polea (-0.05–0.35). || 3.1_IQR_TTC: ttc=1.8 es outlier IQR para tipo=Aislamiento, equipo=Polea (1.35–1.75).",
250,back_dominadas_escapulares,Dominadas Escapulares,Aislamiento,Peso Corporal,Elevación Escapular,,2.5,2.0,0.4,1.8,Trapecio Inferior,Dorsales:primary:1.0:anchura/superior | Trapecio:secondary:0.6:inferior/romboides | Deltoides:secondary:0.5:posterior | Bíceps:secondary:0.5:sinergista,0,3,RED,2.1_PATTERN_PRIMARY | 1.5_FREE_EMPHASIS | 1.5_FREE_EMPHASIS,"2.1_PATTERN_PRIMARY: Elevación Escapular espera ['Trapecio'], pero primary=['Dorsales']. || 1.5_FREE_EMPHASIS: Emphasis ""anchura/superior"" en un padre sin cabezas declaradas (Dorsales). || 1.5_FREE_EMPHASIS: Emphasis libre ""sinergista"" en Bíceps.",
251,back_hiperextensiones_45,Hiperextensiones a 45º,Aislamiento,Peso Corporal,Bisagra,,2.5,2.0,0.4,1.8,Lumbar,Erectores Espinales:primary:1.0:lumbar/espinal | Glúteo Mayor:secondary:0.6: | Isquiosurales:secondary:0.6:,0,3,RED,2.1_PATTERN_PRIMARY | 1.4_NONCANONICAL_MUSCLE | 1.5_FREE_EMPHASIS,"2.1_PATTERN_PRIMARY: Bisagra espera ['Glúteos', 'Isquiosurales'], pero primary=['Erectores Espinales']. || 1.4_NONCANONICAL_MUSCLE: ""Glúteo Mayor"" no pertenece a los 17 padres de ExerciseAnatomy.kt. || 1.5_FREE_EMPHASIS: Emphasis ""lumbar/espinal"" en un padre sin cabezas declaradas (Erectores Espinales).",
252,back_hiperextensiones_45_lastradas,Hiperextensiones a 45º Lastradas,Aislamiento,Disco,Bisagra,,2.5,2.0,0.4,1.8,Lumbar,Erectores Espinales:primary:1.0:lumbar/espinal | Glúteo Mayor:secondary:0.6: | Isquiosurales:secondary:0.6:,0,3,RED,2.1_PATTERN_PRIMARY | 1.4_NONCANONICAL_MUSCLE | 1.5_FREE_EMPHASIS,"2.1_PATTERN_PRIMARY: Bisagra espera ['Glúteos', 'Isquiosurales'], pero primary=['Erectores Espinales']. || 1.4_NONCANONICAL_MUSCLE: ""Glúteo Mayor"" no pertenece a los 17 padres de ExerciseAnatomy.kt. || 1.5_FREE_EMPHASIS: Emphasis ""lumbar/espinal"" en un padre sin cabezas declaradas (Erectores Espinales).",
253,back_hiperextensiones_horizontales,Hiperextensiones Horizontales,Aislamiento,Peso Corporal,Bisagra,,2.5,2.0,0.4,1.8,Lumbar,Erectores Espinales:primary:1.0:lumbar/espinal | Glúteo Mayor:secondary:0.6: | Isquiosurales:secondary:0.6:,0,3,RED,2.1_PATTERN_PRIMARY | 1.4_NONCANONICAL_MUSCLE | 1.5_FREE_EMPHASIS,"2.1_PATTERN_PRIMARY: Bisagra espera ['Glúteos', 'Isquiosurales'], pero primary=['Erectores Espinales']. || 1.4_NONCANONICAL_MUSCLE: ""Glúteo Mayor"" no pertenece a los 17 padres de ExerciseAnatomy.kt. || 1.5_FREE_EMPHASIS: Emphasis ""lumbar/espinal"" en un padre sin cabezas declaradas (Erectores Espinales).",
254,back_reverse_hyper,Reverse Hyper,Aislamiento,Máquina,Bisagra,,2.5,2.0,0.4,1.8,Lumbar,Erectores Espinales:primary:1.0:lumbar/espinal | Glúteo Mayor:secondary:0.6: | Isquiosurales:secondary:0.6:,0,3,RED,2.1_PATTERN_PRIMARY | 1.4_NONCANONICAL_MUSCLE | 1.5_FREE_EMPHASIS,"2.1_PATTERN_PRIMARY: Bisagra espera ['Glúteos', 'Isquiosurales'], pero primary=['Erectores Espinales']. || 1.4_NONCANONICAL_MUSCLE: ""Glúteo Mayor"" no pertenece a los 17 padres de ExerciseAnatomy.kt. || 1.5_FREE_EMPHASIS: Emphasis ""lumbar/espinal"" en un padre sin cabezas declaradas (Erectores Espinales).",
255,back_superman_suelo,Superman en Suelo,Aislamiento,Peso Corporal,Bisagra,,2.5,2.0,0.4,1.8,Lumbar,Erectores Espinales:primary:1.0:lumbar/espinal | Glúteo Mayor:secondary:0.6: | Isquiosurales:secondary:0.6:,0,3,RED,2.1_PATTERN_PRIMARY | 1.4_NONCANONICAL_MUSCLE | 1.5_FREE_EMPHASIS,"2.1_PATTERN_PRIMARY: Bisagra espera ['Glúteos', 'Isquiosurales'], pero primary=['Erectores Espinales']. || 1.4_NONCANONICAL_MUSCLE: ""Glúteo Mayor"" no pertenece a los 17 padres de ExerciseAnatomy.kt. || 1.5_FREE_EMPHASIS: Emphasis ""lumbar/espinal"" en un padre sin cabezas declaradas (Erectores Espinales).",
256,back_jefferson_curl_barra_recta,Jefferson Curl con Barra Recta,Aislamiento,Barra,Bisagra,,2.5,2.0,0.4,1.8,Lumbar / Espinal,Erectores Espinales:primary:1.0:lumbar/espinal | Glúteo Mayor:secondary:0.6: | Isquiosurales:secondary:0.6:,0,5,RED,2.1_PATTERN_PRIMARY | 3.1_HINGE_LOW_SSC | 1.4_NONCANONICAL_MUSCLE | 1.5_FREE_EMPHASIS | 3.1_IQR_TTC,"2.1_PATTERN_PRIMARY: Bisagra espera ['Glúteos', 'Isquiosurales'], pero primary=['Erectores Espinales']. || 3.1_HINGE_LOW_SSC: Bisagra con barra usa ssc=0.4. || 1.4_NONCANONICAL_MUSCLE: ""Glúteo Mayor"" no pertenece a los 17 padres de ExerciseAnatomy.kt. || 1.5_FREE_EMPHASIS: Emphasis ""lumbar/espinal"" en un padre sin cabezas declaradas (Erectores Espinales). || 3.1_IQR_TTC: ttc=1.8 es outlier IQR para tipo=Aislamiento, equipo=Barra (1.35–1.75).",
257,back_jefferson_curl_barra_ez,Jefferson Curl con Barra EZ,Aislamiento,Barra EZ,Bisagra,,2.5,2.0,0.4,1.8,Lumbar / Espinal,Erectores Espinales:primary:1.0:lumbar/espinal | Glúteo Mayor:secondary:0.6: | Isquiosurales:secondary:0.6:,0,5,RED,2.1_PATTERN_PRIMARY | 1.4_NONCANONICAL_MUSCLE | 1.5_FREE_EMPHASIS | 3.1_IQR_SSC | 3.1_IQR_TTC,"2.1_PATTERN_PRIMARY: Bisagra espera ['Glúteos', 'Isquiosurales'], pero primary=['Erectores Espinales']. || 1.4_NONCANONICAL_MUSCLE: ""Glúteo Mayor"" no pertenece a los 17 padres de ExerciseAnatomy.kt. || 1.5_FREE_EMPHASIS: Emphasis ""lumbar/espinal"" en un padre sin cabezas declaradas (Erectores Espinales). || 3.1_IQR_SSC: ssc=0.4 es outlier IQR para tipo=Aislamiento, equipo=Barra EZ (-0.05–0.35). || 3.1_IQR_TTC: ttc=1.8 es outlier IQR para tipo=Aislamiento, equipo=Barra EZ (1.35–1.75).",
258,back_jefferson_curl_mancuerna,Jefferson Curl con Mancuerna,Aislamiento,Mancuerna,Bisagra,,2.5,2.0,0.4,1.8,Lumbar / Espinal,Erectores Espinales:primary:1.0:lumbar/espinal | Glúteo Mayor:secondary:0.6: | Isquiosurales:secondary:0.6:,0,4,RED,2.1_PATTERN_PRIMARY | 1.4_NONCANONICAL_MUSCLE | 1.5_FREE_EMPHASIS | 3.1_IQR_TTC,"2.1_PATTERN_PRIMARY: Bisagra espera ['Glúteos', 'Isquiosurales'], pero primary=['Erectores Espinales']. || 1.4_NONCANONICAL_MUSCLE: ""Glúteo Mayor"" no pertenece a los 17 padres de ExerciseAnatomy.kt. || 1.5_FREE_EMPHASIS: Emphasis ""lumbar/espinal"" en un padre sin cabezas declaradas (Erectores Espinales). || 3.1_IQR_TTC: ttc=1.8 es outlier IQR para tipo=Aislamiento, equipo=Mancuerna (1.35–1.75).",
259,back_jefferson_curl_kettlebell,Jefferson Curl con Kettlebell,Aislamiento,Kettlebell,Bisagra,,2.5,2.0,0.4,1.8,Lumbar / Espinal,Erectores Espinales:primary:1.0:lumbar/espinal | Glúteo Mayor:secondary:0.6: | Isquiosurales:secondary:0.6:,0,5,RED,2.1_PATTERN_PRIMARY | 1.4_NONCANONICAL_MUSCLE | 1.5_FREE_EMPHASIS | 3.1_IQR_SSC | 3.1_IQR_TTC,"2.1_PATTERN_PRIMARY: Bisagra espera ['Glúteos', 'Isquiosurales'], pero primary=['Erectores Espinales']. || 1.4_NONCANONICAL_MUSCLE: ""Glúteo Mayor"" no pertenece a los 17 padres de ExerciseAnatomy.kt. || 1.5_FREE_EMPHASIS: Emphasis ""lumbar/espinal"" en un padre sin cabezas declaradas (Erectores Espinales). || 3.1_IQR_SSC: ssc=0.4 es outlier IQR para tipo=Aislamiento, equipo=Kettlebell (-0.05–0.35). || 3.1_IQR_TTC: ttc=1.8 es outlier IQR para tipo=Aislamiento, equipo=Kettlebell (1.35–1.75).",
260,back_jefferson_curl_disco,Jefferson Curl con Disco,Aislamiento,Disco,Bisagra,,2.5,2.0,0.4,1.8,Lumbar / Espinal,Erectores Espinales:primary:1.0:lumbar/espinal | Glúteo Mayor:secondary:0.6: | Isquiosurales:secondary:0.6:,0,3,RED,2.1_PATTERN_PRIMARY | 1.4_NONCANONICAL_MUSCLE | 1.5_FREE_EMPHASIS,"2.1_PATTERN_PRIMARY: Bisagra espera ['Glúteos', 'Isquiosurales'], pero primary=['Erectores Espinales']. || 1.4_NONCANONICAL_MUSCLE: ""Glúteo Mayor"" no pertenece a los 17 padres de ExerciseAnatomy.kt. || 1.5_FREE_EMPHASIS: Emphasis ""lumbar/espinal"" en un padre sin cabezas declaradas (Erectores Espinales).",
261,back_jefferson_curl_polea,Jefferson Curl en Polea,Aislamiento,Polea,Bisagra,,2.5,2.0,0.4,1.8,Lumbar / Espinal,Erectores Espinales:primary:1.0:lumbar/espinal | Glúteo Mayor:secondary:0.6: | Isquiosurales:secondary:0.6:,0,5,RED,2.1_PATTERN_PRIMARY | 1.4_NONCANONICAL_MUSCLE | 1.5_FREE_EMPHASIS | 3.1_IQR_SSC | 3.1_IQR_TTC,"2.1_PATTERN_PRIMARY: Bisagra espera ['Glúteos', 'Isquiosurales'], pero primary=['Erectores Espinales']. || 1.4_NONCANONICAL_MUSCLE: ""Glúteo Mayor"" no pertenece a los 17 padres de ExerciseAnatomy.kt. || 1.5_FREE_EMPHASIS: Emphasis ""lumbar/espinal"" en un padre sin cabezas declaradas (Erectores Espinales). || 3.1_IQR_SSC: ssc=0.4 es outlier IQR para tipo=Aislamiento, equipo=Polea (-0.05–0.35). || 3.1_IQR_TTC: ttc=1.8 es outlier IQR para tipo=Aislamiento, equipo=Polea (1.35–1.75).",
262,back_jefferson_curl_smith,Jefferson Curl en Máquina Smith,Aislamiento,Máquina Smith,Bisagra,,2.5,2.0,0.4,1.8,Lumbar / Espinal,Erectores Espinales:primary:1.0:lumbar/espinal | Glúteo Mayor:secondary:0.6: | Isquiosurales:secondary:0.6:,0,3,RED,2.1_PATTERN_PRIMARY | 1.4_NONCANONICAL_MUSCLE | 1.5_FREE_EMPHASIS,"2.1_PATTERN_PRIMARY: Bisagra espera ['Glúteos', 'Isquiosurales'], pero primary=['Erectores Espinales']. || 1.4_NONCANONICAL_MUSCLE: ""Glúteo Mayor"" no pertenece a los 17 padres de ExerciseAnatomy.kt. || 1.5_FREE_EMPHASIS: Emphasis ""lumbar/espinal"" en un padre sin cabezas declaradas (Erectores Espinales).",
263,back_extension_lumbar_maquina,Extensión Lumbar en Máquina,Aislamiento,Máquina,Bisagra,,2.5,2.0,0.4,1.8,Lumbar,Erectores Espinales:primary:1.0:lumbar/espinal | Glúteo Mayor:secondary:0.6:,0,3,RED,2.1_PATTERN_PRIMARY | 1.4_NONCANONICAL_MUSCLE | 1.5_FREE_EMPHASIS,"2.1_PATTERN_PRIMARY: Bisagra espera ['Glúteos', 'Isquiosurales'], pero primary=['Erectores Espinales']. || 1.4_NONCANONICAL_MUSCLE: ""Glúteo Mayor"" no pertenece a los 17 padres de ExerciseAnatomy.kt. || 1.5_FREE_EMPHASIS: Emphasis ""lumbar/espinal"" en un padre sin cabezas declaradas (Erectores Espinales).",
264,back_extension_lumbar_polea,Extensión Lumbar en Polea Baja,Aislamiento,Polea,Bisagra,,2.5,2.0,0.4,1.8,Lumbar,Erectores Espinales:primary:1.0:lumbar/espinal | Glúteo Mayor:secondary:0.6:,0,5,RED,2.1_PATTERN_PRIMARY | 1.4_NONCANONICAL_MUSCLE | 1.5_FREE_EMPHASIS | 3.1_IQR_SSC | 3.1_IQR_TTC,"2.1_PATTERN_PRIMARY: Bisagra espera ['Glúteos', 'Isquiosurales'], pero primary=['Erectores Espinales']. || 1.4_NONCANONICAL_MUSCLE: ""Glúteo Mayor"" no pertenece a los 17 padres de ExerciseAnatomy.kt. || 1.5_FREE_EMPHASIS: Emphasis ""lumbar/espinal"" en un padre sin cabezas declaradas (Erectores Espinales). || 3.1_IQR_SSC: ssc=0.4 es outlier IQR para tipo=Aislamiento, equipo=Polea (-0.05–0.35). || 3.1_IQR_TTC: ttc=1.8 es outlier IQR para tipo=Aislamiento, equipo=Polea (1.35–1.75).",
265,back_buenos_dias_polea,Buenos Días en Polea Baja,Aislamiento,Polea,Bisagra,,2.5,2.0,0.4,1.8,Lumbar,Erectores Espinales:primary:1.0:lumbar/espinal | Isquiosurales:secondary:0.6: | Glúteo Mayor:secondary:0.6:,0,5,RED,2.1_PATTERN_PRIMARY | 1.4_NONCANONICAL_MUSCLE | 1.5_FREE_EMPHASIS | 3.1_IQR_SSC | 3.1_IQR_TTC,"2.1_PATTERN_PRIMARY: Bisagra espera ['Glúteos', 'Isquiosurales'], pero primary=['Erectores Espinales']. || 1.4_NONCANONICAL_MUSCLE: ""Glúteo Mayor"" no pertenece a los 17 padres de ExerciseAnatomy.kt. || 1.5_FREE_EMPHASIS: Emphasis ""lumbar/espinal"" en un padre sin cabezas declaradas (Erectores Espinales). || 3.1_IQR_SSC: ssc=0.4 es outlier IQR para tipo=Aislamiento, equipo=Polea (-0.05–0.35). || 3.1_IQR_TTC: ttc=1.8 es outlier IQR para tipo=Aislamiento, equipo=Polea (1.35–1.75).",
266,back_buenos_dias_zercher_barra,Buenos Días Zercher con Barra,Aislamiento,Barra,Bisagra,,2.5,2.0,0.4,1.8,Lumbar,Erectores Espinales:primary:1.0:lumbar/espinal | Isquiosurales:secondary:0.6: | Glúteo Mayor:secondary:0.6: | Core:secondary:0.6:,0,5,RED,2.1_PATTERN_PRIMARY | 3.1_HINGE_LOW_SSC | 1.4_NONCANONICAL_MUSCLE | 1.5_FREE_EMPHASIS | 3.1_IQR_TTC,"2.1_PATTERN_PRIMARY: Bisagra espera ['Glúteos', 'Isquiosurales'], pero primary=['Erectores Espinales']. || 3.1_HINGE_LOW_SSC: Bisagra con barra usa ssc=0.4. || 1.4_NONCANONICAL_MUSCLE: ""Glúteo Mayor"" no pertenece a los 17 padres de ExerciseAnatomy.kt. || 1.5_FREE_EMPHASIS: Emphasis ""lumbar/espinal"" en un padre sin cabezas declaradas (Erectores Espinales). || 3.1_IQR_TTC: ttc=1.8 es outlier IQR para tipo=Aislamiento, equipo=Barra (1.35–1.75).",
267,back_buenos_dias_kettlebell,Buenos Días con Kettlebell,Aislamiento,Kettlebell,Bisagra,,2.5,2.0,0.4,1.8,Lumbar,Erectores Espinales:primary:1.0:lumbar/espinal | Isquiosurales:secondary:0.6: | Glúteo Mayor:secondary:0.6:,0,5,RED,2.1_PATTERN_PRIMARY | 1.4_NONCANONICAL_MUSCLE | 1.5_FREE_EMPHASIS | 3.1_IQR_SSC | 3.1_IQR_TTC,"2.1_PATTERN_PRIMARY: Bisagra espera ['Glúteos', 'Isquiosurales'], pero primary=['Erectores Espinales']. || 1.4_NONCANONICAL_MUSCLE: ""Glúteo Mayor"" no pertenece a los 17 padres de ExerciseAnatomy.kt. || 1.5_FREE_EMPHASIS: Emphasis ""lumbar/espinal"" en un padre sin cabezas declaradas (Erectores Espinales). || 3.1_IQR_SSC: ssc=0.4 es outlier IQR para tipo=Aislamiento, equipo=Kettlebell (-0.05–0.35). || 3.1_IQR_TTC: ttc=1.8 es outlier IQR para tipo=Aislamiento, equipo=Kettlebell (1.35–1.75).",
268,back_buenos_dias_disco,Buenos Días con Disco,Aislamiento,Disco,Bisagra,,2.5,2.0,0.4,1.8,Lumbar,Erectores Espinales:primary:1.0:lumbar/espinal | Isquiosurales:secondary:0.6: | Glúteo Mayor:secondary:0.6:,0,3,RED,2.1_PATTERN_PRIMARY | 1.4_NONCANONICAL_MUSCLE | 1.5_FREE_EMPHASIS,"2.1_PATTERN_PRIMARY: Bisagra espera ['Glúteos', 'Isquiosurales'], pero primary=['Erectores Espinales']. || 1.4_NONCANONICAL_MUSCLE: ""Glúteo Mayor"" no pertenece a los 17 padres de ExerciseAnatomy.kt. || 1.5_FREE_EMPHASIS: Emphasis ""lumbar/espinal"" en un padre sin cabezas declaradas (Erectores Espinales).",
269,back_hiperextensiones_45_barra,Hiperextensiones a 45º con Barra,Aislamiento,Barra,Bisagra,,2.5,2.0,0.4,1.8,Lumbar,Erectores Espinales:primary:1.0:lumbar/espinal | Glúteo Mayor:secondary:0.6: | Isquiosurales:secondary:0.6:,0,5,RED,2.1_PATTERN_PRIMARY | 3.1_HINGE_LOW_SSC | 1.4_NONCANONICAL_MUSCLE | 1.5_FREE_EMPHASIS | 3.1_IQR_TTC,"2.1_PATTERN_PRIMARY: Bisagra espera ['Glúteos', 'Isquiosurales'], pero primary=['Erectores Espinales']. || 3.1_HINGE_LOW_SSC: Bisagra con barra usa ssc=0.4. || 1.4_NONCANONICAL_MUSCLE: ""Glúteo Mayor"" no pertenece a los 17 padres de ExerciseAnatomy.kt. || 1.5_FREE_EMPHASIS: Emphasis ""lumbar/espinal"" en un padre sin cabezas declaradas (Erectores Espinales). || 3.1_IQR_TTC: ttc=1.8 es outlier IQR para tipo=Aislamiento, equipo=Barra (1.35–1.75).",
270,back_hiperextensiones_ghd,Extensión Lumbar en Banco GHD (Glute-Ham Developer),Aislamiento,Peso Corporal,Bisagra,,2.5,2.0,0.4,1.8,Lumbar,Erectores Espinales:primary:1.0:lumbar/espinal | Glúteo Mayor:secondary:0.6: | Isquiosurales:secondary:0.6:,0,3,RED,2.1_PATTERN_PRIMARY | 1.4_NONCANONICAL_MUSCLE | 1.5_FREE_EMPHASIS,"2.1_PATTERN_PRIMARY: Bisagra espera ['Glúteos', 'Isquiosurales'], pero primary=['Erectores Espinales']. || 1.4_NONCANONICAL_MUSCLE: ""Glúteo Mayor"" no pertenece a los 17 padres de ExerciseAnatomy.kt. || 1.5_FREE_EMPHASIS: Emphasis ""lumbar/espinal"" en un padre sin cabezas declaradas (Erectores Espinales).",
271,back_reverse_hyper_banco,Reverse Hyper en Banco Plano (Peso Corporal / Lastrado),Aislamiento,Peso Corporal,Bisagra,,2.5,2.0,0.4,1.8,Lumbar,Erectores Espinales:primary:1.0:lumbar/espinal | Glúteo Mayor:secondary:0.6: | Isquiosurales:secondary:0.6:,0,3,RED,2.1_PATTERN_PRIMARY | 1.4_NONCANONICAL_MUSCLE | 1.5_FREE_EMPHASIS,"2.1_PATTERN_PRIMARY: Bisagra espera ['Glúteos', 'Isquiosurales'], pero primary=['Erectores Espinales']. || 1.4_NONCANONICAL_MUSCLE: ""Glúteo Mayor"" no pertenece a los 17 padres de ExerciseAnatomy.kt. || 1.5_FREE_EMPHASIS: Emphasis ""lumbar/espinal"" en un padre sin cabezas declaradas (Erectores Espinales).",
272,biceps_curl_de_pie_supino_barra_recta,Curl de Bíceps de Pie con Barra Recta,Aislamiento,Barra,Flexión Codo,,2.0,1.6,0.1,1.5,Bíceps,Bíceps:primary:1.0:ambas cabezas | Antebrazo:secondary:0.5:,0,1,BLUE,1.5_FREE_EMPHASIS,"1.5_FREE_EMPHASIS: Emphasis libre ""ambas cabezas"" en Bíceps.",
273,biceps_curl_de_pie_supino_barra_ez,Curl de Bíceps de Pie con Barra EZ,Aislamiento,Barra EZ,Flexión Codo,,2.0,1.6,0.1,1.5,Bíceps,Bíceps:primary:1.0:ambas cabezas | Antebrazo:secondary:0.5:,0,1,BLUE,1.5_FREE_EMPHASIS,"1.5_FREE_EMPHASIS: Emphasis libre ""ambas cabezas"" en Bíceps.",
274,biceps_curl_de_pie_supino_mancuernas,Curl de Bíceps de Pie con Mancuernas,Aislamiento,Mancuerna,Flexión Codo,,2.0,1.6,0.1,1.5,Bíceps,Bíceps:primary:1.0:ambas cabezas | Antebrazo:secondary:0.5:,0,1,BLUE,1.5_FREE_EMPHASIS,"1.5_FREE_EMPHASIS: Emphasis libre ""ambas cabezas"" en Bíceps.",
275,biceps_curl_de_pie_supino_kettlebell,Curl de Bíceps de Pie con Kettlebell,Aislamiento,Kettlebell,Flexión Codo,,2.0,1.6,0.1,1.5,Bíceps,Bíceps:primary:1.0:ambas cabezas | Antebrazo:secondary:0.5:,0,1,BLUE,1.5_FREE_EMPHASIS,"1.5_FREE_EMPHASIS: Emphasis libre ""ambas cabezas"" en Bíceps.",
276,biceps_curl_de_pie_supino_polea,Curl de Bíceps de Pie en Polea,Aislamiento,Polea,Flexión Codo,,2.0,1.6,0.1,1.5,Bíceps,Bíceps:primary:1.0:ambas cabezas | Antebrazo:secondary:0.5:,0,1,BLUE,1.5_FREE_EMPHASIS,"1.5_FREE_EMPHASIS: Emphasis libre ""ambas cabezas"" en Bíceps.",
277,biceps_curl_de_pie_supino_polea_unilateral,Curl de Bíceps de Pie en Polea Unilateral,Aislamiento,Polea,Flexión Codo,,2.0,1.6,0.1,1.5,Bíceps,Bíceps:primary:1.0:ambas cabezas | Antebrazo:secondary:0.5:,0,1,BLUE,1.5_FREE_EMPHASIS,"1.5_FREE_EMPHASIS: Emphasis libre ""ambas cabezas"" en Bíceps.",
278,biceps_curl_de_pie_supino_banda,Curl de Bíceps de Pie en Banda Elástica,Aislamiento,Banda Elástica,Flexión Codo,,2.0,1.6,0.1,1.5,Bíceps,Bíceps:primary:1.0:ambas cabezas | Antebrazo:secondary:0.5:,0,1,BLUE,1.5_FREE_EMPHASIS,"1.5_FREE_EMPHASIS: Emphasis libre ""ambas cabezas"" en Bíceps.",
279,biceps_curl_de_pie_supino_maquina,Curl de Bíceps de Pie en Máquina,Aislamiento,Máquina,Flexión Codo,,2.0,1.6,0.1,1.5,Bíceps,Bíceps:primary:1.0:ambas cabezas | Antebrazo:secondary:0.5:,0,1,BLUE,1.5_FREE_EMPHASIS,"1.5_FREE_EMPHASIS: Emphasis libre ""ambas cabezas"" en Bíceps.",
280,biceps_curl_de_pie_supino_smith,Curl de Bíceps de Pie en Máquina Smith,Aislamiento,Máquina Smith,Flexión Codo,,2.0,1.6,0.1,1.5,Bíceps,Bíceps:primary:1.0:ambas cabezas | Antebrazo:secondary:0.5:,0,1,BLUE,1.5_FREE_EMPHASIS,"1.5_FREE_EMPHASIS: Emphasis libre ""ambas cabezas"" en Bíceps.",YES
281,biceps_curl_de_pie_martillo_barra_recta,Curl Martillo de Pie con Barra Recta,Aislamiento,Barra,Flexión Codo,,2.0,1.6,0.1,1.5,Bíceps,Bíceps:primary:1.0:braquial / braquiorradial | Antebrazo:secondary:0.7:,0,0,,,,
282,biceps_curl_de_pie_martillo_barra_ez,Curl Martillo de Pie con Barra EZ,Aislamiento,Barra EZ,Flexión Codo,,2.0,1.6,0.1,1.5,Bíceps,Bíceps:primary:1.0:braquial / braquiorradial | Antebrazo:secondary:0.7:,0,0,,,,
283,biceps_curl_de_pie_martillo_barra_neutra,Curl Martillo de Pie con Barra de Agarre Neutro,Aislamiento,Barra de Agarre Neutro,Flexión Codo,,2.0,1.6,0.1,1.5,Bíceps,Bíceps:primary:1.0:braquial / braquiorradial | Antebrazo:secondary:0.7:,0,0,,,,YES
284,biceps_curl_de_pie_martillo_mancuernas,Curl Martillo de Pie con Mancuernas,Aislamiento,Mancuerna,Flexión Codo,,2.0,1.6,0.1,1.5,Bíceps,Bíceps:primary:1.0:braquial / braquiorradial | Antebrazo:secondary:0.7:,0,0,,,,
285,biceps_curl_de_pie_martillo_kettlebell,Curl Martillo de Pie con Kettlebell,Aislamiento,Kettlebell,Flexión Codo,,2.0,1.6,0.1,1.5,Bíceps,Bíceps:primary:1.0:braquial / braquiorradial | Antebrazo:secondary:0.7:,0,0,,,,
286,biceps_curl_de_pie_martillo_polea,Curl Martillo de Pie en Polea,Aislamiento,Polea,Flexión Codo,,2.0,1.6,0.1,1.5,Bíceps,Bíceps:primary:1.0:braquial / braquiorradial | Antebrazo:secondary:0.7:,0,0,,,,
287,biceps_curl_de_pie_martillo_polea_unilateral,Curl Martillo de Pie en Polea Unilateral,Aislamiento,Polea,Flexión Codo,,2.0,1.6,0.1,1.5,Bíceps,Bíceps:primary:1.0:braquial / braquiorradial | Antebrazo:secondary:0.7:,0,0,,,,
288,biceps_curl_de_pie_martillo_banda,Curl Martillo de Pie en Banda Elástica,Aislamiento,Banda Elástica,Flexión Codo,,2.0,1.6,0.1,1.5,Bíceps,Bíceps:primary:1.0:braquial / braquiorradial | Antebrazo:secondary:0.7:,0,0,,,,
289,biceps_curl_de_pie_martillo_maquina,Curl Martillo de Pie en Máquina,Aislamiento,Máquina,Flexión Codo,,2.0,1.6,0.1,1.5,Bíceps,Bíceps:primary:1.0:braquial / braquiorradial | Antebrazo:secondary:0.7:,0,0,,,,
290,biceps_curl_de_pie_martillo_smith,Curl Martillo de Pie en Máquina Smith,Aislamiento,Máquina Smith,Flexión Codo,,2.0,1.6,0.1,1.5,Bíceps,Bíceps:primary:1.0:braquial / braquiorradial | Antebrazo:secondary:0.7:,0,0,,,,
291,biceps_curl_de_pie_inverso_barra_recta,Curl Inverso de Pie con Barra Recta,Aislamiento,Barra,Flexión Codo,,2.0,1.6,0.1,1.5,Bíceps,Bíceps:primary:1.0:antebrazo / braquial | Antebrazo:secondary:0.8:,0,1,ORANGE,1.1_ACTIVATION_ROLE,1.1_ACTIVATION_ROLE: Antebrazo/secondary usa activation=0.8.,
292,biceps_curl_de_pie_inverso_barra_ez,Curl Inverso de Pie con Barra EZ,Aislamiento,Barra EZ,Flexión Codo,,2.0,1.6,0.1,1.5,Bíceps,Bíceps:primary:1.0:antebrazo / braquial | Antebrazo:secondary:0.8:,0,1,ORANGE,1.1_ACTIVATION_ROLE,1.1_ACTIVATION_ROLE: Antebrazo/secondary usa activation=0.8.,
293,biceps_curl_de_pie_inverso_mancuernas,Curl Inverso de Pie con Mancuernas,Aislamiento,Mancuerna,Flexión Codo,,2.0,1.6,0.1,1.5,Bíceps,Bíceps:primary:1.0:antebrazo / braquial | Antebrazo:secondary:0.8:,0,1,ORANGE,1.1_ACTIVATION_ROLE,1.1_ACTIVATION_ROLE: Antebrazo/secondary usa activation=0.8.,YES
294,biceps_curl_de_pie_inverso_kettlebell,Curl Inverso de Pie con Kettlebell,Aislamiento,Kettlebell,Flexión Codo,,2.0,1.6,0.1,1.5,Bíceps,Bíceps:primary:1.0:antebrazo / braquial | Antebrazo:secondary:0.8:,0,1,ORANGE,1.1_ACTIVATION_ROLE,1.1_ACTIVATION_ROLE: Antebrazo/secondary usa activation=0.8.,
295,biceps_curl_de_pie_inverso_polea,Curl Inverso de Pie en Polea,Aislamiento,Polea,Flexión Codo,,2.0,1.6,0.1,1.5,Bíceps,Bíceps:primary:1.0:antebrazo / braquial | Antebrazo:secondary:0.8:,0,1,ORANGE,1.1_ACTIVATION_ROLE,1.1_ACTIVATION_ROLE: Antebrazo/secondary usa activation=0.8.,
296,biceps_curl_de_pie_inverso_polea_unilateral,Curl Inverso de Pie en Polea Unilateral,Aislamiento,Polea,Flexión Codo,,2.0,1.6,0.1,1.5,Bíceps,Bíceps:primary:1.0:antebrazo / braquial | Antebrazo:secondary:0.8:,0,1,ORANGE,1.1_ACTIVATION_ROLE,1.1_ACTIVATION_ROLE: Antebrazo/secondary usa activation=0.8.,
297,biceps_curl_de_pie_inverso_banda,Curl Inverso de Pie en Banda Elástica,Aislamiento,Banda Elástica,Flexión Codo,,2.0,1.6,0.1,1.5,Bíceps,Bíceps:primary:1.0:antebrazo / braquial | Antebrazo:secondary:0.8:,0,1,ORANGE,1.1_ACTIVATION_ROLE,1.1_ACTIVATION_ROLE: Antebrazo/secondary usa activation=0.8.,
298,biceps_curl_de_pie_inverso_maquina,Curl Inverso de Pie en Máquina,Aislamiento,Máquina,Flexión Codo,,2.0,1.6,0.1,1.5,Bíceps,Bíceps:primary:1.0:antebrazo / braquial | Antebrazo:secondary:0.8:,0,1,ORANGE,1.1_ACTIVATION_ROLE,1.1_ACTIVATION_ROLE: Antebrazo/secondary usa activation=0.8.,
299,biceps_curl_de_pie_inverso_smith,Curl Inverso de Pie en Máquina Smith,Aislamiento,Máquina Smith,Flexión Codo,,2.0,1.6,0.1,1.5,Bíceps,Bíceps:primary:1.0:antebrazo / braquial | Antebrazo:secondary:0.8:,0,1,ORANGE,1.1_ACTIVATION_ROLE,1.1_ACTIVATION_ROLE: Antebrazo/secondary usa activation=0.8.,YES
300,biceps_curl_de_pie_supinacion_mancuernas,Curl de Bíceps de Pie con Supinación con Mancuernas,Aislamiento,Mancuerna,Flexión Codo,,2.0,1.6,0.1,1.5,Bíceps,Bíceps:primary:1.0:supinación activa / pico | Antebrazo:secondary:0.6:,0,1,BLUE,1.5_FREE_EMPHASIS,"1.5_FREE_EMPHASIS: Emphasis libre ""supinación activa / pico"" en Bíceps.",
301,biceps_curl_de_pie_supinacion_kettlebell,Curl de Bíceps de Pie con Supinación con Kettlebell,Aislamiento,Kettlebell,Flexión Codo,,2.0,1.6,0.1,1.5,Bíceps,Bíceps:primary:1.0:supinación activa / pico | Antebrazo:secondary:0.6:,0,1,BLUE,1.5_FREE_EMPHASIS,"1.5_FREE_EMPHASIS: Emphasis libre ""supinación activa / pico"" en Bíceps.",
302,biceps_curl_de_pie_supinacion_polea,Curl de Bíceps de Pie con Supinación en Polea,Aislamiento,Polea,Flexión Codo,,2.0,1.6,0.1,1.5,Bíceps,Bíceps:primary:1.0:supinación activa / pico | Antebrazo:secondary:0.6:,0,1,BLUE,1.5_FREE_EMPHASIS,"1.5_FREE_EMPHASIS: Emphasis libre ""supinación activa / pico"" en Bíceps.",YES
303,biceps_curl_de_pie_supinacion_polea_unilateral,Curl de Bíceps de Pie con Supinación en Polea Unilateral,Aislamiento,Polea,Flexión Codo,,2.0,1.6,0.1,1.5,Bíceps,Bíceps:primary:1.0:supinación activa / pico | Antebrazo:secondary:0.6:,0,1,BLUE,1.5_FREE_EMPHASIS,"1.5_FREE_EMPHASIS: Emphasis libre ""supinación activa / pico"" en Bíceps.",
304,biceps_curl_de_pie_supinacion_banda,Curl de Bíceps de Pie con Supinación en Banda Elástica,Aislamiento,Banda Elástica,Flexión Codo,,2.0,1.6,0.1,1.5,Bíceps,Bíceps:primary:1.0:supinación activa / pico | Antebrazo:secondary:0.6:,0,1,BLUE,1.5_FREE_EMPHASIS,"1.5_FREE_EMPHASIS: Emphasis libre ""supinación activa / pico"" en Bíceps.",
305,biceps_curl_sentado_banco_plano_supino_barra_recta,Curl Sentado en Banco Plano con Barra Recta,Aislamiento,Barra,Flexión Codo,,2.0,1.6,0.1,1.5,Bíceps,Bíceps:primary:1.0:ambas cabezas | Antebrazo:secondary:0.5:,0,1,BLUE,1.5_FREE_EMPHASIS,"1.5_FREE_EMPHASIS: Emphasis libre ""ambas cabezas"" en Bíceps.",
306,biceps_curl_sentado_banco_plano_supino_barra_ez,Curl Sentado en Banco Plano con Barra EZ,Aislamiento,Barra EZ,Flexión Codo,,2.0,1.6,0.1,1.5,Bíceps,Bíceps:primary:1.0:ambas cabezas | Antebrazo:secondary:0.5:,0,1,BLUE,1.5_FREE_EMPHASIS,"1.5_FREE_EMPHASIS: Emphasis libre ""ambas cabezas"" en Bíceps.",
307,biceps_curl_sentado_banco_plano_supino_mancuernas,Curl Sentado en Banco Plano con Mancuernas,Aislamiento,Mancuerna,Flexión Codo,,2.0,1.6,0.1,1.5,Bíceps,Bíceps:primary:1.0:ambas cabezas | Antebrazo:secondary:0.5:,0,1,BLUE,1.5_FREE_EMPHASIS,"1.5_FREE_EMPHASIS: Emphasis libre ""ambas cabezas"" en Bíceps.",YES
308,biceps_curl_sentado_banco_plano_supino_kettlebell,Curl Sentado en Banco Plano con Kettlebell,Aislamiento,Kettlebell,Flexión Codo,,2.0,1.6,0.1,1.5,Bíceps,Bíceps:primary:1.0:ambas cabezas | Antebrazo:secondary:0.5:,0,1,BLUE,1.5_FREE_EMPHASIS,"1.5_FREE_EMPHASIS: Emphasis libre ""ambas cabezas"" en Bíceps.",YES
309,biceps_curl_sentado_banco_plano_supino_polea,Curl Sentado en Banco Plano en Polea,Aislamiento,Polea,Flexión Codo,,2.0,1.6,0.1,1.5,Bíceps,Bíceps:primary:1.0:ambas cabezas | Antebrazo:secondary:0.5:,0,1,BLUE,1.5_FREE_EMPHASIS,"1.5_FREE_EMPHASIS: Emphasis libre ""ambas cabezas"" en Bíceps.",
310,biceps_curl_sentado_banco_plano_supino_polea_unilateral,Curl Sentado en Banco Plano en Polea Unilateral,Aislamiento,Polea,Flexión Codo,,2.0,1.6,0.1,1.5,Bíceps,Bíceps:primary:1.0:ambas cabezas | Antebrazo:secondary:0.5:,0,1,BLUE,1.5_FREE_EMPHASIS,"1.5_FREE_EMPHASIS: Emphasis libre ""ambas cabezas"" en Bíceps.",
311,biceps_curl_sentado_banco_plano_supino_banda,Curl Sentado en Banco Plano en Banda Elástica,Aislamiento,Banda Elástica,Flexión Codo,,2.0,1.6,0.1,1.5,Bíceps,Bíceps:primary:1.0:ambas cabezas | Antebrazo:secondary:0.5:,0,1,BLUE,1.5_FREE_EMPHASIS,"1.5_FREE_EMPHASIS: Emphasis libre ""ambas cabezas"" en Bíceps.",
312,biceps_curl_sentado_banco_plano_martillo_barra_recta,Curl Martillo Sentado en Banco Plano con Barra Recta,Aislamiento,Barra,Flexión Codo,,2.0,1.6,0.1,1.5,Bíceps,Bíceps:primary:1.0:braquial / braquiorradial | Antebrazo:secondary:0.7:,0,0,,,,
313,biceps_curl_sentado_banco_plano_martillo_barra_ez,Curl Martillo Sentado en Banco Plano con Barra EZ,Aislamiento,Barra EZ,Flexión Codo,,2.0,1.6,0.1,1.5,Bíceps,Bíceps:primary:1.0:braquial / braquiorradial | Antebrazo:secondary:0.7:,0,0,,,,
314,biceps_curl_sentado_banco_plano_martillo_barra_neutra,Curl Martillo Sentado en Banco Plano con Barra de Agarre Neutro,Aislamiento,Barra de Agarre Neutro,Flexión Codo,,2.0,1.6,0.1,1.5,Bíceps,Bíceps:primary:1.0:braquial / braquiorradial | Antebrazo:secondary:0.7:,0,0,,,,
315,biceps_curl_sentado_banco_plano_martillo_mancuernas,Curl Martillo Sentado en Banco Plano con Mancuernas,Aislamiento,Mancuerna,Flexión Codo,,2.0,1.6,0.1,1.5,Bíceps,Bíceps:primary:1.0:braquial / braquiorradial | Antebrazo:secondary:0.7:,0,0,,,,
316,biceps_curl_sentado_banco_plano_martillo_kettlebell,Curl Martillo Sentado en Banco Plano con Kettlebell,Aislamiento,Kettlebell,Flexión Codo,,2.0,1.6,0.1,1.5,Bíceps,Bíceps:primary:1.0:braquial / braquiorradial | Antebrazo:secondary:0.7:,0,0,,,,
317,biceps_curl_sentado_banco_plano_martillo_polea,Curl Martillo Sentado en Banco Plano en Polea,Aislamiento,Polea,Flexión Codo,,2.0,1.6,0.1,1.5,Bíceps,Bíceps:primary:1.0:braquial / braquiorradial | Antebrazo:secondary:0.7:,0,0,,,,
318,biceps_curl_sentado_banco_plano_martillo_polea_unilateral,Curl Martillo Sentado en Banco Plano en Polea Unilateral,Aislamiento,Polea,Flexión Codo,,2.0,1.6,0.1,1.5,Bíceps,Bíceps:primary:1.0:braquial / braquiorradial | Antebrazo:secondary:0.7:,0,0,,,,
319,biceps_curl_sentado_banco_plano_martillo_banda,Curl Martillo Sentado en Banco Plano en Banda Elástica,Aislamiento,Banda Elástica,Flexión Codo,,2.0,1.6,0.1,1.5,Bíceps,Bíceps:primary:1.0:braquial / braquiorradial | Antebrazo:secondary:0.7:,0,0,,,,
320,biceps_curl_sentado_banco_plano_inverso_barra_recta,Curl Inverso Sentado en Banco Plano con Barra Recta,Aislamiento,Barra,Flexión Codo,,2.0,1.6,0.1,1.5,Bíceps,Bíceps:primary:1.0:antebrazo / braquial | Antebrazo:secondary:0.8:,0,1,ORANGE,1.1_ACTIVATION_ROLE,1.1_ACTIVATION_ROLE: Antebrazo/secondary usa activation=0.8.,
321,biceps_curl_sentado_banco_plano_inverso_barra_ez,Curl Inverso Sentado en Banco Plano con Barra EZ,Aislamiento,Barra EZ,Flexión Codo,,2.0,1.6,0.1,1.5,Bíceps,Bíceps:primary:1.0:antebrazo / braquial | Antebrazo:secondary:0.8:,0,1,ORANGE,1.1_ACTIVATION_ROLE,1.1_ACTIVATION_ROLE: Antebrazo/secondary usa activation=0.8.,
322,biceps_curl_sentado_banco_plano_inverso_mancuernas,Curl Inverso Sentado en Banco Plano con Mancuernas,Aislamiento,Mancuerna,Flexión Codo,,2.0,1.6,0.1,1.5,Bíceps,Bíceps:primary:1.0:antebrazo / braquial | Antebrazo:secondary:0.8:,0,1,ORANGE,1.1_ACTIVATION_ROLE,1.1_ACTIVATION_ROLE: Antebrazo/secondary usa activation=0.8.,
323,biceps_curl_sentado_banco_plano_inverso_kettlebell,Curl Inverso Sentado en Banco Plano con Kettlebell,Aislamiento,Kettlebell,Flexión Codo,,2.0,1.6,0.1,1.5,Bíceps,Bíceps:primary:1.0:antebrazo / braquial | Antebrazo:secondary:0.8:,0,1,ORANGE,1.1_ACTIVATION_ROLE,1.1_ACTIVATION_ROLE: Antebrazo/secondary usa activation=0.8.,
324,biceps_curl_sentado_banco_plano_inverso_polea,Curl Inverso Sentado en Banco Plano en Polea,Aislamiento,Polea,Flexión Codo,,2.0,1.6,0.1,1.5,Bíceps,Bíceps:primary:1.0:antebrazo / braquial | Antebrazo:secondary:0.8:,0,1,ORANGE,1.1_ACTIVATION_ROLE,1.1_ACTIVATION_ROLE: Antebrazo/secondary usa activation=0.8.,
325,biceps_curl_sentado_banco_plano_inverso_polea_unilateral,Curl Inverso Sentado en Banco Plano en Polea Unilateral,Aislamiento,Polea,Flexión Codo,,2.0,1.6,0.1,1.5,Bíceps,Bíceps:primary:1.0:antebrazo / braquial | Antebrazo:secondary:0.8:,0,1,ORANGE,1.1_ACTIVATION_ROLE,1.1_ACTIVATION_ROLE: Antebrazo/secondary usa activation=0.8.,
326,biceps_curl_sentado_banco_plano_inverso_banda,Curl Inverso Sentado en Banco Plano en Banda Elástica,Aislamiento,Banda Elástica,Flexión Codo,,2.0,1.6,0.1,1.5,Bíceps,Bíceps:primary:1.0:antebrazo / braquial | Antebrazo:secondary:0.8:,0,1,ORANGE,1.1_ACTIVATION_ROLE,1.1_ACTIVATION_ROLE: Antebrazo/secondary usa activation=0.8.,
327,biceps_curl_sentado_banco_plano_supinacion_mancuernas,Curl Sentado en Banco Plano con Supinación con Mancuernas,Aislamiento,Mancuerna,Flexión Codo,,2.0,1.6,0.1,1.5,Bíceps,Bíceps:primary:1.0:supinación activa / pico | Antebrazo:secondary:0.6:,0,1,BLUE,1.5_FREE_EMPHASIS,"1.5_FREE_EMPHASIS: Emphasis libre ""supinación activa / pico"" en Bíceps.",
328,biceps_curl_sentado_banco_plano_supinacion_kettlebell,Curl Sentado en Banco Plano con Supinación con Kettlebell,Aislamiento,Kettlebell,Flexión Codo,,2.0,1.6,0.1,1.5,Bíceps,Bíceps:primary:1.0:supinación activa / pico | Antebrazo:secondary:0.6:,0,1,BLUE,1.5_FREE_EMPHASIS,"1.5_FREE_EMPHASIS: Emphasis libre ""supinación activa / pico"" en Bíceps.",
329,biceps_curl_sentado_banco_plano_supinacion_polea,Curl Sentado en Banco Plano con Supinación en Polea,Aislamiento,Polea,Flexión Codo,,2.0,1.6,0.1,1.5,Bíceps,Bíceps:primary:1.0:supinación activa / pico | Antebrazo:secondary:0.6:,0,1,BLUE,1.5_FREE_EMPHASIS,"1.5_FREE_EMPHASIS: Emphasis libre ""supinación activa / pico"" en Bíceps.",
330,biceps_curl_sentado_banco_plano_supinacion_polea_unilateral,Curl Sentado en Banco Plano con Supinación en Polea Unilateral,Aislamiento,Polea,Flexión Codo,,2.0,1.6,0.1,1.5,Bíceps,Bíceps:primary:1.0:supinación activa / pico | Antebrazo:secondary:0.6:,0,1,BLUE,1.5_FREE_EMPHASIS,"1.5_FREE_EMPHASIS: Emphasis libre ""supinación activa / pico"" en Bíceps.",
331,biceps_curl_sentado_banco_plano_supinacion_banda,Curl Sentado en Banco Plano con Supinación en Banda Elástica,Aislamiento,Banda Elástica,Flexión Codo,,2.0,1.6,0.1,1.5,Bíceps,Bíceps:primary:1.0:supinación activa / pico | Antebrazo:secondary:0.6:,0,1,BLUE,1.5_FREE_EMPHASIS,"1.5_FREE_EMPHASIS: Emphasis libre ""supinación activa / pico"" en Bíceps.",
332,biceps_curl_inclinado_supino_barra_recta,Curl en Banco Inclinado con Barra Recta,Aislamiento,Barra,Flexión Codo,,2.0,1.6,0.1,1.5,Bíceps,Bíceps:primary:1.0:ambas cabezas | Antebrazo:secondary:0.5:,0,1,BLUE,1.5_FREE_EMPHASIS,"1.5_FREE_EMPHASIS: Emphasis libre ""ambas cabezas"" en Bíceps.",
333,biceps_curl_inclinado_supino_barra_ez,Curl en Banco Inclinado con Barra EZ,Aislamiento,Barra EZ,Flexión Codo,,2.0,1.6,0.1,1.5,Bíceps,Bíceps:primary:1.0:ambas cabezas | Antebrazo:secondary:0.5:,0,1,BLUE,1.5_FREE_EMPHASIS,"1.5_FREE_EMPHASIS: Emphasis libre ""ambas cabezas"" en Bíceps.",
334,biceps_curl_inclinado_supino_mancuernas,Curl en Banco Inclinado con Mancuernas,Aislamiento,Mancuerna,Flexión Codo,,2.0,1.6,0.1,1.5,Bíceps,Bíceps:primary:1.0:ambas cabezas | Antebrazo:secondary:0.5:,0,1,BLUE,1.5_FREE_EMPHASIS,"1.5_FREE_EMPHASIS: Emphasis libre ""ambas cabezas"" en Bíceps.",
335,biceps_curl_inclinado_supino_kettlebell,Curl en Banco Inclinado con Kettlebell,Aislamiento,Kettlebell,Flexión Codo,,2.0,1.6,0.1,1.5,Bíceps,Bíceps:primary:1.0:ambas cabezas | Antebrazo:secondary:0.5:,0,1,BLUE,1.5_FREE_EMPHASIS,"1.5_FREE_EMPHASIS: Emphasis libre ""ambas cabezas"" en Bíceps.",
336,biceps_curl_inclinado_supino_polea,Curl en Banco Inclinado en Polea,Aislamiento,Polea,Flexión Codo,,2.0,1.6,0.1,1.5,Bíceps,Bíceps:primary:1.0:ambas cabezas | Antebrazo:secondary:0.5:,0,1,BLUE,1.5_FREE_EMPHASIS,"1.5_FREE_EMPHASIS: Emphasis libre ""ambas cabezas"" en Bíceps.",
337,biceps_curl_inclinado_supino_polea_unilateral,Curl en Banco Inclinado en Polea Unilateral,Aislamiento,Polea,Flexión Codo,,2.0,1.6,0.1,1.5,Bíceps,Bíceps:primary:1.0:ambas cabezas | Antebrazo:secondary:0.5:,0,1,BLUE,1.5_FREE_EMPHASIS,"1.5_FREE_EMPHASIS: Emphasis libre ""ambas cabezas"" en Bíceps.",
338,biceps_curl_inclinado_supino_banda,Curl en Banco Inclinado en Banda Elástica,Aislamiento,Banda Elástica,Flexión Codo,,2.0,1.6,0.1,1.5,Bíceps,Bíceps:primary:1.0:ambas cabezas | Antebrazo:secondary:0.5:,0,1,BLUE,1.5_FREE_EMPHASIS,"1.5_FREE_EMPHASIS: Emphasis libre ""ambas cabezas"" en Bíceps.",
339,biceps_curl_inclinado_martillo_barra_recta,Curl Martillo en Banco Inclinado con Barra Recta,Aislamiento,Barra,Flexión Codo,,2.0,1.6,0.1,1.5,Bíceps,Bíceps:primary:1.0:braquial / braquiorradial | Antebrazo:secondary:0.7:,0,0,,,,
340,biceps_curl_inclinado_martillo_barra_ez,Curl Martillo en Banco Inclinado con Barra EZ,Aislamiento,Barra EZ,Flexión Codo,,2.0,1.6,0.1,1.5,Bíceps,Bíceps:primary:1.0:braquial / braquiorradial | Antebrazo:secondary:0.7:,0,0,,,,
341,biceps_curl_inclinado_martillo_barra_neutra,Curl Martillo en Banco Inclinado con Barra de Agarre Neutro,Aislamiento,Barra de Agarre Neutro,Flexión Codo,,2.0,1.6,0.1,1.5,Bíceps,Bíceps:primary:1.0:braquial / braquiorradial | Antebrazo:secondary:0.7:,0,0,,,,
342,biceps_curl_inclinado_martillo_mancuernas,Curl Martillo en Banco Inclinado con Mancuernas,Aislamiento,Mancuerna,Flexión Codo,,2.0,1.6,0.1,1.5,Bíceps,Bíceps:primary:1.0:braquial / braquiorradial | Antebrazo:secondary:0.7:,0,0,,,,
343,biceps_curl_inclinado_martillo_kettlebell,Curl Martillo en Banco Inclinado con Kettlebell,Aislamiento,Kettlebell,Flexión Codo,,2.0,1.6,0.1,1.5,Bíceps,Bíceps:primary:1.0:braquial / braquiorradial | Antebrazo:secondary:0.7:,0,0,,,,
344,biceps_curl_inclinado_martillo_polea,Curl Martillo en Banco Inclinado en Polea,Aislamiento,Polea,Flexión Codo,,2.0,1.6,0.1,1.5,Bíceps,Bíceps:primary:1.0:braquial / braquiorradial | Antebrazo:secondary:0.7:,0,0,,,,
345,biceps_curl_inclinado_martillo_polea_unilateral,Curl Martillo en Banco Inclinado en Polea Unilateral,Aislamiento,Polea,Flexión Codo,,2.0,1.6,0.1,1.5,Bíceps,Bíceps:primary:1.0:braquial / braquiorradial | Antebrazo:secondary:0.7:,0,0,,,,
346,biceps_curl_inclinado_martillo_banda,Curl Martillo en Banco Inclinado en Banda Elástica,Aislamiento,Banda Elástica,Flexión Codo,,2.0,1.6,0.1,1.5,Bíceps,Bíceps:primary:1.0:braquial / braquiorradial | Antebrazo:secondary:0.7:,0,0,,,,
347,biceps_curl_inclinado_inverso_barra_recta,Curl Inverso en Banco Inclinado con Barra Recta,Aislamiento,Barra,Flexión Codo,,2.0,1.6,0.1,1.5,Bíceps,Bíceps:primary:1.0:antebrazo / braquial | Antebrazo:secondary:0.8:,0,1,ORANGE,1.1_ACTIVATION_ROLE,1.1_ACTIVATION_ROLE: Antebrazo/secondary usa activation=0.8.,
348,biceps_curl_inclinado_inverso_barra_ez,Curl Inverso en Banco Inclinado con Barra EZ,Aislamiento,Barra EZ,Flexión Codo,,2.0,1.6,0.1,1.5,Bíceps,Bíceps:primary:1.0:antebrazo / braquial | Antebrazo:secondary:0.8:,0,1,ORANGE,1.1_ACTIVATION_ROLE,1.1_ACTIVATION_ROLE: Antebrazo/secondary usa activation=0.8.,
349,biceps_curl_inclinado_inverso_mancuernas,Curl Inverso en Banco Inclinado con Mancuernas,Aislamiento,Mancuerna,Flexión Codo,,2.0,1.6,0.1,1.5,Bíceps,Bíceps:primary:1.0:antebrazo / braquial | Antebrazo:secondary:0.8:,0,1,ORANGE,1.1_ACTIVATION_ROLE,1.1_ACTIVATION_ROLE: Antebrazo/secondary usa activation=0.8.,
350,biceps_curl_inclinado_inverso_kettlebell,Curl Inverso en Banco Inclinado con Kettlebell,Aislamiento,Kettlebell,Flexión Codo,,2.0,1.6,0.1,1.5,Bíceps,Bíceps:primary:1.0:antebrazo / braquial | Antebrazo:secondary:0.8:,0,1,ORANGE,1.1_ACTIVATION_ROLE,1.1_ACTIVATION_ROLE: Antebrazo/secondary usa activation=0.8.,
351,biceps_curl_inclinado_inverso_polea,Curl Inverso en Banco Inclinado en Polea,Aislamiento,Polea,Flexión Codo,,2.0,1.6,0.1,1.5,Bíceps,Bíceps:primary:1.0:antebrazo / braquial | Antebrazo:secondary:0.8:,0,1,ORANGE,1.1_ACTIVATION_ROLE,1.1_ACTIVATION_ROLE: Antebrazo/secondary usa activation=0.8.,
352,biceps_curl_inclinado_inverso_polea_unilateral,Curl Inverso en Banco Inclinado en Polea Unilateral,Aislamiento,Polea,Flexión Codo,,2.0,1.6,0.1,1.5,Bíceps,Bíceps:primary:1.0:antebrazo / braquial | Antebrazo:secondary:0.8:,0,1,ORANGE,1.1_ACTIVATION_ROLE,1.1_ACTIVATION_ROLE: Antebrazo/secondary usa activation=0.8.,YES
353,biceps_curl_inclinado_inverso_banda,Curl Inverso en Banco Inclinado en Banda Elástica,Aislamiento,Banda Elástica,Flexión Codo,,2.0,1.6,0.1,1.5,Bíceps,Bíceps:primary:1.0:antebrazo / braquial | Antebrazo:secondary:0.8:,0,1,ORANGE,1.1_ACTIVATION_ROLE,1.1_ACTIVATION_ROLE: Antebrazo/secondary usa activation=0.8.,
354,biceps_curl_inclinado_supinacion_mancuernas,Curl en Banco Inclinado con Supinación con Mancuernas,Aislamiento,Mancuerna,Flexión Codo,,2.0,1.6,0.1,1.5,Bíceps,Bíceps:primary:1.0:supinación activa / pico | Antebrazo:secondary:0.6:,0,1,BLUE,1.5_FREE_EMPHASIS,"1.5_FREE_EMPHASIS: Emphasis libre ""supinación activa / pico"" en Bíceps.",
355,biceps_curl_inclinado_supinacion_kettlebell,Curl en Banco Inclinado con Supinación con Kettlebell,Aislamiento,Kettlebell,Flexión Codo,,2.0,1.6,0.1,1.5,Bíceps,Bíceps:primary:1.0:supinación activa / pico | Antebrazo:secondary:0.6:,0,1,BLUE,1.5_FREE_EMPHASIS,"1.5_FREE_EMPHASIS: Emphasis libre ""supinación activa / pico"" en Bíceps.",YES
356,biceps_curl_inclinado_supinacion_polea,Curl en Banco Inclinado con Supinación en Polea,Aislamiento,Polea,Flexión Codo,,2.0,1.6,0.1,1.5,Bíceps,Bíceps:primary:1.0:supinación activa / pico | Antebrazo:secondary:0.6:,0,1,BLUE,1.5_FREE_EMPHASIS,"1.5_FREE_EMPHASIS: Emphasis libre ""supinación activa / pico"" en Bíceps.",
357,biceps_curl_inclinado_supinacion_polea_unilateral,Curl en Banco Inclinado con Supinación en Polea Unilateral,Aislamiento,Polea,Flexión Codo,,2.0,1.6,0.1,1.5,Bíceps,Bíceps:primary:1.0:supinación activa / pico | Antebrazo:secondary:0.6:,0,1,BLUE,1.5_FREE_EMPHASIS,"1.5_FREE_EMPHASIS: Emphasis libre ""supinación activa / pico"" en Bíceps.",
358,biceps_curl_inclinado_supinacion_banda,Curl en Banco Inclinado con Supinación en Banda Elástica,Aislamiento,Banda Elástica,Flexión Codo,,2.0,1.6,0.1,1.5,Bíceps,Bíceps:primary:1.0:supinación activa / pico | Antebrazo:secondary:0.6:,0,1,BLUE,1.5_FREE_EMPHASIS,"1.5_FREE_EMPHASIS: Emphasis libre ""supinación activa / pico"" en Bíceps.",
359,biceps_curl_declinado_supino_barra_recta,Curl en Banco Declinado con Barra Recta,Aislamiento,Barra,Flexión Codo,,2.0,1.6,0.1,1.5,Bíceps,Bíceps:primary:1.0:ambas cabezas | Antebrazo:secondary:0.5:,0,1,BLUE,1.5_FREE_EMPHASIS,"1.5_FREE_EMPHASIS: Emphasis libre ""ambas cabezas"" en Bíceps.",
360,biceps_curl_declinado_supino_barra_ez,Curl en Banco Declinado con Barra EZ,Aislamiento,Barra EZ,Flexión Codo,,2.0,1.6,0.1,1.5,Bíceps,Bíceps:primary:1.0:ambas cabezas | Antebrazo:secondary:0.5:,0,1,BLUE,1.5_FREE_EMPHASIS,"1.5_FREE_EMPHASIS: Emphasis libre ""ambas cabezas"" en Bíceps.",
361,biceps_curl_declinado_supino_mancuernas,Curl en Banco Declinado con Mancuernas,Aislamiento,Mancuerna,Flexión Codo,,2.0,1.6,0.1,1.5,Bíceps,Bíceps:primary:1.0:ambas cabezas | Antebrazo:secondary:0.5:,0,1,BLUE,1.5_FREE_EMPHASIS,"1.5_FREE_EMPHASIS: Emphasis libre ""ambas cabezas"" en Bíceps.",
362,biceps_curl_declinado_supino_kettlebell,Curl en Banco Declinado con Kettlebell,Aislamiento,Kettlebell,Flexión Codo,,2.0,1.6,0.1,1.5,Bíceps,Bíceps:primary:1.0:ambas cabezas | Antebrazo:secondary:0.5:,0,1,BLUE,1.5_FREE_EMPHASIS,"1.5_FREE_EMPHASIS: Emphasis libre ""ambas cabezas"" en Bíceps.",
363,biceps_curl_declinado_supino_polea,Curl en Banco Declinado en Polea,Aislamiento,Polea,Flexión Codo,,2.0,1.6,0.1,1.5,Bíceps,Bíceps:primary:1.0:ambas cabezas | Antebrazo:secondary:0.5:,0,1,BLUE,1.5_FREE_EMPHASIS,"1.5_FREE_EMPHASIS: Emphasis libre ""ambas cabezas"" en Bíceps.",
364,biceps_curl_declinado_supino_polea_unilateral,Curl en Banco Declinado en Polea Unilateral,Aislamiento,Polea,Flexión Codo,,2.0,1.6,0.1,1.5,Bíceps,Bíceps:primary:1.0:ambas cabezas | Antebrazo:secondary:0.5:,0,1,BLUE,1.5_FREE_EMPHASIS,"1.5_FREE_EMPHASIS: Emphasis libre ""ambas cabezas"" en Bíceps.",
365,biceps_curl_declinado_supino_banda,Curl en Banco Declinado en Banda Elástica,Aislamiento,Banda Elástica,Flexión Codo,,2.0,1.6,0.1,1.5,Bíceps,Bíceps:primary:1.0:ambas cabezas | Antebrazo:secondary:0.5:,0,1,BLUE,1.5_FREE_EMPHASIS,"1.5_FREE_EMPHASIS: Emphasis libre ""ambas cabezas"" en Bíceps.",
366,biceps_curl_declinado_martillo_barra_recta,Curl Martillo en Banco Declinado con Barra Recta,Aislamiento,Barra,Flexión Codo,,2.0,1.6,0.1,1.5,Bíceps,Bíceps:primary:1.0:braquial / braquiorradial | Antebrazo:secondary:0.7:,0,0,,,,
367,biceps_curl_declinado_martillo_barra_ez,Curl Martillo en Banco Declinado con Barra EZ,Aislamiento,Barra EZ,Flexión Codo,,2.0,1.6,0.1,1.5,Bíceps,Bíceps:primary:1.0:braquial / braquiorradial | Antebrazo:secondary:0.7:,0,0,,,,
368,biceps_curl_declinado_martillo_barra_neutra,Curl Martillo en Banco Declinado con Barra de Agarre Neutro,Aislamiento,Barra de Agarre Neutro,Flexión Codo,,2.0,1.6,0.1,1.5,Bíceps,Bíceps:primary:1.0:braquial / braquiorradial | Antebrazo:secondary:0.7:,0,0,,,,
369,biceps_curl_declinado_martillo_mancuernas,Curl Martillo en Banco Declinado con Mancuernas,Aislamiento,Mancuerna,Flexión Codo,,2.0,1.6,0.1,1.5,Bíceps,Bíceps:primary:1.0:braquial / braquiorradial | Antebrazo:secondary:0.7:,0,0,,,,
370,biceps_curl_declinado_martillo_kettlebell,Curl Martillo en Banco Declinado con Kettlebell,Aislamiento,Kettlebell,Flexión Codo,,2.0,1.6,0.1,1.5,Bíceps,Bíceps:primary:1.0:braquial / braquiorradial | Antebrazo:secondary:0.7:,0,0,,,,YES
371,biceps_curl_declinado_martillo_polea,Curl Martillo en Banco Declinado en Polea,Aislamiento,Polea,Flexión Codo,,2.0,1.6,0.1,1.5,Bíceps,Bíceps:primary:1.0:braquial / braquiorradial | Antebrazo:secondary:0.7:,0,0,,,,
372,biceps_curl_declinado_martillo_polea_unilateral,Curl Martillo en Banco Declinado en Polea Unilateral,Aislamiento,Polea,Flexión Codo,,2.0,1.6,0.1,1.5,Bíceps,Bíceps:primary:1.0:braquial / braquiorradial | Antebrazo:secondary:0.7:,0,0,,,,
373,biceps_curl_declinado_martillo_banda,Curl Martillo en Banco Declinado en Banda Elástica,Aislamiento,Banda Elástica,Flexión Codo,,2.0,1.6,0.1,1.5,Bíceps,Bíceps:primary:1.0:braquial / braquiorradial | Antebrazo:secondary:0.7:,0,0,,,,
374,biceps_curl_declinado_inverso_barra_recta,Curl Inverso en Banco Declinado con Barra Recta,Aislamiento,Barra,Flexión Codo,,2.0,1.6,0.1,1.5,Bíceps,Bíceps:primary:1.0:antebrazo / braquial | Antebrazo:secondary:0.8:,0,1,ORANGE,1.1_ACTIVATION_ROLE,1.1_ACTIVATION_ROLE: Antebrazo/secondary usa activation=0.8.,
375,biceps_curl_declinado_inverso_barra_ez,Curl Inverso en Banco Declinado con Barra EZ,Aislamiento,Barra EZ,Flexión Codo,,2.0,1.6,0.1,1.5,Bíceps,Bíceps:primary:1.0:antebrazo / braquial | Antebrazo:secondary:0.8:,0,1,ORANGE,1.1_ACTIVATION_ROLE,1.1_ACTIVATION_ROLE: Antebrazo/secondary usa activation=0.8.,YES
376,biceps_curl_declinado_inverso_mancuernas,Curl Inverso en Banco Declinado con Mancuernas,Aislamiento,Mancuerna,Flexión Codo,,2.0,1.6,0.1,1.5,Bíceps,Bíceps:primary:1.0:antebrazo / braquial | Antebrazo:secondary:0.8:,0,1,ORANGE,1.1_ACTIVATION_ROLE,1.1_ACTIVATION_ROLE: Antebrazo/secondary usa activation=0.8.,YES
377,biceps_curl_declinado_inverso_kettlebell,Curl Inverso en Banco Declinado con Kettlebell,Aislamiento,Kettlebell,Flexión Codo,,2.0,1.6,0.1,1.5,Bíceps,Bíceps:primary:1.0:antebrazo / braquial | Antebrazo:secondary:0.8:,0,1,ORANGE,1.1_ACTIVATION_ROLE,1.1_ACTIVATION_ROLE: Antebrazo/secondary usa activation=0.8.,
378,biceps_curl_declinado_inverso_polea,Curl Inverso en Banco Declinado en Polea,Aislamiento,Polea,Flexión Codo,,2.0,1.6,0.1,1.5,Bíceps,Bíceps:primary:1.0:antebrazo / braquial | Antebrazo:secondary:0.8:,0,1,ORANGE,1.1_ACTIVATION_ROLE,1.1_ACTIVATION_ROLE: Antebrazo/secondary usa activation=0.8.,
379,biceps_curl_declinado_inverso_polea_unilateral,Curl Inverso en Banco Declinado en Polea Unilateral,Aislamiento,Polea,Flexión Codo,,2.0,1.6,0.1,1.5,Bíceps,Bíceps:primary:1.0:antebrazo / braquial | Antebrazo:secondary:0.8:,0,1,ORANGE,1.1_ACTIVATION_ROLE,1.1_ACTIVATION_ROLE: Antebrazo/secondary usa activation=0.8.,YES
380,biceps_curl_declinado_inverso_banda,Curl Inverso en Banco Declinado en Banda Elástica,Aislamiento,Banda Elástica,Flexión Codo,,2.0,1.6,0.1,1.5,Bíceps,Bíceps:primary:1.0:antebrazo / braquial | Antebrazo:secondary:0.8:,0,1,ORANGE,1.1_ACTIVATION_ROLE,1.1_ACTIVATION_ROLE: Antebrazo/secondary usa activation=0.8.,
381,biceps_curl_declinado_supinacion_mancuernas,Curl en Banco Declinado con Supinación con Mancuernas,Aislamiento,Mancuerna,Flexión Codo,,2.0,1.6,0.1,1.5,Bíceps,Bíceps:primary:1.0:supinación activa / pico | Antebrazo:secondary:0.6:,0,1,BLUE,1.5_FREE_EMPHASIS,"1.5_FREE_EMPHASIS: Emphasis libre ""supinación activa / pico"" en Bíceps.",
382,biceps_curl_declinado_supinacion_kettlebell,Curl en Banco Declinado con Supinación con Kettlebell,Aislamiento,Kettlebell,Flexión Codo,,2.0,1.6,0.1,1.5,Bíceps,Bíceps:primary:1.0:supinación activa / pico | Antebrazo:secondary:0.6:,0,1,BLUE,1.5_FREE_EMPHASIS,"1.5_FREE_EMPHASIS: Emphasis libre ""supinación activa / pico"" en Bíceps.",YES
383,biceps_curl_declinado_supinacion_polea,Curl en Banco Declinado con Supinación en Polea,Aislamiento,Polea,Flexión Codo,,2.0,1.6,0.1,1.5,Bíceps,Bíceps:primary:1.0:supinación activa / pico | Antebrazo:secondary:0.6:,0,1,BLUE,1.5_FREE_EMPHASIS,"1.5_FREE_EMPHASIS: Emphasis libre ""supinación activa / pico"" en Bíceps.",
384,biceps_curl_declinado_supinacion_polea_unilateral,Curl en Banco Declinado con Supinación en Polea Unilateral,Aislamiento,Polea,Flexión Codo,,2.0,1.6,0.1,1.5,Bíceps,Bíceps:primary:1.0:supinación activa / pico | Antebrazo:secondary:0.6:,0,1,BLUE,1.5_FREE_EMPHASIS,"1.5_FREE_EMPHASIS: Emphasis libre ""supinación activa / pico"" en Bíceps.",
385,biceps_curl_declinado_supinacion_banda,Curl en Banco Declinado con Supinación en Banda Elástica,Aislamiento,Banda Elástica,Flexión Codo,,2.0,1.6,0.1,1.5,Bíceps,Bíceps:primary:1.0:supinación activa / pico | Antebrazo:secondary:0.6:,0,1,BLUE,1.5_FREE_EMPHASIS,"1.5_FREE_EMPHASIS: Emphasis libre ""supinación activa / pico"" en Bíceps.",
386,biceps_curl_predicador_supino_barra_recta,Curl Predicador con Barra Recta,Aislamiento,Barra,Flexión Codo,,2.0,1.6,0.1,1.5,Bíceps,Bíceps:primary:1.0:ambas cabezas | Antebrazo:secondary:0.5:,0,1,BLUE,1.5_FREE_EMPHASIS,"1.5_FREE_EMPHASIS: Emphasis libre ""ambas cabezas"" en Bíceps.",
387,biceps_curl_predicador_supino_barra_ez,Curl Predicador con Barra EZ,Aislamiento,Barra EZ,Flexión Codo,,2.0,1.6,0.1,1.5,Bíceps,Bíceps:primary:1.0:ambas cabezas | Antebrazo:secondary:0.5:,0,1,BLUE,1.5_FREE_EMPHASIS,"1.5_FREE_EMPHASIS: Emphasis libre ""ambas cabezas"" en Bíceps.",
388,biceps_curl_predicador_supino_mancuernas,Curl Predicador con Mancuernas,Aislamiento,Mancuerna,Flexión Codo,,2.0,1.6,0.1,1.5,Bíceps,Bíceps:primary:1.0:ambas cabezas | Antebrazo:secondary:0.5:,0,1,BLUE,1.5_FREE_EMPHASIS,"1.5_FREE_EMPHASIS: Emphasis libre ""ambas cabezas"" en Bíceps.",
389,biceps_curl_predicador_supino_kettlebell,Curl Predicador con Kettlebell,Aislamiento,Kettlebell,Flexión Codo,,2.0,1.6,0.1,1.5,Bíceps,Bíceps:primary:1.0:ambas cabezas | Antebrazo:secondary:0.5:,0,1,BLUE,1.5_FREE_EMPHASIS,"1.5_FREE_EMPHASIS: Emphasis libre ""ambas cabezas"" en Bíceps.",
390,biceps_curl_predicador_supino_polea,Curl Predicador en Polea,Aislamiento,Polea,Flexión Codo,,2.0,1.6,0.1,1.5,Bíceps,Bíceps:primary:1.0:ambas cabezas | Antebrazo:secondary:0.5:,0,1,BLUE,1.5_FREE_EMPHASIS,"1.5_FREE_EMPHASIS: Emphasis libre ""ambas cabezas"" en Bíceps.",
391,biceps_curl_predicador_supino_polea_unilateral,Curl Predicador en Polea Unilateral,Aislamiento,Polea,Flexión Codo,,2.0,1.6,0.1,1.5,Bíceps,Bíceps:primary:1.0:ambas cabezas | Antebrazo:secondary:0.5:,0,1,BLUE,1.5_FREE_EMPHASIS,"1.5_FREE_EMPHASIS: Emphasis libre ""ambas cabezas"" en Bíceps.",
392,biceps_curl_predicador_supino_banda,Curl Predicador en Banda Elástica,Aislamiento,Banda Elástica,Flexión Codo,,2.0,1.6,0.1,1.5,Bíceps,Bíceps:primary:1.0:ambas cabezas | Antebrazo:secondary:0.5:,0,1,BLUE,1.5_FREE_EMPHASIS,"1.5_FREE_EMPHASIS: Emphasis libre ""ambas cabezas"" en Bíceps.",
393,biceps_curl_predicador_supino_maquina,Curl Predicador en Máquina,Aislamiento,Máquina,Flexión Codo,,2.0,1.6,0.1,1.5,Bíceps,Bíceps:primary:1.0:ambas cabezas | Antebrazo:secondary:0.5:,0,1,BLUE,1.5_FREE_EMPHASIS,"1.5_FREE_EMPHASIS: Emphasis libre ""ambas cabezas"" en Bíceps.",YES
394,biceps_curl_predicador_supino_smith,Curl Predicador en Máquina Smith,Aislamiento,Máquina Smith,Flexión Codo,,2.0,1.6,0.1,1.5,Bíceps,Bíceps:primary:1.0:ambas cabezas | Antebrazo:secondary:0.5:,0,1,BLUE,1.5_FREE_EMPHASIS,"1.5_FREE_EMPHASIS: Emphasis libre ""ambas cabezas"" en Bíceps.",
395,biceps_curl_predicador_martillo_barra_recta,Curl Martillo Predicador con Barra Recta,Aislamiento,Barra,Flexión Codo,,2.0,1.6,0.1,1.5,Bíceps,Bíceps:primary:1.0:braquial / braquiorradial | Antebrazo:secondary:0.7:,0,0,,,,
396,biceps_curl_predicador_martillo_barra_ez,Curl Martillo Predicador con Barra EZ,Aislamiento,Barra EZ,Flexión Codo,,2.0,1.6,0.1,1.5,Bíceps,Bíceps:primary:1.0:braquial / braquiorradial | Antebrazo:secondary:0.7:,0,0,,,,
397,biceps_curl_predicador_martillo_barra_neutra,Curl Martillo Predicador con Barra de Agarre Neutro,Aislamiento,Barra de Agarre Neutro,Flexión Codo,,2.0,1.6,0.1,1.5,Bíceps,Bíceps:primary:1.0:braquial / braquiorradial | Antebrazo:secondary:0.7:,0,0,,,,
398,biceps_curl_predicador_martillo_mancuernas,Curl Martillo Predicador con Mancuernas,Aislamiento,Mancuerna,Flexión Codo,,2.0,1.6,0.1,1.5,Bíceps,Bíceps:primary:1.0:braquial / braquiorradial | Antebrazo:secondary:0.7:,0,0,,,,YES
399,biceps_curl_predicador_martillo_kettlebell,Curl Martillo Predicador con Kettlebell,Aislamiento,Kettlebell,Flexión Codo,,2.0,1.6,0.1,1.5,Bíceps,Bíceps:primary:1.0:braquial / braquiorradial | Antebrazo:secondary:0.7:,0,0,,,,
400,biceps_curl_predicador_martillo_polea,Curl Martillo Predicador en Polea,Aislamiento,Polea,Flexión Codo,,2.0,1.6,0.1,1.5,Bíceps,Bíceps:primary:1.0:braquial / braquiorradial | Antebrazo:secondary:0.7:,0,0,,,,
401,biceps_curl_predicador_martillo_polea_unilateral,Curl Martillo Predicador en Polea Unilateral,Aislamiento,Polea,Flexión Codo,,2.0,1.6,0.1,1.5,Bíceps,Bíceps:primary:1.0:braquial / braquiorradial | Antebrazo:secondary:0.7:,0,0,,,,
402,biceps_curl_predicador_martillo_banda,Curl Martillo Predicador en Banda Elástica,Aislamiento,Banda Elástica,Flexión Codo,,2.0,1.6,0.1,1.5,Bíceps,Bíceps:primary:1.0:braquial / braquiorradial | Antebrazo:secondary:0.7:,0,0,,,,
403,biceps_curl_predicador_martillo_maquina,Curl Martillo Predicador en Máquina,Aislamiento,Máquina,Flexión Codo,,2.0,1.6,0.1,1.5,Bíceps,Bíceps:primary:1.0:braquial / braquiorradial | Antebrazo:secondary:0.7:,0,0,,,,
404,biceps_curl_predicador_martillo_smith,Curl Martillo Predicador en Máquina Smith,Aislamiento,Máquina Smith,Flexión Codo,,2.0,1.6,0.1,1.5,Bíceps,Bíceps:primary:1.0:braquial / braquiorradial | Antebrazo:secondary:0.7:,0,0,,,,
405,biceps_curl_predicador_inverso_barra_recta,Curl Inverso Predicador con Barra Recta,Aislamiento,Barra,Flexión Codo,,2.0,1.6,0.1,1.5,Bíceps,Bíceps:primary:1.0:antebrazo / braquial | Antebrazo:secondary:0.8:,0,1,ORANGE,1.1_ACTIVATION_ROLE,1.1_ACTIVATION_ROLE: Antebrazo/secondary usa activation=0.8.,
406,biceps_curl_predicador_inverso_barra_ez,Curl Inverso Predicador con Barra EZ,Aislamiento,Barra EZ,Flexión Codo,,2.0,1.6,0.1,1.5,Bíceps,Bíceps:primary:1.0:antebrazo / braquial | Antebrazo:secondary:0.8:,0,1,ORANGE,1.1_ACTIVATION_ROLE,1.1_ACTIVATION_ROLE: Antebrazo/secondary usa activation=0.8.,
407,biceps_curl_predicador_inverso_mancuernas,Curl Inverso Predicador con Mancuernas,Aislamiento,Mancuerna,Flexión Codo,,2.0,1.6,0.1,1.5,Bíceps,Bíceps:primary:1.0:antebrazo / braquial | Antebrazo:secondary:0.8:,0,1,ORANGE,1.1_ACTIVATION_ROLE,1.1_ACTIVATION_ROLE: Antebrazo/secondary usa activation=0.8.,
408,biceps_curl_predicador_inverso_kettlebell,Curl Inverso Predicador con Kettlebell,Aislamiento,Kettlebell,Flexión Codo,,2.0,1.6,0.1,1.5,Bíceps,Bíceps:primary:1.0:antebrazo / braquial | Antebrazo:secondary:0.8:,0,1,ORANGE,1.1_ACTIVATION_ROLE,1.1_ACTIVATION_ROLE: Antebrazo/secondary usa activation=0.8.,
409,biceps_curl_predicador_inverso_polea,Curl Inverso Predicador en Polea,Aislamiento,Polea,Flexión Codo,,2.0,1.6,0.1,1.5,Bíceps,Bíceps:primary:1.0:antebrazo / braquial | Antebrazo:secondary:0.8:,0,1,ORANGE,1.1_ACTIVATION_ROLE,1.1_ACTIVATION_ROLE: Antebrazo/secondary usa activation=0.8.,
410,biceps_curl_predicador_inverso_polea_unilateral,Curl Inverso Predicador en Polea Unilateral,Aislamiento,Polea,Flexión Codo,,2.0,1.6,0.1,1.5,Bíceps,Bíceps:primary:1.0:antebrazo / braquial | Antebrazo:secondary:0.8:,0,1,ORANGE,1.1_ACTIVATION_ROLE,1.1_ACTIVATION_ROLE: Antebrazo/secondary usa activation=0.8.,
411,biceps_curl_predicador_inverso_banda,Curl Inverso Predicador en Banda Elástica,Aislamiento,Banda Elástica,Flexión Codo,,2.0,1.6,0.1,1.5,Bíceps,Bíceps:primary:1.0:antebrazo / braquial | Antebrazo:secondary:0.8:,0,1,ORANGE,1.1_ACTIVATION_ROLE,1.1_ACTIVATION_ROLE: Antebrazo/secondary usa activation=0.8.,
412,biceps_curl_predicador_inverso_maquina,Curl Inverso Predicador en Máquina,Aislamiento,Máquina,Flexión Codo,,2.0,1.6,0.1,1.5,Bíceps,Bíceps:primary:1.0:antebrazo / braquial | Antebrazo:secondary:0.8:,0,1,ORANGE,1.1_ACTIVATION_ROLE,1.1_ACTIVATION_ROLE: Antebrazo/secondary usa activation=0.8.,
413,biceps_curl_predicador_inverso_smith,Curl Inverso Predicador en Máquina Smith,Aislamiento,Máquina Smith,Flexión Codo,,2.0,1.6,0.1,1.5,Bíceps,Bíceps:primary:1.0:antebrazo / braquial | Antebrazo:secondary:0.8:,0,1,ORANGE,1.1_ACTIVATION_ROLE,1.1_ACTIVATION_ROLE: Antebrazo/secondary usa activation=0.8.,
414,biceps_curl_predicador_supinacion_mancuernas,Curl Predicador con Supinación con Mancuernas,Aislamiento,Mancuerna,Flexión Codo,,2.0,1.6,0.1,1.5,Bíceps,Bíceps:primary:1.0:supinación activa / pico | Antebrazo:secondary:0.6:,0,1,BLUE,1.5_FREE_EMPHASIS,"1.5_FREE_EMPHASIS: Emphasis libre ""supinación activa / pico"" en Bíceps.",
415,biceps_curl_predicador_supinacion_kettlebell,Curl Predicador con Supinación con Kettlebell,Aislamiento,Kettlebell,Flexión Codo,,2.0,1.6,0.1,1.5,Bíceps,Bíceps:primary:1.0:supinación activa / pico | Antebrazo:secondary:0.6:,0,1,BLUE,1.5_FREE_EMPHASIS,"1.5_FREE_EMPHASIS: Emphasis libre ""supinación activa / pico"" en Bíceps.",
416,biceps_curl_predicador_supinacion_polea,Curl Predicador con Supinación en Polea,Aislamiento,Polea,Flexión Codo,,2.0,1.6,0.1,1.5,Bíceps,Bíceps:primary:1.0:supinación activa / pico | Antebrazo:secondary:0.6:,0,1,BLUE,1.5_FREE_EMPHASIS,"1.5_FREE_EMPHASIS: Emphasis libre ""supinación activa / pico"" en Bíceps.",
417,biceps_curl_predicador_supinacion_polea_unilateral,Curl Predicador con Supinación en Polea Unilateral,Aislamiento,Polea,Flexión Codo,,2.0,1.6,0.1,1.5,Bíceps,Bíceps:primary:1.0:supinación activa / pico | Antebrazo:secondary:0.6:,0,1,BLUE,1.5_FREE_EMPHASIS,"1.5_FREE_EMPHASIS: Emphasis libre ""supinación activa / pico"" en Bíceps.",
418,biceps_curl_predicador_supinacion_banda,Curl Predicador con Supinación en Banda Elástica,Aislamiento,Banda Elástica,Flexión Codo,,2.0,1.6,0.1,1.5,Bíceps,Bíceps:primary:1.0:supinación activa / pico | Antebrazo:secondary:0.6:,0,1,BLUE,1.5_FREE_EMPHASIS,"1.5_FREE_EMPHASIS: Emphasis libre ""supinación activa / pico"" en Bíceps.",
419,biceps_curl_arana_supino_barra_recta,Curl Araña con Barra Recta,Aislamiento,Barra,Flexión Codo,,2.0,1.6,0.1,1.5,Bíceps,Bíceps:primary:1.0:ambas cabezas | Antebrazo:secondary:0.5:,0,1,BLUE,1.5_FREE_EMPHASIS,"1.5_FREE_EMPHASIS: Emphasis libre ""ambas cabezas"" en Bíceps.",
420,biceps_curl_arana_supino_barra_ez,Curl Araña con Barra EZ,Aislamiento,Barra EZ,Flexión Codo,,2.0,1.6,0.1,1.5,Bíceps,Bíceps:primary:1.0:ambas cabezas | Antebrazo:secondary:0.5:,0,1,BLUE,1.5_FREE_EMPHASIS,"1.5_FREE_EMPHASIS: Emphasis libre ""ambas cabezas"" en Bíceps.",
421,biceps_curl_arana_supino_mancuernas,Curl Araña con Mancuernas,Aislamiento,Mancuerna,Flexión Codo,,2.0,1.6,0.1,1.5,Bíceps,Bíceps:primary:1.0:ambas cabezas | Antebrazo:secondary:0.5:,0,1,BLUE,1.5_FREE_EMPHASIS,"1.5_FREE_EMPHASIS: Emphasis libre ""ambas cabezas"" en Bíceps.",
422,biceps_curl_arana_supino_kettlebell,Curl Araña con Kettlebell,Aislamiento,Kettlebell,Flexión Codo,,2.0,1.6,0.1,1.5,Bíceps,Bíceps:primary:1.0:ambas cabezas | Antebrazo:secondary:0.5:,0,1,BLUE,1.5_FREE_EMPHASIS,"1.5_FREE_EMPHASIS: Emphasis libre ""ambas cabezas"" en Bíceps.",
423,biceps_curl_arana_supino_polea,Curl Araña en Polea,Aislamiento,Polea,Flexión Codo,,2.0,1.6,0.1,1.5,Bíceps,Bíceps:primary:1.0:ambas cabezas | Antebrazo:secondary:0.5:,0,1,BLUE,1.5_FREE_EMPHASIS,"1.5_FREE_EMPHASIS: Emphasis libre ""ambas cabezas"" en Bíceps.",
424,biceps_curl_arana_supino_polea_unilateral,Curl Araña en Polea Unilateral,Aislamiento,Polea,Flexión Codo,,2.0,1.6,0.1,1.5,Bíceps,Bíceps:primary:1.0:ambas cabezas | Antebrazo:secondary:0.5:,0,1,BLUE,1.5_FREE_EMPHASIS,"1.5_FREE_EMPHASIS: Emphasis libre ""ambas cabezas"" en Bíceps.",
425,biceps_curl_arana_supino_banda,Curl Araña en Banda Elástica,Aislamiento,Banda Elástica,Flexión Codo,,2.0,1.6,0.1,1.5,Bíceps,Bíceps:primary:1.0:ambas cabezas | Antebrazo:secondary:0.5:,0,1,BLUE,1.5_FREE_EMPHASIS,"1.5_FREE_EMPHASIS: Emphasis libre ""ambas cabezas"" en Bíceps.",
426,biceps_curl_arana_martillo_barra_recta,Curl Martillo Araña con Barra Recta,Aislamiento,Barra,Flexión Codo,,2.0,1.6,0.1,1.5,Bíceps,Bíceps:primary:1.0:braquial / braquiorradial | Antebrazo:secondary:0.7:,0,0,,,,
427,biceps_curl_arana_martillo_barra_ez,Curl Martillo Araña con Barra EZ,Aislamiento,Barra EZ,Flexión Codo,,2.0,1.6,0.1,1.5,Bíceps,Bíceps:primary:1.0:braquial / braquiorradial | Antebrazo:secondary:0.7:,0,0,,,,
428,biceps_curl_arana_martillo_barra_neutra,Curl Martillo Araña con Barra de Agarre Neutro,Aislamiento,Barra de Agarre Neutro,Flexión Codo,,2.0,1.6,0.1,1.5,Bíceps,Bíceps:primary:1.0:braquial / braquiorradial | Antebrazo:secondary:0.7:,0,0,,,,
429,biceps_curl_arana_martillo_mancuernas,Curl Martillo Araña con Mancuernas,Aislamiento,Mancuerna,Flexión Codo,,2.0,1.6,0.1,1.5,Bíceps,Bíceps:primary:1.0:braquial / braquiorradial | Antebrazo:secondary:0.7:,0,0,,,,YES
430,biceps_curl_arana_martillo_kettlebell,Curl Martillo Araña con Kettlebell,Aislamiento,Kettlebell,Flexión Codo,,2.0,1.6,0.1,1.5,Bíceps,Bíceps:primary:1.0:braquial / braquiorradial | Antebrazo:secondary:0.7:,0,0,,,,
431,biceps_curl_arana_martillo_polea,Curl Martillo Araña en Polea,Aislamiento,Polea,Flexión Codo,,2.0,1.6,0.1,1.5,Bíceps,Bíceps:primary:1.0:braquial / braquiorradial | Antebrazo:secondary:0.7:,0,0,,,,
432,biceps_curl_arana_martillo_polea_unilateral,Curl Martillo Araña en Polea Unilateral,Aislamiento,Polea,Flexión Codo,,2.0,1.6,0.1,1.5,Bíceps,Bíceps:primary:1.0:braquial / braquiorradial | Antebrazo:secondary:0.7:,0,0,,,,
433,biceps_curl_arana_martillo_banda,Curl Martillo Araña en Banda Elástica,Aislamiento,Banda Elástica,Flexión Codo,,2.0,1.6,0.1,1.5,Bíceps,Bíceps:primary:1.0:braquial / braquiorradial | Antebrazo:secondary:0.7:,0,0,,,,
434,biceps_curl_arana_inverso_barra_recta,Curl Inverso Araña con Barra Recta,Aislamiento,Barra,Flexión Codo,,2.0,1.6,0.1,1.5,Bíceps,Bíceps:primary:1.0:antebrazo / braquial | Antebrazo:secondary:0.8:,0,1,ORANGE,1.1_ACTIVATION_ROLE,1.1_ACTIVATION_ROLE: Antebrazo/secondary usa activation=0.8.,
435,biceps_curl_arana_inverso_barra_ez,Curl Inverso Araña con Barra EZ,Aislamiento,Barra EZ,Flexión Codo,,2.0,1.6,0.1,1.5,Bíceps,Bíceps:primary:1.0:antebrazo / braquial | Antebrazo:secondary:0.8:,0,1,ORANGE,1.1_ACTIVATION_ROLE,1.1_ACTIVATION_ROLE: Antebrazo/secondary usa activation=0.8.,
436,biceps_curl_arana_inverso_mancuernas,Curl Inverso Araña con Mancuernas,Aislamiento,Mancuerna,Flexión Codo,,2.0,1.6,0.1,1.5,Bíceps,Bíceps:primary:1.0:antebrazo / braquial | Antebrazo:secondary:0.8:,0,1,ORANGE,1.1_ACTIVATION_ROLE,1.1_ACTIVATION_ROLE: Antebrazo/secondary usa activation=0.8.,
437,biceps_curl_arana_inverso_kettlebell,Curl Inverso Araña con Kettlebell,Aislamiento,Kettlebell,Flexión Codo,,2.0,1.6,0.1,1.5,Bíceps,Bíceps:primary:1.0:antebrazo / braquial | Antebrazo:secondary:0.8:,0,1,ORANGE,1.1_ACTIVATION_ROLE,1.1_ACTIVATION_ROLE: Antebrazo/secondary usa activation=0.8.,
438,biceps_curl_arana_inverso_polea,Curl Inverso Araña en Polea,Aislamiento,Polea,Flexión Codo,,2.0,1.6,0.1,1.5,Bíceps,Bíceps:primary:1.0:antebrazo / braquial | Antebrazo:secondary:0.8:,0,1,ORANGE,1.1_ACTIVATION_ROLE,1.1_ACTIVATION_ROLE: Antebrazo/secondary usa activation=0.8.,YES
439,biceps_curl_arana_inverso_polea_unilateral,Curl Inverso Araña en Polea Unilateral,Aislamiento,Polea,Flexión Codo,,2.0,1.6,0.1,1.5,Bíceps,Bíceps:primary:1.0:antebrazo / braquial | Antebrazo:secondary:0.8:,0,1,ORANGE,1.1_ACTIVATION_ROLE,1.1_ACTIVATION_ROLE: Antebrazo/secondary usa activation=0.8.,
440,biceps_curl_arana_inverso_banda,Curl Inverso Araña en Banda Elástica,Aislamiento,Banda Elástica,Flexión Codo,,2.0,1.6,0.1,1.5,Bíceps,Bíceps:primary:1.0:antebrazo / braquial | Antebrazo:secondary:0.8:,0,1,ORANGE,1.1_ACTIVATION_ROLE,1.1_ACTIVATION_ROLE: Antebrazo/secondary usa activation=0.8.,
441,biceps_curl_arana_supinacion_mancuernas,Curl Araña con Supinación con Mancuernas,Aislamiento,Mancuerna,Flexión Codo,,2.0,1.6,0.1,1.5,Bíceps,Bíceps:primary:1.0:supinación activa / pico | Antebrazo:secondary:0.6:,0,1,BLUE,1.5_FREE_EMPHASIS,"1.5_FREE_EMPHASIS: Emphasis libre ""supinación activa / pico"" en Bíceps.",
442,biceps_curl_arana_supinacion_kettlebell,Curl Araña con Supinación con Kettlebell,Aislamiento,Kettlebell,Flexión Codo,,2.0,1.6,0.1,1.5,Bíceps,Bíceps:primary:1.0:supinación activa / pico | Antebrazo:secondary:0.6:,0,1,BLUE,1.5_FREE_EMPHASIS,"1.5_FREE_EMPHASIS: Emphasis libre ""supinación activa / pico"" en Bíceps.",YES
443,biceps_curl_arana_supinacion_polea,Curl Araña con Supinación en Polea,Aislamiento,Polea,Flexión Codo,,2.0,1.6,0.1,1.5,Bíceps,Bíceps:primary:1.0:supinación activa / pico | Antebrazo:secondary:0.6:,0,1,BLUE,1.5_FREE_EMPHASIS,"1.5_FREE_EMPHASIS: Emphasis libre ""supinación activa / pico"" en Bíceps.",
444,biceps_curl_arana_supinacion_polea_unilateral,Curl Araña con Supinación en Polea Unilateral,Aislamiento,Polea,Flexión Codo,,2.0,1.6,0.1,1.5,Bíceps,Bíceps:primary:1.0:supinación activa / pico | Antebrazo:secondary:0.6:,0,1,BLUE,1.5_FREE_EMPHASIS,"1.5_FREE_EMPHASIS: Emphasis libre ""supinación activa / pico"" en Bíceps.",
445,biceps_curl_arana_supinacion_banda,Curl Araña con Supinación en Banda Elástica,Aislamiento,Banda Elástica,Flexión Codo,,2.0,1.6,0.1,1.5,Bíceps,Bíceps:primary:1.0:supinación activa / pico | Antebrazo:secondary:0.6:,0,1,BLUE,1.5_FREE_EMPHASIS,"1.5_FREE_EMPHASIS: Emphasis libre ""supinación activa / pico"" en Bíceps.",
446,biceps_curl_concentrado_supino_mancuernas,Curl Concentrado con Mancuernas,Aislamiento,Mancuerna,Flexión Codo,,2.0,1.6,0.1,1.5,Bíceps,Bíceps:primary:1.0:ambas cabezas | Antebrazo:secondary:0.5:,0,1,BLUE,1.5_FREE_EMPHASIS,"1.5_FREE_EMPHASIS: Emphasis libre ""ambas cabezas"" en Bíceps.",
447,biceps_curl_concentrado_supino_kettlebell,Curl Concentrado con Kettlebell,Aislamiento,Kettlebell,Flexión Codo,,2.0,1.6,0.1,1.5,Bíceps,Bíceps:primary:1.0:ambas cabezas | Antebrazo:secondary:0.5:,0,1,BLUE,1.5_FREE_EMPHASIS,"1.5_FREE_EMPHASIS: Emphasis libre ""ambas cabezas"" en Bíceps.",
448,biceps_curl_concentrado_supino_polea,Curl Concentrado en Polea,Aislamiento,Polea,Flexión Codo,,2.0,1.6,0.1,1.5,Bíceps,Bíceps:primary:1.0:ambas cabezas | Antebrazo:secondary:0.5:,0,1,BLUE,1.5_FREE_EMPHASIS,"1.5_FREE_EMPHASIS: Emphasis libre ""ambas cabezas"" en Bíceps.",
449,biceps_curl_concentrado_supino_polea_unilateral,Curl Concentrado en Polea Unilateral,Aislamiento,Polea,Flexión Codo,,2.0,1.6,0.1,1.5,Bíceps,Bíceps:primary:1.0:ambas cabezas | Antebrazo:secondary:0.5:,0,1,BLUE,1.5_FREE_EMPHASIS,"1.5_FREE_EMPHASIS: Emphasis libre ""ambas cabezas"" en Bíceps.",
450,biceps_curl_concentrado_supino_banda,Curl Concentrado en Banda Elástica,Aislamiento,Banda Elástica,Flexión Codo,,2.0,1.6,0.1,1.5,Bíceps,Bíceps:primary:1.0:ambas cabezas | Antebrazo:secondary:0.5:,0,1,BLUE,1.5_FREE_EMPHASIS,"1.5_FREE_EMPHASIS: Emphasis libre ""ambas cabezas"" en Bíceps.",
451,biceps_curl_concentrado_martillo_mancuernas,Curl Martillo Concentrado con Mancuernas,Aislamiento,Mancuerna,Flexión Codo,,2.0,1.6,0.1,1.5,Bíceps,Bíceps:primary:1.0:braquial / braquiorradial | Antebrazo:secondary:0.7:,0,0,,,,
452,biceps_curl_concentrado_martillo_kettlebell,Curl Martillo Concentrado con Kettlebell,Aislamiento,Kettlebell,Flexión Codo,,2.0,1.6,0.1,1.5,Bíceps,Bíceps:primary:1.0:braquial / braquiorradial | Antebrazo:secondary:0.7:,0,0,,,,
453,biceps_curl_concentrado_martillo_polea,Curl Martillo Concentrado en Polea,Aislamiento,Polea,Flexión Codo,,2.0,1.6,0.1,1.5,Bíceps,Bíceps:primary:1.0:braquial / braquiorradial | Antebrazo:secondary:0.7:,0,0,,,,
454,biceps_curl_concentrado_martillo_polea_unilateral,Curl Martillo Concentrado en Polea Unilateral,Aislamiento,Polea,Flexión Codo,,2.0,1.6,0.1,1.5,Bíceps,Bíceps:primary:1.0:braquial / braquiorradial | Antebrazo:secondary:0.7:,0,0,,,,
455,biceps_curl_concentrado_martillo_banda,Curl Martillo Concentrado en Banda Elástica,Aislamiento,Banda Elástica,Flexión Codo,,2.0,1.6,0.1,1.5,Bíceps,Bíceps:primary:1.0:braquial / braquiorradial | Antebrazo:secondary:0.7:,0,0,,,,
456,biceps_curl_concentrado_inverso_mancuernas,Curl Inverso Concentrado con Mancuernas,Aislamiento,Mancuerna,Flexión Codo,,2.0,1.6,0.1,1.5,Bíceps,Bíceps:primary:1.0:antebrazo / braquial | Antebrazo:secondary:0.8:,0,1,ORANGE,1.1_ACTIVATION_ROLE,1.1_ACTIVATION_ROLE: Antebrazo/secondary usa activation=0.8.,
457,biceps_curl_concentrado_inverso_kettlebell,Curl Inverso Concentrado con Kettlebell,Aislamiento,Kettlebell,Flexión Codo,,2.0,1.6,0.1,1.5,Bíceps,Bíceps:primary:1.0:antebrazo / braquial | Antebrazo:secondary:0.8:,0,1,ORANGE,1.1_ACTIVATION_ROLE,1.1_ACTIVATION_ROLE: Antebrazo/secondary usa activation=0.8.,
458,biceps_curl_concentrado_inverso_polea,Curl Inverso Concentrado en Polea,Aislamiento,Polea,Flexión Codo,,2.0,1.6,0.1,1.5,Bíceps,Bíceps:primary:1.0:antebrazo / braquial | Antebrazo:secondary:0.8:,0,1,ORANGE,1.1_ACTIVATION_ROLE,1.1_ACTIVATION_ROLE: Antebrazo/secondary usa activation=0.8.,
459,biceps_curl_concentrado_inverso_polea_unilateral,Curl Inverso Concentrado en Polea Unilateral,Aislamiento,Polea,Flexión Codo,,2.0,1.6,0.1,1.5,Bíceps,Bíceps:primary:1.0:antebrazo / braquial | Antebrazo:secondary:0.8:,0,1,ORANGE,1.1_ACTIVATION_ROLE,1.1_ACTIVATION_ROLE: Antebrazo/secondary usa activation=0.8.,
460,biceps_curl_concentrado_inverso_banda,Curl Inverso Concentrado en Banda Elástica,Aislamiento,Banda Elástica,Flexión Codo,,2.0,1.6,0.1,1.5,Bíceps,Bíceps:primary:1.0:antebrazo / braquial | Antebrazo:secondary:0.8:,0,1,ORANGE,1.1_ACTIVATION_ROLE,1.1_ACTIVATION_ROLE: Antebrazo/secondary usa activation=0.8.,
461,biceps_curl_concentrado_supinacion_mancuernas,Curl Concentrado con Supinación con Mancuernas,Aislamiento,Mancuerna,Flexión Codo,,2.0,1.6,0.1,1.5,Bíceps,Bíceps:primary:1.0:supinación activa / pico | Antebrazo:secondary:0.6:,0,1,BLUE,1.5_FREE_EMPHASIS,"1.5_FREE_EMPHASIS: Emphasis libre ""supinación activa / pico"" en Bíceps.",
462,biceps_curl_concentrado_supinacion_kettlebell,Curl Concentrado con Supinación con Kettlebell,Aislamiento,Kettlebell,Flexión Codo,,2.0,1.6,0.1,1.5,Bíceps,Bíceps:primary:1.0:supinación activa / pico | Antebrazo:secondary:0.6:,0,1,BLUE,1.5_FREE_EMPHASIS,"1.5_FREE_EMPHASIS: Emphasis libre ""supinación activa / pico"" en Bíceps.",
463,biceps_curl_concentrado_supinacion_polea,Curl Concentrado con Supinación en Polea,Aislamiento,Polea,Flexión Codo,,2.0,1.6,0.1,1.5,Bíceps,Bíceps:primary:1.0:supinación activa / pico | Antebrazo:secondary:0.6:,0,1,BLUE,1.5_FREE_EMPHASIS,"1.5_FREE_EMPHASIS: Emphasis libre ""supinación activa / pico"" en Bíceps.",
464,biceps_curl_concentrado_supinacion_polea_unilateral,Curl Concentrado con Supinación en Polea Unilateral,Aislamiento,Polea,Flexión Codo,,2.0,1.6,0.1,1.5,Bíceps,Bíceps:primary:1.0:supinación activa / pico | Antebrazo:secondary:0.6:,0,1,BLUE,1.5_FREE_EMPHASIS,"1.5_FREE_EMPHASIS: Emphasis libre ""supinación activa / pico"" en Bíceps.",YES
465,biceps_curl_concentrado_supinacion_banda,Curl Concentrado con Supinación en Banda Elástica,Aislamiento,Banda Elástica,Flexión Codo,,2.0,1.6,0.1,1.5,Bíceps,Bíceps:primary:1.0:supinación activa / pico | Antebrazo:secondary:0.6:,0,1,BLUE,1.5_FREE_EMPHASIS,"1.5_FREE_EMPHASIS: Emphasis libre ""supinación activa / pico"" en Bíceps.",
466,biceps_curl_drag_supino_barra_recta,Curl Drag con Barra Recta,Aislamiento,Barra,Flexión Codo,,2.0,1.6,0.1,1.5,Bíceps,Bíceps:primary:1.0:ambas cabezas | Antebrazo:secondary:0.5:,0,1,BLUE,1.5_FREE_EMPHASIS,"1.5_FREE_EMPHASIS: Emphasis libre ""ambas cabezas"" en Bíceps.",
467,biceps_curl_drag_supino_barra_ez,Curl Drag con Barra EZ,Aislamiento,Barra EZ,Flexión Codo,,2.0,1.6,0.1,1.5,Bíceps,Bíceps:primary:1.0:ambas cabezas | Antebrazo:secondary:0.5:,0,1,BLUE,1.5_FREE_EMPHASIS,"1.5_FREE_EMPHASIS: Emphasis libre ""ambas cabezas"" en Bíceps.",
468,biceps_curl_drag_supino_mancuernas,Curl Drag con Mancuernas,Aislamiento,Mancuerna,Flexión Codo,,2.0,1.6,0.1,1.5,Bíceps,Bíceps:primary:1.0:ambas cabezas | Antebrazo:secondary:0.5:,0,1,BLUE,1.5_FREE_EMPHASIS,"1.5_FREE_EMPHASIS: Emphasis libre ""ambas cabezas"" en Bíceps.",
469,biceps_curl_drag_supino_kettlebell,Curl Drag con Kettlebell,Aislamiento,Kettlebell,Flexión Codo,,2.0,1.6,0.1,1.5,Bíceps,Bíceps:primary:1.0:ambas cabezas | Antebrazo:secondary:0.5:,0,1,BLUE,1.5_FREE_EMPHASIS,"1.5_FREE_EMPHASIS: Emphasis libre ""ambas cabezas"" en Bíceps.",
470,biceps_curl_drag_supino_polea,Curl Drag en Polea,Aislamiento,Polea,Flexión Codo,,2.0,1.6,0.1,1.5,Bíceps,Bíceps:primary:1.0:ambas cabezas | Antebrazo:secondary:0.5:,0,1,BLUE,1.5_FREE_EMPHASIS,"1.5_FREE_EMPHASIS: Emphasis libre ""ambas cabezas"" en Bíceps.",
471,biceps_curl_drag_supino_polea_unilateral,Curl Drag en Polea Unilateral,Aislamiento,Polea,Flexión Codo,,2.0,1.6,0.1,1.5,Bíceps,Bíceps:primary:1.0:ambas cabezas | Antebrazo:secondary:0.5:,0,1,BLUE,1.5_FREE_EMPHASIS,"1.5_FREE_EMPHASIS: Emphasis libre ""ambas cabezas"" en Bíceps.",
472,biceps_curl_drag_supino_banda,Curl Drag en Banda Elástica,Aislamiento,Banda Elástica,Flexión Codo,,2.0,1.6,0.1,1.5,Bíceps,Bíceps:primary:1.0:ambas cabezas | Antebrazo:secondary:0.5:,0,1,BLUE,1.5_FREE_EMPHASIS,"1.5_FREE_EMPHASIS: Emphasis libre ""ambas cabezas"" en Bíceps.",
473,biceps_curl_drag_martillo_barra_recta,Curl Martillo Drag con Barra Recta,Aislamiento,Barra,Flexión Codo,,2.0,1.6,0.1,1.5,Bíceps,Bíceps:primary:1.0:braquial / braquiorradial | Antebrazo:secondary:0.7:,0,0,,,,
474,biceps_curl_drag_martillo_barra_ez,Curl Martillo Drag con Barra EZ,Aislamiento,Barra EZ,Flexión Codo,,2.0,1.6,0.1,1.5,Bíceps,Bíceps:primary:1.0:braquial / braquiorradial | Antebrazo:secondary:0.7:,0,0,,,,
475,biceps_curl_drag_martillo_barra_neutra,Curl Martillo Drag con Barra de Agarre Neutro,Aislamiento,Barra de Agarre Neutro,Flexión Codo,,2.0,1.6,0.1,1.5,Bíceps,Bíceps:primary:1.0:braquial / braquiorradial | Antebrazo:secondary:0.7:,0,0,,,,
476,biceps_curl_drag_martillo_mancuernas,Curl Martillo Drag con Mancuernas,Aislamiento,Mancuerna,Flexión Codo,,2.0,1.6,0.1,1.5,Bíceps,Bíceps:primary:1.0:braquial / braquiorradial | Antebrazo:secondary:0.7:,0,0,,,,
477,biceps_curl_drag_martillo_kettlebell,Curl Martillo Drag con Kettlebell,Aislamiento,Kettlebell,Flexión Codo,,2.0,1.6,0.1,1.5,Bíceps,Bíceps:primary:1.0:braquial / braquiorradial | Antebrazo:secondary:0.7:,0,0,,,,
478,biceps_curl_drag_martillo_polea,Curl Martillo Drag en Polea,Aislamiento,Polea,Flexión Codo,,2.0,1.6,0.1,1.5,Bíceps,Bíceps:primary:1.0:braquial / braquiorradial | Antebrazo:secondary:0.7:,0,0,,,,
479,biceps_curl_drag_martillo_polea_unilateral,Curl Martillo Drag en Polea Unilateral,Aislamiento,Polea,Flexión Codo,,2.0,1.6,0.1,1.5,Bíceps,Bíceps:primary:1.0:braquial / braquiorradial | Antebrazo:secondary:0.7:,0,0,,,,
480,biceps_curl_drag_martillo_banda,Curl Martillo Drag en Banda Elástica,Aislamiento,Banda Elástica,Flexión Codo,,2.0,1.6,0.1,1.5,Bíceps,Bíceps:primary:1.0:braquial / braquiorradial | Antebrazo:secondary:0.7:,0,0,,,,
481,biceps_curl_drag_inverso_barra_recta,Curl Inverso Drag con Barra Recta,Aislamiento,Barra,Flexión Codo,,2.0,1.6,0.1,1.5,Bíceps,Bíceps:primary:1.0:antebrazo / braquial | Antebrazo:secondary:0.8:,0,1,ORANGE,1.1_ACTIVATION_ROLE,1.1_ACTIVATION_ROLE: Antebrazo/secondary usa activation=0.8.,
482,biceps_curl_drag_inverso_barra_ez,Curl Inverso Drag con Barra EZ,Aislamiento,Barra EZ,Flexión Codo,,2.0,1.6,0.1,1.5,Bíceps,Bíceps:primary:1.0:antebrazo / braquial | Antebrazo:secondary:0.8:,0,1,ORANGE,1.1_ACTIVATION_ROLE,1.1_ACTIVATION_ROLE: Antebrazo/secondary usa activation=0.8.,
483,biceps_curl_drag_inverso_mancuernas,Curl Inverso Drag con Mancuernas,Aislamiento,Mancuerna,Flexión Codo,,2.0,1.6,0.1,1.5,Bíceps,Bíceps:primary:1.0:antebrazo / braquial | Antebrazo:secondary:0.8:,0,1,ORANGE,1.1_ACTIVATION_ROLE,1.1_ACTIVATION_ROLE: Antebrazo/secondary usa activation=0.8.,
484,biceps_curl_drag_inverso_kettlebell,Curl Inverso Drag con Kettlebell,Aislamiento,Kettlebell,Flexión Codo,,2.0,1.6,0.1,1.5,Bíceps,Bíceps:primary:1.0:antebrazo / braquial | Antebrazo:secondary:0.8:,0,1,ORANGE,1.1_ACTIVATION_ROLE,1.1_ACTIVATION_ROLE: Antebrazo/secondary usa activation=0.8.,
485,biceps_curl_drag_inverso_polea,Curl Inverso Drag en Polea,Aislamiento,Polea,Flexión Codo,,2.0,1.6,0.1,1.5,Bíceps,Bíceps:primary:1.0:antebrazo / braquial | Antebrazo:secondary:0.8:,0,1,ORANGE,1.1_ACTIVATION_ROLE,1.1_ACTIVATION_ROLE: Antebrazo/secondary usa activation=0.8.,
486,biceps_curl_drag_inverso_polea_unilateral,Curl Inverso Drag en Polea Unilateral,Aislamiento,Polea,Flexión Codo,,2.0,1.6,0.1,1.5,Bíceps,Bíceps:primary:1.0:antebrazo / braquial | Antebrazo:secondary:0.8:,0,1,ORANGE,1.1_ACTIVATION_ROLE,1.1_ACTIVATION_ROLE: Antebrazo/secondary usa activation=0.8.,
487,biceps_curl_drag_inverso_banda,Curl Inverso Drag en Banda Elástica,Aislamiento,Banda Elástica,Flexión Codo,,2.0,1.6,0.1,1.5,Bíceps,Bíceps:primary:1.0:antebrazo / braquial | Antebrazo:secondary:0.8:,0,1,ORANGE,1.1_ACTIVATION_ROLE,1.1_ACTIVATION_ROLE: Antebrazo/secondary usa activation=0.8.,
488,biceps_curl_drag_supinacion_mancuernas,Curl Drag con Supinación con Mancuernas,Aislamiento,Mancuerna,Flexión Codo,,2.0,1.6,0.1,1.5,Bíceps,Bíceps:primary:1.0:supinación activa / pico | Antebrazo:secondary:0.6:,0,1,BLUE,1.5_FREE_EMPHASIS,"1.5_FREE_EMPHASIS: Emphasis libre ""supinación activa / pico"" en Bíceps.",
489,biceps_curl_drag_supinacion_kettlebell,Curl Drag con Supinación con Kettlebell,Aislamiento,Kettlebell,Flexión Codo,,2.0,1.6,0.1,1.5,Bíceps,Bíceps:primary:1.0:supinación activa / pico | Antebrazo:secondary:0.6:,0,1,BLUE,1.5_FREE_EMPHASIS,"1.5_FREE_EMPHASIS: Emphasis libre ""supinación activa / pico"" en Bíceps.",
490,biceps_curl_drag_supinacion_polea,Curl Drag con Supinación en Polea,Aislamiento,Polea,Flexión Codo,,2.0,1.6,0.1,1.5,Bíceps,Bíceps:primary:1.0:supinación activa / pico | Antebrazo:secondary:0.6:,0,1,BLUE,1.5_FREE_EMPHASIS,"1.5_FREE_EMPHASIS: Emphasis libre ""supinación activa / pico"" en Bíceps.",YES
491,biceps_curl_drag_supinacion_polea_unilateral,Curl Drag con Supinación en Polea Unilateral,Aislamiento,Polea,Flexión Codo,,2.0,1.6,0.1,1.5,Bíceps,Bíceps:primary:1.0:supinación activa / pico | Antebrazo:secondary:0.6:,0,1,BLUE,1.5_FREE_EMPHASIS,"1.5_FREE_EMPHASIS: Emphasis libre ""supinación activa / pico"" en Bíceps.",
492,biceps_curl_drag_supinacion_banda,Curl Drag con Supinación en Banda Elástica,Aislamiento,Banda Elástica,Flexión Codo,,2.0,1.6,0.1,1.5,Bíceps,Bíceps:primary:1.0:supinación activa / pico | Antebrazo:secondary:0.6:,0,1,BLUE,1.5_FREE_EMPHASIS,"1.5_FREE_EMPHASIS: Emphasis libre ""supinación activa / pico"" en Bíceps.",
493,biceps_curl_bayesian_supino_mancuernas,Curl Bayesian con Mancuernas,Aislamiento,Mancuerna,Flexión Codo,,2.0,1.6,0.1,1.5,Bíceps,Bíceps:primary:1.0:ambas cabezas | Antebrazo:secondary:0.5:,0,1,BLUE,1.5_FREE_EMPHASIS,"1.5_FREE_EMPHASIS: Emphasis libre ""ambas cabezas"" en Bíceps.",
494,biceps_curl_bayesian_supino_kettlebell,Curl Bayesian con Kettlebell,Aislamiento,Kettlebell,Flexión Codo,,2.0,1.6,0.1,1.5,Bíceps,Bíceps:primary:1.0:ambas cabezas | Antebrazo:secondary:0.5:,0,1,BLUE,1.5_FREE_EMPHASIS,"1.5_FREE_EMPHASIS: Emphasis libre ""ambas cabezas"" en Bíceps.",YES
495,biceps_curl_bayesian_supino_polea,Curl Bayesian en Polea,Aislamiento,Polea,Flexión Codo,,2.0,1.6,0.1,1.5,Bíceps,Bíceps:primary:1.0:ambas cabezas | Antebrazo:secondary:0.5:,0,1,BLUE,1.5_FREE_EMPHASIS,"1.5_FREE_EMPHASIS: Emphasis libre ""ambas cabezas"" en Bíceps.",
496,biceps_curl_bayesian_supino_polea_unilateral,Curl Bayesian en Polea Unilateral,Aislamiento,Polea,Flexión Codo,,2.0,1.6,0.1,1.5,Bíceps,Bíceps:primary:1.0:ambas cabezas | Antebrazo:secondary:0.5:,0,1,BLUE,1.5_FREE_EMPHASIS,"1.5_FREE_EMPHASIS: Emphasis libre ""ambas cabezas"" en Bíceps.",
497,biceps_curl_bayesian_supino_banda,Curl Bayesian en Banda Elástica,Aislamiento,Banda Elástica,Flexión Codo,,2.0,1.6,0.1,1.5,Bíceps,Bíceps:primary:1.0:ambas cabezas | Antebrazo:secondary:0.5:,0,1,BLUE,1.5_FREE_EMPHASIS,"1.5_FREE_EMPHASIS: Emphasis libre ""ambas cabezas"" en Bíceps.",
498,biceps_curl_bayesian_martillo_mancuernas,Curl Martillo Bayesian con Mancuernas,Aislamiento,Mancuerna,Flexión Codo,,2.0,1.6,0.1,1.5,Bíceps,Bíceps:primary:1.0:braquial / braquiorradial | Antebrazo:secondary:0.7:,0,0,,,,
499,biceps_curl_bayesian_martillo_kettlebell,Curl Martillo Bayesian con Kettlebell,Aislamiento,Kettlebell,Flexión Codo,,2.0,1.6,0.1,1.5,Bíceps,Bíceps:primary:1.0:braquial / braquiorradial | Antebrazo:secondary:0.7:,0,0,,,,
500,biceps_curl_bayesian_martillo_polea,Curl Martillo Bayesian en Polea,Aislamiento,Polea,Flexión Codo,,2.0,1.6,0.1,1.5,Bíceps,Bíceps:primary:1.0:braquial / braquiorradial | Antebrazo:secondary:0.7:,0,0,,,,YES
501,biceps_curl_bayesian_martillo_polea_unilateral,Curl Martillo Bayesian en Polea Unilateral,Aislamiento,Polea,Flexión Codo,,2.0,1.6,0.1,1.5,Bíceps,Bíceps:primary:1.0:braquial / braquiorradial | Antebrazo:secondary:0.7:,0,0,,,,
502,biceps_curl_bayesian_martillo_banda,Curl Martillo Bayesian en Banda Elástica,Aislamiento,Banda Elástica,Flexión Codo,,2.0,1.6,0.1,1.5,Bíceps,Bíceps:primary:1.0:braquial / braquiorradial | Antebrazo:secondary:0.7:,0,0,,,,
503,biceps_curl_bayesian_inverso_mancuernas,Curl Inverso Bayesian con Mancuernas,Aislamiento,Mancuerna,Flexión Codo,,2.0,1.6,0.1,1.5,Bíceps,Bíceps:primary:1.0:antebrazo / braquial | Antebrazo:secondary:0.8:,0,1,ORANGE,1.1_ACTIVATION_ROLE,1.1_ACTIVATION_ROLE: Antebrazo/secondary usa activation=0.8.,YES
504,biceps_curl_bayesian_inverso_kettlebell,Curl Inverso Bayesian con Kettlebell,Aislamiento,Kettlebell,Flexión Codo,,2.0,1.6,0.1,1.5,Bíceps,Bíceps:primary:1.0:antebrazo / braquial | Antebrazo:secondary:0.8:,0,1,ORANGE,1.1_ACTIVATION_ROLE,1.1_ACTIVATION_ROLE: Antebrazo/secondary usa activation=0.8.,
505,biceps_curl_bayesian_inverso_polea,Curl Inverso Bayesian en Polea,Aislamiento,Polea,Flexión Codo,,2.0,1.6,0.1,1.5,Bíceps,Bíceps:primary:1.0:antebrazo / braquial | Antebrazo:secondary:0.8:,0,1,ORANGE,1.1_ACTIVATION_ROLE,1.1_ACTIVATION_ROLE: Antebrazo/secondary usa activation=0.8.,YES
506,biceps_curl_bayesian_inverso_polea_unilateral,Curl Inverso Bayesian en Polea Unilateral,Aislamiento,Polea,Flexión Codo,,2.0,1.6,0.1,1.5,Bíceps,Bíceps:primary:1.0:antebrazo / braquial | Antebrazo:secondary:0.8:,0,1,ORANGE,1.1_ACTIVATION_ROLE,1.1_ACTIVATION_ROLE: Antebrazo/secondary usa activation=0.8.,
507,biceps_curl_bayesian_inverso_banda,Curl Inverso Bayesian en Banda Elástica,Aislamiento,Banda Elástica,Flexión Codo,,2.0,1.6,0.1,1.5,Bíceps,Bíceps:primary:1.0:antebrazo / braquial | Antebrazo:secondary:0.8:,0,1,ORANGE,1.1_ACTIVATION_ROLE,1.1_ACTIVATION_ROLE: Antebrazo/secondary usa activation=0.8.,
508,biceps_curl_bayesian_supinacion_mancuernas,Curl Bayesian con Supinación con Mancuernas,Aislamiento,Mancuerna,Flexión Codo,,2.0,1.6,0.1,1.5,Bíceps,Bíceps:primary:1.0:supinación activa / pico | Antebrazo:secondary:0.6:,0,1,BLUE,1.5_FREE_EMPHASIS,"1.5_FREE_EMPHASIS: Emphasis libre ""supinación activa / pico"" en Bíceps.",
509,biceps_curl_bayesian_supinacion_kettlebell,Curl Bayesian con Supinación con Kettlebell,Aislamiento,Kettlebell,Flexión Codo,,2.0,1.6,0.1,1.5,Bíceps,Bíceps:primary:1.0:supinación activa / pico | Antebrazo:secondary:0.6:,0,1,BLUE,1.5_FREE_EMPHASIS,"1.5_FREE_EMPHASIS: Emphasis libre ""supinación activa / pico"" en Bíceps.",
510,biceps_curl_bayesian_supinacion_polea,Curl Bayesian con Supinación en Polea,Aislamiento,Polea,Flexión Codo,,2.0,1.6,0.1,1.5,Bíceps,Bíceps:primary:1.0:supinación activa / pico | Antebrazo:secondary:0.6:,0,1,BLUE,1.5_FREE_EMPHASIS,"1.5_FREE_EMPHASIS: Emphasis libre ""supinación activa / pico"" en Bíceps.",
511,biceps_curl_bayesian_supinacion_polea_unilateral,Curl Bayesian con Supinación en Polea Unilateral,Aislamiento,Polea,Flexión Codo,,2.0,1.6,0.1,1.5,Bíceps,Bíceps:primary:1.0:supinación activa / pico | Antebrazo:secondary:0.6:,0,1,BLUE,1.5_FREE_EMPHASIS,"1.5_FREE_EMPHASIS: Emphasis libre ""supinación activa / pico"" en Bíceps.",
512,biceps_curl_bayesian_supinacion_banda,Curl Bayesian con Supinación en Banda Elástica,Aislamiento,Banda Elástica,Flexión Codo,,2.0,1.6,0.1,1.5,Bíceps,Bíceps:primary:1.0:supinación activa / pico | Antebrazo:secondary:0.6:,0,1,BLUE,1.5_FREE_EMPHASIS,"1.5_FREE_EMPHASIS: Emphasis libre ""supinación activa / pico"" en Bíceps.",
513,biceps_curl_superman_supino_polea,Curl Superman en Polea,Aislamiento,Polea,Flexión Codo,,2.0,1.6,0.1,1.5,Bíceps,Bíceps:primary:1.0:ambas cabezas | Antebrazo:secondary:0.5:,0,1,BLUE,1.5_FREE_EMPHASIS,"1.5_FREE_EMPHASIS: Emphasis libre ""ambas cabezas"" en Bíceps.",YES
514,biceps_curl_superman_supino_polea_unilateral,Curl Superman en Polea Unilateral,Aislamiento,Polea,Flexión Codo,,2.0,1.6,0.1,1.5,Bíceps,Bíceps:primary:1.0:ambas cabezas | Antebrazo:secondary:0.5:,0,1,BLUE,1.5_FREE_EMPHASIS,"1.5_FREE_EMPHASIS: Emphasis libre ""ambas cabezas"" en Bíceps.",
515,biceps_curl_superman_supino_banda,Curl Superman en Banda Elástica,Aislamiento,Banda Elástica,Flexión Codo,,2.0,1.6,0.1,1.5,Bíceps,Bíceps:primary:1.0:ambas cabezas | Antebrazo:secondary:0.5:,0,1,BLUE,1.5_FREE_EMPHASIS,"1.5_FREE_EMPHASIS: Emphasis libre ""ambas cabezas"" en Bíceps.",
516,biceps_curl_superman_martillo_polea,Curl Martillo Superman en Polea,Aislamiento,Polea,Flexión Codo,,2.0,1.6,0.1,1.5,Bíceps,Bíceps:primary:1.0:braquial / braquiorradial | Antebrazo:secondary:0.7:,0,0,,,,
517,biceps_curl_superman_martillo_polea_unilateral,Curl Martillo Superman en Polea Unilateral,Aislamiento,Polea,Flexión Codo,,2.0,1.6,0.1,1.5,Bíceps,Bíceps:primary:1.0:braquial / braquiorradial | Antebrazo:secondary:0.7:,0,0,,,,
518,biceps_curl_superman_martillo_banda,Curl Martillo Superman en Banda Elástica,Aislamiento,Banda Elástica,Flexión Codo,,2.0,1.6,0.1,1.5,Bíceps,Bíceps:primary:1.0:braquial / braquiorradial | Antebrazo:secondary:0.7:,0,0,,,,
519,biceps_curl_superman_inverso_polea,Curl Inverso Superman en Polea,Aislamiento,Polea,Flexión Codo,,2.0,1.6,0.1,1.5,Bíceps,Bíceps:primary:1.0:antebrazo / braquial | Antebrazo:secondary:0.8:,0,1,ORANGE,1.1_ACTIVATION_ROLE,1.1_ACTIVATION_ROLE: Antebrazo/secondary usa activation=0.8.,
520,biceps_curl_superman_inverso_polea_unilateral,Curl Inverso Superman en Polea Unilateral,Aislamiento,Polea,Flexión Codo,,2.0,1.6,0.1,1.5,Bíceps,Bíceps:primary:1.0:antebrazo / braquial | Antebrazo:secondary:0.8:,0,1,ORANGE,1.1_ACTIVATION_ROLE,1.1_ACTIVATION_ROLE: Antebrazo/secondary usa activation=0.8.,
521,biceps_curl_superman_inverso_banda,Curl Inverso Superman en Banda Elástica,Aislamiento,Banda Elástica,Flexión Codo,,2.0,1.6,0.1,1.5,Bíceps,Bíceps:primary:1.0:antebrazo / braquial | Antebrazo:secondary:0.8:,0,1,ORANGE,1.1_ACTIVATION_ROLE,1.1_ACTIVATION_ROLE: Antebrazo/secondary usa activation=0.8.,
522,biceps_curl_superman_supinacion_polea,Curl Superman con Supinación en Polea,Aislamiento,Polea,Flexión Codo,,2.0,1.6,0.1,1.5,Bíceps,Bíceps:primary:1.0:supinación activa / pico | Antebrazo:secondary:0.6:,0,1,BLUE,1.5_FREE_EMPHASIS,"1.5_FREE_EMPHASIS: Emphasis libre ""supinación activa / pico"" en Bíceps.",
523,biceps_curl_superman_supinacion_polea_unilateral,Curl Superman con Supinación en Polea Unilateral,Aislamiento,Polea,Flexión Codo,,2.0,1.6,0.1,1.5,Bíceps,Bíceps:primary:1.0:supinación activa / pico | Antebrazo:secondary:0.6:,0,1,BLUE,1.5_FREE_EMPHASIS,"1.5_FREE_EMPHASIS: Emphasis libre ""supinación activa / pico"" en Bíceps.",
524,biceps_curl_superman_supinacion_banda,Curl Superman con Supinación en Banda Elástica,Aislamiento,Banda Elástica,Flexión Codo,,2.0,1.6,0.1,1.5,Bíceps,Bíceps:primary:1.0:supinación activa / pico | Antebrazo:secondary:0.6:,0,1,BLUE,1.5_FREE_EMPHASIS,"1.5_FREE_EMPHASIS: Emphasis libre ""supinación activa / pico"" en Bíceps.",
525,biceps_curl_crucifijo_supino_polea,Curl Crucifijo en Polea,Aislamiento,Polea,Flexión Codo,,2.0,1.6,0.1,1.5,Bíceps,Bíceps:primary:1.0:ambas cabezas | Antebrazo:secondary:0.5:,0,1,BLUE,1.5_FREE_EMPHASIS,"1.5_FREE_EMPHASIS: Emphasis libre ""ambas cabezas"" en Bíceps.",
526,biceps_curl_crucifijo_supino_polea_unilateral,Curl Crucifijo en Polea Unilateral,Aislamiento,Polea,Flexión Codo,,2.0,1.6,0.1,1.5,Bíceps,Bíceps:primary:1.0:ambas cabezas | Antebrazo:secondary:0.5:,0,1,BLUE,1.5_FREE_EMPHASIS,"1.5_FREE_EMPHASIS: Emphasis libre ""ambas cabezas"" en Bíceps.",
527,biceps_curl_crucifijo_supino_banda,Curl Crucifijo en Banda Elástica,Aislamiento,Banda Elástica,Flexión Codo,,2.0,1.6,0.1,1.5,Bíceps,Bíceps:primary:1.0:ambas cabezas | Antebrazo:secondary:0.5:,0,1,BLUE,1.5_FREE_EMPHASIS,"1.5_FREE_EMPHASIS: Emphasis libre ""ambas cabezas"" en Bíceps.",
528,biceps_curl_crucifijo_martillo_polea,Curl Martillo Crucifijo en Polea,Aislamiento,Polea,Flexión Codo,,2.0,1.6,0.1,1.5,Bíceps,Bíceps:primary:1.0:braquial / braquiorradial | Antebrazo:secondary:0.7:,0,0,,,,
529,biceps_curl_crucifijo_martillo_polea_unilateral,Curl Martillo Crucifijo en Polea Unilateral,Aislamiento,Polea,Flexión Codo,,2.0,1.6,0.1,1.5,Bíceps,Bíceps:primary:1.0:braquial / braquiorradial | Antebrazo:secondary:0.7:,0,0,,,,YES
530,biceps_curl_crucifijo_martillo_banda,Curl Martillo Crucifijo en Banda Elástica,Aislamiento,Banda Elástica,Flexión Codo,,2.0,1.6,0.1,1.5,Bíceps,Bíceps:primary:1.0:braquial / braquiorradial | Antebrazo:secondary:0.7:,0,0,,,,
531,biceps_curl_crucifijo_inverso_polea,Curl Inverso Crucifijo en Polea,Aislamiento,Polea,Flexión Codo,,2.0,1.6,0.1,1.5,Bíceps,Bíceps:primary:1.0:antebrazo / braquial | Antebrazo:secondary:0.8:,0,1,ORANGE,1.1_ACTIVATION_ROLE,1.1_ACTIVATION_ROLE: Antebrazo/secondary usa activation=0.8.,
532,biceps_curl_crucifijo_inverso_polea_unilateral,Curl Inverso Crucifijo en Polea Unilateral,Aislamiento,Polea,Flexión Codo,,2.0,1.6,0.1,1.5,Bíceps,Bíceps:primary:1.0:antebrazo / braquial | Antebrazo:secondary:0.8:,0,1,ORANGE,1.1_ACTIVATION_ROLE,1.1_ACTIVATION_ROLE: Antebrazo/secondary usa activation=0.8.,
533,biceps_curl_crucifijo_inverso_banda,Curl Inverso Crucifijo en Banda Elástica,Aislamiento,Banda Elástica,Flexión Codo,,2.0,1.6,0.1,1.5,Bíceps,Bíceps:primary:1.0:antebrazo / braquial | Antebrazo:secondary:0.8:,0,1,ORANGE,1.1_ACTIVATION_ROLE,1.1_ACTIVATION_ROLE: Antebrazo/secondary usa activation=0.8.,
534,biceps_curl_crucifijo_supinacion_polea,Curl Crucifijo con Supinación en Polea,Aislamiento,Polea,Flexión Codo,,2.0,1.6,0.1,1.5,Bíceps,Bíceps:primary:1.0:supinación activa / pico | Antebrazo:secondary:0.6:,0,1,BLUE,1.5_FREE_EMPHASIS,"1.5_FREE_EMPHASIS: Emphasis libre ""supinación activa / pico"" en Bíceps.",
535,biceps_curl_crucifijo_supinacion_polea_unilateral,Curl Crucifijo con Supinación en Polea Unilateral,Aislamiento,Polea,Flexión Codo,,2.0,1.6,0.1,1.5,Bíceps,Bíceps:primary:1.0:supinación activa / pico | Antebrazo:secondary:0.6:,0,1,BLUE,1.5_FREE_EMPHASIS,"1.5_FREE_EMPHASIS: Emphasis libre ""supinación activa / pico"" en Bíceps.",
536,biceps_curl_crucifijo_supinacion_banda,Curl Crucifijo con Supinación en Banda Elástica,Aislamiento,Banda Elástica,Flexión Codo,,2.0,1.6,0.1,1.5,Bíceps,Bíceps:primary:1.0:supinación activa / pico | Antebrazo:secondary:0.6:,0,1,BLUE,1.5_FREE_EMPHASIS,"1.5_FREE_EMPHASIS: Emphasis libre ""supinación activa / pico"" en Bíceps.",
537,biceps_curl_zottman_mancuernas,Curl Zottman con Mancuernas,Aislamiento,Mancuerna,Flexión Codo,,2.0,1.6,0.1,1.5,Bíceps,Bíceps:primary:1.0:bíceps y antebrazo | Antebrazo:secondary:0.7:,0,1,BLUE,1.5_FREE_EMPHASIS,"1.5_FREE_EMPHASIS: Emphasis libre ""bíceps y antebrazo"" en Bíceps.",
538,biceps_curl_zottman_polea,Curl Zottman en Polea,Aislamiento,Polea,Flexión Codo,,2.0,1.6,0.1,1.5,Bíceps,Bíceps:primary:1.0:bíceps y antebrazo | Antebrazo:secondary:0.7:,0,1,BLUE,1.5_FREE_EMPHASIS,"1.5_FREE_EMPHASIS: Emphasis libre ""bíceps y antebrazo"" en Bíceps.",
539,biceps_curl_zottman_kettlebell,Curl Zottman con Kettlebell,Aislamiento,Kettlebell,Flexión Codo,,2.0,1.6,0.1,1.5,Bíceps,Bíceps:primary:1.0:bíceps y antebrazo | Antebrazo:secondary:0.7:,0,1,BLUE,1.5_FREE_EMPHASIS,"1.5_FREE_EMPHASIS: Emphasis libre ""bíceps y antebrazo"" en Bíceps.",
540,biceps_curl_disco,Curl de Bíceps con Disco (Waiter Curl),Aislamiento,Disco,Flexión Codo,,2.0,1.6,0.1,1.5,Bíceps,Bíceps:primary:1.0:cabeza corta | Antebrazo:secondary:0.5:,0,0,,,,
541,biceps_curl_trx,Curl de Bíceps en TRX,Aislamiento,TRX,Flexión Codo,,2.0,1.6,0.1,1.5,Bíceps,Bíceps:primary:1.0:ambas cabezas | Antebrazo:secondary:0.5: | Core:secondary:0.4:,0,1,BLUE,1.5_FREE_EMPHASIS,"1.5_FREE_EMPHASIS: Emphasis libre ""ambas cabezas"" en Bíceps.",
542,biceps_dominadas_supinas_cerradas,Dominadas Supinas Cerradas (Close-Grip Chin-Ups),Aislamiento,Peso Corporal,Tirón Vertical,,2.0,1.6,0.1,1.5,Bíceps,Bíceps:primary:1.0:ambas cabezas | Dorsales:secondary:0.7: | Antebrazo:secondary:0.5:,0,2,RED,2.1_PATTERN_PRIMARY | 1.5_FREE_EMPHASIS,"2.1_PATTERN_PRIMARY: Tirón Vertical espera ['Dorsales'], pero primary=['Bíceps']. || 1.5_FREE_EMPHASIS: Emphasis libre ""ambas cabezas"" en Bíceps.",
543,biceps_dominadas_supinas_lastradas,Dominadas Supinas Lastradas,Aislamiento,Peso Corporal,Tirón Vertical,,2.0,1.6,0.1,1.5,Bíceps,Bíceps:primary:1.0:ambas cabezas | Dorsales:secondary:0.7: | Antebrazo:secondary:0.5:,0,2,RED,2.1_PATTERN_PRIMARY | 1.5_FREE_EMPHASIS,"2.1_PATTERN_PRIMARY: Tirón Vertical espera ['Dorsales'], pero primary=['Bíceps']. || 1.5_FREE_EMPHASIS: Emphasis libre ""ambas cabezas"" en Bíceps.",
544,deltoides_press_militar_de_pie_barra_recta,Press Militar de Pie con Barra Recta,Accesorio,Barra,Empuje Vertical,,2.5,1.8,0.3,1.6,Deltoides Anterior,Deltoides:primary:1.0:Deltoides Anterior | Tríceps:secondary:0.6: | Core:secondary:0.5:,0,4,BLUE,3.1_IQR_CNC | 3.1_IQR_EFC | 3.1_IQR_SSC | 3.1_IQR_TTC,"3.1_IQR_CNC: cnc=1.8 es outlier IQR para tipo=Accesorio, equipo=Barra (2.20–2.20). || 3.1_IQR_EFC: efc=2.5 es outlier IQR para tipo=Accesorio, equipo=Barra (2.80–2.80). || 3.1_IQR_SSC: ssc=0.3 es outlier IQR para tipo=Accesorio, equipo=Barra (0.50–0.50). || 3.1_IQR_TTC: ttc=1.6 es outlier IQR para tipo=Accesorio, equipo=Barra (2.00–2.00).",
545,deltoides_press_militar_de_pie_barra_ez,Press Militar de Pie con Barra EZ,Accesorio,Barra EZ,Empuje Vertical,,2.5,1.8,0.3,1.6,Deltoides Anterior,Deltoides:primary:1.0:Deltoides Anterior | Tríceps:secondary:0.6: | Core:secondary:0.5:,0,0,,,,
546,deltoides_press_militar_de_pie_barra_neutra,Press Militar de Pie con Barra de Agarre Neutro,Accesorio,Barra de Agarre Neutro,Empuje Vertical,,2.5,1.8,0.3,1.6,Deltoides Anterior,Deltoides:primary:1.0:Deltoides Anterior | Tríceps:secondary:0.6: | Core:secondary:0.5:,0,0,,,,
547,deltoides_press_hombros_de_pie_mancuernas,Press de Hombros de Pie con Mancuernas,Accesorio,Mancuerna,Empuje Vertical,,2.5,1.8,0.3,1.6,Deltoides Anterior,Deltoides:primary:1.0:Deltoides Anterior | Tríceps:secondary:0.6: | Core:secondary:0.5:,0,2,BLUE,3.1_IQR_CNC | 3.1_IQR_SSC,"3.1_IQR_CNC: cnc=1.8 es outlier IQR para tipo=Accesorio, equipo=Mancuerna (2.08–2.27). || 3.1_IQR_SSC: ssc=0.3 es outlier IQR para tipo=Accesorio, equipo=Mancuerna (0.50–0.50).",
548,deltoides_press_hombros_de_pie_kettlebell,Press de Hombros de Pie con Kettlebell,Accesorio,Kettlebell,Empuje Vertical,,2.5,1.8,0.3,1.6,Deltoides Anterior,Deltoides:primary:1.0:Deltoides Anterior | Tríceps:secondary:0.6: | Core:secondary:0.5:,0,4,BLUE,3.1_IQR_CNC | 3.1_IQR_EFC | 3.1_IQR_SSC | 3.1_IQR_TTC,"3.1_IQR_CNC: cnc=1.8 es outlier IQR para tipo=Accesorio, equipo=Kettlebell (2.20–2.20). || 3.1_IQR_EFC: efc=2.5 es outlier IQR para tipo=Accesorio, equipo=Kettlebell (2.80–2.80). || 3.1_IQR_SSC: ssc=0.3 es outlier IQR para tipo=Accesorio, equipo=Kettlebell (0.50–0.50). || 3.1_IQR_TTC: ttc=1.6 es outlier IQR para tipo=Accesorio, equipo=Kettlebell (2.00–2.00).",
549,deltoides_press_hombros_de_pie_polea,Press de Hombros de Pie en Polea,Accesorio,Polea,Empuje Vertical,,2.5,1.8,0.3,1.6,Deltoides Anterior,Deltoides:primary:1.0:Deltoides Anterior | Tríceps:secondary:0.6: | Core:secondary:0.5:,0,2,BLUE,3.1_IQR_CNC | 3.1_IQR_TTC,"3.1_IQR_CNC: cnc=1.8 es outlier IQR para tipo=Accesorio, equipo=Polea (2.00–2.00). || 3.1_IQR_TTC: ttc=1.6 es outlier IQR para tipo=Accesorio, equipo=Polea (1.80–1.80).",
550,deltoides_press_hombros_de_pie_polea_unilateral,Press de Hombros de Pie en Polea Unilateral,Accesorio,Polea,Empuje Vertical,,2.5,1.8,0.3,1.6,Deltoides Anterior,Deltoides:primary:1.0:Deltoides Anterior | Tríceps:secondary:0.6: | Core:secondary:0.5:,0,2,BLUE,3.1_IQR_CNC | 3.1_IQR_TTC,"3.1_IQR_CNC: cnc=1.8 es outlier IQR para tipo=Accesorio, equipo=Polea (2.00–2.00). || 3.1_IQR_TTC: ttc=1.6 es outlier IQR para tipo=Accesorio, equipo=Polea (1.80–1.80).",
551,deltoides_press_hombros_de_pie_banda,Press de Hombros de Pie en Banda Elástica,Accesorio,Banda Elástica,Empuje Vertical,,2.5,1.8,0.3,1.6,Deltoides Anterior,Deltoides:primary:1.0:Deltoides Anterior | Tríceps:secondary:0.6:,0,0,,,,
552,deltoides_press_hombros_sentado_barra_recta,Press de Hombros Sentado con Barra Recta,Accesorio,Barra,Empuje Vertical,,2.5,1.8,0.3,1.6,Deltoides Anterior,Deltoides:primary:1.0:Deltoides Anterior | Tríceps:secondary:0.6:,0,4,BLUE,3.1_IQR_CNC | 3.1_IQR_EFC | 3.1_IQR_SSC | 3.1_IQR_TTC,"3.1_IQR_CNC: cnc=1.8 es outlier IQR para tipo=Accesorio, equipo=Barra (2.20–2.20). || 3.1_IQR_EFC: efc=2.5 es outlier IQR para tipo=Accesorio, equipo=Barra (2.80–2.80). || 3.1_IQR_SSC: ssc=0.3 es outlier IQR para tipo=Accesorio, equipo=Barra (0.50–0.50). || 3.1_IQR_TTC: ttc=1.6 es outlier IQR para tipo=Accesorio, equipo=Barra (2.00–2.00).",
553,deltoides_press_hombros_sentado_barra_ez,Press de Hombros Sentado con Barra EZ,Accesorio,Barra EZ,Empuje Vertical,,2.5,1.8,0.3,1.6,Deltoides Anterior,Deltoides:primary:1.0:Deltoides Anterior | Tríceps:secondary:0.6:,0,0,,,,
554,deltoides_press_hombros_sentado_barra_neutra,Press de Hombros Sentado con Barra de Agarre Neutro,Accesorio,Barra de Agarre Neutro,Empuje Vertical,,2.5,1.8,0.3,1.6,Deltoides Anterior,Deltoides:primary:1.0:Deltoides Anterior | Tríceps:secondary:0.6:,0,0,,,,
555,deltoides_press_hombros_sentado_mancuernas,Press de Hombros Sentado con Mancuernas,Accesorio,Mancuerna,Empuje Vertical,,2.5,1.8,0.3,1.6,Deltoides Anterior,Deltoides:primary:1.0:Deltoides Anterior | Tríceps:secondary:0.6:,0,2,BLUE,3.1_IQR_CNC | 3.1_IQR_SSC,"3.1_IQR_CNC: cnc=1.8 es outlier IQR para tipo=Accesorio, equipo=Mancuerna (2.08–2.27). || 3.1_IQR_SSC: ssc=0.3 es outlier IQR para tipo=Accesorio, equipo=Mancuerna (0.50–0.50).",
556,deltoides_press_hombros_sentado_kettlebell,Press de Hombros Sentado con Kettlebell,Accesorio,Kettlebell,Empuje Vertical,,2.5,1.8,0.3,1.6,Deltoides Anterior,Deltoides:primary:1.0:Deltoides Anterior | Tríceps:secondary:0.6:,0,4,BLUE,3.1_IQR_CNC | 3.1_IQR_EFC | 3.1_IQR_SSC | 3.1_IQR_TTC,"3.1_IQR_CNC: cnc=1.8 es outlier IQR para tipo=Accesorio, equipo=Kettlebell (2.20–2.20). || 3.1_IQR_EFC: efc=2.5 es outlier IQR para tipo=Accesorio, equipo=Kettlebell (2.80–2.80). || 3.1_IQR_SSC: ssc=0.3 es outlier IQR para tipo=Accesorio, equipo=Kettlebell (0.50–0.50). || 3.1_IQR_TTC: ttc=1.6 es outlier IQR para tipo=Accesorio, equipo=Kettlebell (2.00–2.00).",
557,deltoides_press_hombros_sentado_polea,Press de Hombros Sentado en Polea,Accesorio,Polea,Empuje Vertical,,2.5,1.8,0.3,1.6,Deltoides Anterior,Deltoides:primary:1.0:Deltoides Anterior | Tríceps:secondary:0.6:,0,2,BLUE,3.1_IQR_CNC | 3.1_IQR_TTC,"3.1_IQR_CNC: cnc=1.8 es outlier IQR para tipo=Accesorio, equipo=Polea (2.00–2.00). || 3.1_IQR_TTC: ttc=1.6 es outlier IQR para tipo=Accesorio, equipo=Polea (1.80–1.80).",
558,deltoides_press_hombros_sentado_maquina,Press de Hombros Sentado en Máquina,Accesorio,Máquina,Empuje Vertical,,2.5,1.8,0.3,1.6,Deltoides Anterior,Deltoides:primary:1.0:Deltoides Anterior | Tríceps:secondary:0.6:,0,0,,,,
559,deltoides_press_hombros_sentado_maquina_smith,Press de Hombros Sentado en Máquina Smith,Accesorio,Máquina Smith,Empuje Vertical,,2.5,1.8,0.3,1.6,Deltoides Anterior,Deltoides:primary:1.0:Deltoides Anterior | Tríceps:secondary:0.6:,0,4,BLUE,3.1_IQR_CNC | 3.1_IQR_EFC | 3.1_IQR_SSC | 3.1_IQR_TTC,"3.1_IQR_CNC: cnc=1.8 es outlier IQR para tipo=Accesorio, equipo=Máquina Smith (2.20–2.20). || 3.1_IQR_EFC: efc=2.5 es outlier IQR para tipo=Accesorio, equipo=Máquina Smith (2.80–2.80). || 3.1_IQR_SSC: ssc=0.3 es outlier IQR para tipo=Accesorio, equipo=Máquina Smith (0.50–0.50). || 3.1_IQR_TTC: ttc=1.6 es outlier IQR para tipo=Accesorio, equipo=Máquina Smith (2.00–2.00).",
560,deltoides_press_arnold_mancuernas,Press Arnold con Mancuernas,Accesorio,Mancuerna,Empuje Vertical,,2.5,1.8,0.3,1.6,Deltoides Anterior / Lateral,Deltoides:primary:1.0:Deltoides Anterior / Lateral | Tríceps:secondary:0.6:,0,2,BLUE,3.1_IQR_CNC | 3.1_IQR_SSC,"3.1_IQR_CNC: cnc=1.8 es outlier IQR para tipo=Accesorio, equipo=Mancuerna (2.08–2.27). || 3.1_IQR_SSC: ssc=0.3 es outlier IQR para tipo=Accesorio, equipo=Mancuerna (0.50–0.50).",
561,deltoides_press_arnold_kettlebell,Press Arnold con Kettlebell,Accesorio,Kettlebell,Empuje Vertical,,2.5,1.8,0.3,1.6,Deltoides Anterior / Lateral,Deltoides:primary:1.0:Deltoides Anterior / Lateral | Tríceps:secondary:0.6:,0,4,BLUE,3.1_IQR_CNC | 3.1_IQR_EFC | 3.1_IQR_SSC | 3.1_IQR_TTC,"3.1_IQR_CNC: cnc=1.8 es outlier IQR para tipo=Accesorio, equipo=Kettlebell (2.20–2.20). || 3.1_IQR_EFC: efc=2.5 es outlier IQR para tipo=Accesorio, equipo=Kettlebell (2.80–2.80). || 3.1_IQR_SSC: ssc=0.3 es outlier IQR para tipo=Accesorio, equipo=Kettlebell (0.50–0.50). || 3.1_IQR_TTC: ttc=1.6 es outlier IQR para tipo=Accesorio, equipo=Kettlebell (2.00–2.00).",
562,deltoides_press_arnold_polea,Press Arnold en Polea,Accesorio,Polea,Empuje Vertical,,2.5,1.8,0.3,1.6,Deltoides Anterior / Lateral,Deltoides:primary:1.0:Deltoides Anterior / Lateral | Tríceps:secondary:0.6:,0,2,BLUE,3.1_IQR_CNC | 3.1_IQR_TTC,"3.1_IQR_CNC: cnc=1.8 es outlier IQR para tipo=Accesorio, equipo=Polea (2.00–2.00). || 3.1_IQR_TTC: ttc=1.6 es outlier IQR para tipo=Accesorio, equipo=Polea (1.80–1.80).",
563,deltoides_press_z_barra_recta,Press Z con Barra Recta,Accesorio,Barra,Empuje Vertical,,2.5,1.8,0.3,1.6,Deltoides Anterior,Deltoides:primary:1.0:Deltoides Anterior | Core:secondary:0.8: | Tríceps:secondary:0.6:,0,5,ORANGE,1.1_ACTIVATION_ROLE | 3.1_IQR_CNC | 3.1_IQR_EFC | 3.1_IQR_SSC | 3.1_IQR_TTC,"1.1_ACTIVATION_ROLE: Core/secondary usa activation=0.8. || 3.1_IQR_CNC: cnc=1.8 es outlier IQR para tipo=Accesorio, equipo=Barra (2.20–2.20). || 3.1_IQR_EFC: efc=2.5 es outlier IQR para tipo=Accesorio, equipo=Barra (2.80–2.80). || 3.1_IQR_SSC: ssc=0.3 es outlier IQR para tipo=Accesorio, equipo=Barra (0.50–0.50). || 3.1_IQR_TTC: ttc=1.6 es outlier IQR para tipo=Accesorio, equipo=Barra (2.00–2.00).",
564,deltoides_press_z_barra_ez,Press Z con Barra EZ,Accesorio,Barra EZ,Empuje Vertical,,2.5,1.8,0.3,1.6,Deltoides Anterior,Deltoides:primary:1.0:Deltoides Anterior | Core:secondary:0.8: | Tríceps:secondary:0.6:,0,1,ORANGE,1.1_ACTIVATION_ROLE,1.1_ACTIVATION_ROLE: Core/secondary usa activation=0.8.,
565,deltoides_press_z_mancuernas,Press Z con Mancuernas,Accesorio,Mancuerna,Empuje Vertical,,2.5,1.8,0.3,1.6,Deltoides Anterior,Deltoides:primary:1.0:Deltoides Anterior | Core:secondary:0.8: | Tríceps:secondary:0.6:,0,3,ORANGE,1.1_ACTIVATION_ROLE | 3.1_IQR_CNC | 3.1_IQR_SSC,"1.1_ACTIVATION_ROLE: Core/secondary usa activation=0.8. || 3.1_IQR_CNC: cnc=1.8 es outlier IQR para tipo=Accesorio, equipo=Mancuerna (2.08–2.27). || 3.1_IQR_SSC: ssc=0.3 es outlier IQR para tipo=Accesorio, equipo=Mancuerna (0.50–0.50).",YES
566,deltoides_press_z_kettlebell,Press Z con Kettlebell,Accesorio,Kettlebell,Empuje Vertical,,2.5,1.8,0.3,1.6,Deltoides Anterior,Deltoides:primary:1.0:Deltoides Anterior | Core:secondary:0.8: | Tríceps:secondary:0.6:,0,5,ORANGE,1.1_ACTIVATION_ROLE | 3.1_IQR_CNC | 3.1_IQR_EFC | 3.1_IQR_SSC | 3.1_IQR_TTC,"1.1_ACTIVATION_ROLE: Core/secondary usa activation=0.8. || 3.1_IQR_CNC: cnc=1.8 es outlier IQR para tipo=Accesorio, equipo=Kettlebell (2.20–2.20). || 3.1_IQR_EFC: efc=2.5 es outlier IQR para tipo=Accesorio, equipo=Kettlebell (2.80–2.80). || 3.1_IQR_SSC: ssc=0.3 es outlier IQR para tipo=Accesorio, equipo=Kettlebell (0.50–0.50). || 3.1_IQR_TTC: ttc=1.6 es outlier IQR para tipo=Accesorio, equipo=Kettlebell (2.00–2.00).",YES
567,deltoides_push_press_barra_recta,Push Press con Barra Recta,Accesorio,Barra,Empuje Vertical,,2.5,1.8,0.3,1.6,Deltoides Anterior,Deltoides:primary:1.0:Deltoides Anterior | Cuádriceps:secondary:0.6: | Tríceps:secondary:0.6:,0,4,BLUE,3.1_IQR_CNC | 3.1_IQR_EFC | 3.1_IQR_SSC | 3.1_IQR_TTC,"3.1_IQR_CNC: cnc=1.8 es outlier IQR para tipo=Accesorio, equipo=Barra (2.20–2.20). || 3.1_IQR_EFC: efc=2.5 es outlier IQR para tipo=Accesorio, equipo=Barra (2.80–2.80). || 3.1_IQR_SSC: ssc=0.3 es outlier IQR para tipo=Accesorio, equipo=Barra (0.50–0.50). || 3.1_IQR_TTC: ttc=1.6 es outlier IQR para tipo=Accesorio, equipo=Barra (2.00–2.00).",
568,deltoides_push_press_mancuernas,Push Press con Mancuernas,Accesorio,Mancuerna,Empuje Vertical,,2.5,1.8,0.3,1.6,Deltoides Anterior,Deltoides:primary:1.0:Deltoides Anterior | Cuádriceps:secondary:0.6: | Tríceps:secondary:0.6:,0,2,BLUE,3.1_IQR_CNC | 3.1_IQR_SSC,"3.1_IQR_CNC: cnc=1.8 es outlier IQR para tipo=Accesorio, equipo=Mancuerna (2.08–2.27). || 3.1_IQR_SSC: ssc=0.3 es outlier IQR para tipo=Accesorio, equipo=Mancuerna (0.50–0.50).",
569,deltoides_push_press_kettlebell,Push Press con Kettlebell,Accesorio,Kettlebell,Empuje Vertical,,2.5,1.8,0.3,1.6,Deltoides Anterior,Deltoides:primary:1.0:Deltoides Anterior | Cuádriceps:secondary:0.6: | Tríceps:secondary:0.6:,0,4,BLUE,3.1_IQR_CNC | 3.1_IQR_EFC | 3.1_IQR_SSC | 3.1_IQR_TTC,"3.1_IQR_CNC: cnc=1.8 es outlier IQR para tipo=Accesorio, equipo=Kettlebell (2.20–2.20). || 3.1_IQR_EFC: efc=2.5 es outlier IQR para tipo=Accesorio, equipo=Kettlebell (2.80–2.80). || 3.1_IQR_SSC: ssc=0.3 es outlier IQR para tipo=Accesorio, equipo=Kettlebell (0.50–0.50). || 3.1_IQR_TTC: ttc=1.6 es outlier IQR para tipo=Accesorio, equipo=Kettlebell (2.00–2.00).",
570,deltoides_press_landmine_unilateral,Press Landmine Unilateral,Accesorio,Barra,Empuje Diagonal,,2.5,1.8,0.3,1.6,Deltoides Anterior,Deltoides:primary:1.0:Deltoides Anterior | Tríceps:secondary:0.5:,0,4,BLUE,3.1_IQR_CNC | 3.1_IQR_EFC | 3.1_IQR_SSC | 3.1_IQR_TTC,"3.1_IQR_CNC: cnc=1.8 es outlier IQR para tipo=Accesorio, equipo=Barra (2.20–2.20). || 3.1_IQR_EFC: efc=2.5 es outlier IQR para tipo=Accesorio, equipo=Barra (2.80–2.80). || 3.1_IQR_SSC: ssc=0.3 es outlier IQR para tipo=Accesorio, equipo=Barra (0.50–0.50). || 3.1_IQR_TTC: ttc=1.6 es outlier IQR para tipo=Accesorio, equipo=Barra (2.00–2.00).",
571,deltoides_elevaciones_frontales_barra_recta,Elevaciones Frontales con Barra Recta,Aislamiento,Barra,Flexión Hombro,,2.5,1.8,0.3,1.6,Deltoides Anterior,Deltoides:primary:1.0:Deltoides Anterior | Trapecio:secondary:0.4:,0,0,,,,
572,deltoides_elevaciones_frontales_barra_ez,Elevaciones Frontales con Barra EZ,Aislamiento,Barra EZ,Flexión Hombro,,2.5,1.8,0.3,1.6,Deltoides Anterior,Deltoides:primary:1.0:Deltoides Anterior | Trapecio:secondary:0.4:,0,0,,,,
573,deltoides_elevaciones_frontales_mancuernas,Elevaciones Frontales con Mancuernas,Aislamiento,Mancuerna,Flexión Hombro,,2.5,1.8,0.3,1.6,Deltoides Anterior,Deltoides:primary:1.0:Deltoides Anterior | Trapecio:secondary:0.4:,0,0,,,,
574,deltoides_elevaciones_frontales_kettlebell,Elevaciones Frontales con Kettlebell,Aislamiento,Kettlebell,Flexión Hombro,,2.5,1.8,0.3,1.6,Deltoides Anterior,Deltoides:primary:1.0:Deltoides Anterior | Trapecio:secondary:0.4:,0,0,,,,
575,deltoides_elevaciones_frontales_disco,Elevaciones Frontales con Disco,Aislamiento,Disco,Flexión Hombro,,2.5,1.8,0.3,1.6,Deltoides Anterior,Deltoides:primary:1.0:Deltoides Anterior | Trapecio:secondary:0.4:,0,0,,,,
576,deltoides_elevaciones_frontales_polea,Elevaciones Frontales en Polea,Aislamiento,Polea,Flexión Hombro,,2.5,1.8,0.3,1.6,Deltoides Anterior,Deltoides:primary:1.0:Deltoides Anterior | Trapecio:secondary:0.4:,0,0,,,,
577,deltoides_elevaciones_frontales_polea_unilateral,Elevaciones Frontales en Polea Unilateral,Aislamiento,Polea,Flexión Hombro,,2.5,1.8,0.3,1.6,Deltoides Anterior,Deltoides:primary:1.0:Deltoides Anterior | Trapecio:secondary:0.4:,0,0,,,,YES
578,deltoides_elevaciones_frontales_banda,Elevaciones Frontales en Banda Elástica,Aislamiento,Banda Elástica,Flexión Hombro,,2.5,1.8,0.3,1.6,Deltoides Anterior,Deltoides:primary:1.0:Deltoides Anterior | Trapecio:secondary:0.4:,0,0,,,,
579,deltoides_elevaciones_laterales_de_pie_mancuernas,Elevaciones Laterales de Pie con Mancuernas,Aislamiento,Mancuerna,Abducción Hombro,,2.5,1.8,0.3,1.6,Deltoides Lateral,Deltoides:primary:1.0:Deltoides Lateral | Trapecio:secondary:0.5:,0,1,BLUE,1.5_FREE_EMPHASIS,"1.5_FREE_EMPHASIS: Emphasis libre ""Deltoides Lateral"" en Deltoides.",
580,deltoides_elevaciones_laterales_de_pie_kettlebell,Elevaciones Laterales de Pie con Kettlebell,Aislamiento,Kettlebell,Abducción Hombro,,2.5,1.8,0.3,1.6,Deltoides Lateral,Deltoides:primary:1.0:Deltoides Lateral | Trapecio:secondary:0.5:,0,1,BLUE,1.5_FREE_EMPHASIS,"1.5_FREE_EMPHASIS: Emphasis libre ""Deltoides Lateral"" en Deltoides.",
581,deltoides_elevaciones_laterales_de_pie_polea,Elevaciones Laterales de Pie en Polea,Aislamiento,Polea,Abducción Hombro,,2.5,1.8,0.3,1.6,Deltoides Lateral,Deltoides:primary:1.0:Deltoides Lateral | Trapecio:secondary:0.5:,0,1,BLUE,1.5_FREE_EMPHASIS,"1.5_FREE_EMPHASIS: Emphasis libre ""Deltoides Lateral"" en Deltoides.",
582,deltoides_elevaciones_laterales_de_pie_polea_unilateral,Elevaciones Laterales de Pie en Polea Unilateral,Aislamiento,Polea,Abducción Hombro,,2.5,1.8,0.3,1.6,Deltoides Lateral,Deltoides:primary:1.0:Deltoides Lateral | Trapecio:secondary:0.5:,0,1,BLUE,1.5_FREE_EMPHASIS,"1.5_FREE_EMPHASIS: Emphasis libre ""Deltoides Lateral"" en Deltoides.",
583,deltoides_elevaciones_laterales_de_pie_banda,Elevaciones Laterales en Banda Elástica,Aislamiento,Banda Elástica,Abducción Hombro,,2.5,1.8,0.3,1.6,Deltoides Lateral,Deltoides:primary:1.0:Deltoides Lateral | Trapecio:secondary:0.5:,0,1,BLUE,1.5_FREE_EMPHASIS,"1.5_FREE_EMPHASIS: Emphasis libre ""Deltoides Lateral"" en Deltoides.",
584,deltoides_elevaciones_laterales_de_pie_maquina,Elevaciones Laterales de Pie en Máquina,Aislamiento,Máquina,Abducción Hombro,,2.5,1.8,0.3,1.6,Deltoides Lateral,Deltoides:primary:1.0:Deltoides Lateral | Trapecio:secondary:0.5:,0,1,BLUE,1.5_FREE_EMPHASIS,"1.5_FREE_EMPHASIS: Emphasis libre ""Deltoides Lateral"" en Deltoides.",
585,deltoides_elevaciones_laterales_sentado_maquina,Elevaciones Laterales Sentado en Máquina,Aislamiento,Máquina,Abducción Hombro,,2.5,1.8,0.3,1.6,Deltoides Lateral,Deltoides:primary:1.0:Deltoides Lateral | Trapecio:secondary:0.5:,0,1,BLUE,1.5_FREE_EMPHASIS,"1.5_FREE_EMPHASIS: Emphasis libre ""Deltoides Lateral"" en Deltoides.",
586,deltoides_elevaciones_laterales_barra_recta,Elevaciones Laterales con Barra Recta,Aislamiento,Barra,Abducción Hombro,,2.5,1.8,0.3,1.6,Deltoides Lateral,Deltoides:primary:1.0:Deltoides Lateral | Trapecio:secondary:0.5:,0,1,BLUE,1.5_FREE_EMPHASIS,"1.5_FREE_EMPHASIS: Emphasis libre ""Deltoides Lateral"" en Deltoides.",
587,deltoides_elevaciones_laterales_barra_ez,Elevaciones Laterales con Barra EZ,Aislamiento,Barra EZ,Abducción Hombro,,2.5,1.8,0.3,1.6,Deltoides Lateral,Deltoides:primary:1.0:Deltoides Lateral | Trapecio:secondary:0.5:,0,1,BLUE,1.5_FREE_EMPHASIS,"1.5_FREE_EMPHASIS: Emphasis libre ""Deltoides Lateral"" en Deltoides.",
588,deltoides_elevaciones_laterales_sentado_mancuernas,Elevaciones Laterales Sentado con Mancuernas,Aislamiento,Mancuerna,Abducción Hombro,,2.5,1.8,0.3,1.6,Deltoides Lateral,Deltoides:primary:1.0:Deltoides Lateral | Trapecio:secondary:0.4:,0,1,BLUE,1.5_FREE_EMPHASIS,"1.5_FREE_EMPHASIS: Emphasis libre ""Deltoides Lateral"" en Deltoides.",
589,deltoides_elevaciones_laterales_sentado_kettlebell,Elevaciones Laterales Sentado con Kettlebell,Aislamiento,Kettlebell,Abducción Hombro,,2.5,1.8,0.3,1.6,Deltoides Lateral,Deltoides:primary:1.0:Deltoides Lateral | Trapecio:secondary:0.4:,0,1,BLUE,1.5_FREE_EMPHASIS,"1.5_FREE_EMPHASIS: Emphasis libre ""Deltoides Lateral"" en Deltoides.",
590,deltoides_elevaciones_laterales_sentado_polea,Elevaciones Laterales Sentado en Polea,Aislamiento,Polea,Abducción Hombro,,2.5,1.8,0.3,1.6,Deltoides Lateral,Deltoides:primary:1.0:Deltoides Lateral | Trapecio:secondary:0.4:,0,1,BLUE,1.5_FREE_EMPHASIS,"1.5_FREE_EMPHASIS: Emphasis libre ""Deltoides Lateral"" en Deltoides.",
591,deltoides_elevaciones_laterales_sentado_polea_unilateral,Elevaciones Laterales Sentado en Polea Unilateral,Aislamiento,Polea,Abducción Hombro,,2.5,1.8,0.3,1.6,Deltoides Lateral,Deltoides:primary:1.0:Deltoides Lateral | Trapecio:secondary:0.4:,0,1,BLUE,1.5_FREE_EMPHASIS,"1.5_FREE_EMPHASIS: Emphasis libre ""Deltoides Lateral"" en Deltoides.",
592,deltoides_y_raises_sentado_banco_inclinado_mancuernas,Elevaciones Y-Raises Sentado en Banco Inclinado con Mancuernas,Aislamiento,Mancuerna,Abducción Diagonal,,2.5,1.8,0.3,1.6,Deltoides Lateral / Trapecio,Deltoides:primary:1.0:Deltoides Lateral / Trapecio | Trapecio Inferior:secondary:0.7:,0,2,ORANGE,1.4_NONCANONICAL_MUSCLE | 1.5_FREE_EMPHASIS,"1.4_NONCANONICAL_MUSCLE: ""Trapecio Inferior"" no pertenece a los 17 padres de ExerciseAnatomy.kt. || 1.5_FREE_EMPHASIS: Emphasis libre ""Deltoides Lateral / Trapecio"" en Deltoides.",
593,deltoides_y_raises_sentado_banco_inclinado_polea,Elevaciones Y-Raises Sentado en Banco Inclinado en Polea,Aislamiento,Polea,Abducción Diagonal,,2.5,1.8,0.3,1.6,Deltoides Lateral / Trapecio,Deltoides:primary:1.0:Deltoides Lateral / Trapecio | Trapecio Inferior:secondary:0.7:,0,2,ORANGE,1.4_NONCANONICAL_MUSCLE | 1.5_FREE_EMPHASIS,"1.4_NONCANONICAL_MUSCLE: ""Trapecio Inferior"" no pertenece a los 17 padres de ExerciseAnatomy.kt. || 1.5_FREE_EMPHASIS: Emphasis libre ""Deltoides Lateral / Trapecio"" en Deltoides.",
594,deltoides_y_raises_sentado_banco_inclinado_polea_unilateral,Elevaciones Y-Raises Sentado en Banco Inclinado en Polea Unilateral,Aislamiento,Polea,Abducción Diagonal,,2.5,1.8,0.3,1.6,Deltoides Lateral / Trapecio,Deltoides:primary:1.0:Deltoides Lateral / Trapecio | Trapecio Inferior:secondary:0.7:,0,2,ORANGE,1.4_NONCANONICAL_MUSCLE | 1.5_FREE_EMPHASIS,"1.4_NONCANONICAL_MUSCLE: ""Trapecio Inferior"" no pertenece a los 17 padres de ExerciseAnatomy.kt. || 1.5_FREE_EMPHASIS: Emphasis libre ""Deltoides Lateral / Trapecio"" en Deltoides.",
595,deltoides_elevaciones_laterales_acostado_banco_plano_mancuernas,Elevaciones Laterales Acostado en Banco Plano con Mancuernas,Aislamiento,Mancuerna,Abducción Hombro,,2.5,1.8,0.3,1.6,Deltoides Lateral,Deltoides:primary:1.0:Deltoides Lateral | Trapecio:secondary:0.4:,0,1,BLUE,1.5_FREE_EMPHASIS,"1.5_FREE_EMPHASIS: Emphasis libre ""Deltoides Lateral"" en Deltoides.",
596,deltoides_elevaciones_laterales_acostado_banco_plano_polea_cruzada,Elevaciones Laterales Acostado en Banco Plano en Polea Cruzada,Aislamiento,Polea,Abducción Hombro,,2.5,1.8,0.3,1.6,Deltoides Lateral,Deltoides:primary:1.0:Deltoides Lateral | Trapecio:secondary:0.4:,0,1,BLUE,1.5_FREE_EMPHASIS,"1.5_FREE_EMPHASIS: Emphasis libre ""Deltoides Lateral"" en Deltoides.",
597,deltoides_elevaciones_laterales_acostado_banco_plano_polea_unilateral,Elevaciones Laterales Acostado en Banco Plano en Polea Unilateral,Aislamiento,Polea,Abducción Hombro,,2.5,1.8,0.3,1.6,Deltoides Lateral,Deltoides:primary:1.0:Deltoides Lateral | Trapecio:secondary:0.4:,0,1,BLUE,1.5_FREE_EMPHASIS,"1.5_FREE_EMPHASIS: Emphasis libre ""Deltoides Lateral"" en Deltoides.",
598,deltoides_elevaciones_laterales_inclinadas_mancuerna,Elevaciones Laterales Inclinadas con Mancuerna,Aislamiento,Mancuerna,Abducción Hombro,,2.5,1.8,0.3,1.6,Deltoides Lateral,Deltoides:primary:1.0:Deltoides Lateral | Trapecio:secondary:0.4:,0,1,BLUE,1.5_FREE_EMPHASIS,"1.5_FREE_EMPHASIS: Emphasis libre ""Deltoides Lateral"" en Deltoides.",
599,deltoides_elevaciones_laterales_recostado_mancuerna,Elevaciones Laterales Recostado de Lado en Banco con Mancuerna,Aislamiento,Mancuerna,Abducción Hombro,,2.5,1.8,0.3,1.6,Deltoides Lateral,Deltoides:primary:1.0:Deltoides Lateral | Trapecio:secondary:0.4:,0,1,BLUE,1.5_FREE_EMPHASIS,"1.5_FREE_EMPHASIS: Emphasis libre ""Deltoides Lateral"" en Deltoides.",
600,deltoides_elevaciones_laterales_super_rom_mancuernas,Elevaciones Laterales Super ROM con Mancuernas,Aislamiento,Mancuerna,Abducción Completa,,2.5,1.8,0.3,1.6,Deltoides Lateral / Trapecio,Deltoides:primary:1.0:Deltoides Lateral / Trapecio | Trapecio:secondary:0.7:,0,1,BLUE,1.5_FREE_EMPHASIS,"1.5_FREE_EMPHASIS: Emphasis libre ""Deltoides Lateral / Trapecio"" en Deltoides.",
601,deltoides_elevaciones_laterales_super_rom_polea,Elevaciones Laterales Super ROM en Polea,Aislamiento,Polea,Abducción Completa,,2.5,1.8,0.3,1.6,Deltoides Lateral / Trapecio,Deltoides:primary:1.0:Deltoides Lateral / Trapecio | Trapecio:secondary:0.7:,0,1,BLUE,1.5_FREE_EMPHASIS,"1.5_FREE_EMPHASIS: Emphasis libre ""Deltoides Lateral / Trapecio"" en Deltoides.",
602,deltoides_elevaciones_laterales_super_rom_polea_unilateral,Elevaciones Laterales Super ROM en Polea Unilateral,Aislamiento,Polea,Abducción Completa,,2.5,1.8,0.3,1.6,Deltoides Lateral / Trapecio,Deltoides:primary:1.0:Deltoides Lateral / Trapecio | Trapecio:secondary:0.7:,0,1,BLUE,1.5_FREE_EMPHASIS,"1.5_FREE_EMPHASIS: Emphasis libre ""Deltoides Lateral / Trapecio"" en Deltoides.",YES
603,deltoides_lu_raises_mancuernas,Elevaciones Lu (Lu Raises) con Mancuernas,Aislamiento,Mancuerna,Abducción Completa,,2.5,1.8,0.3,1.6,Deltoides Lateral / Trapecio,Deltoides:primary:1.0:Deltoides Lateral / Trapecio | Trapecio:secondary:0.7:,0,1,BLUE,1.5_FREE_EMPHASIS,"1.5_FREE_EMPHASIS: Emphasis libre ""Deltoides Lateral / Trapecio"" en Deltoides.",
604,deltoides_lu_raises_disco,Elevaciones Lu (Lu Raises) con Discos,Aislamiento,Disco,Abducción Completa,,2.5,1.8,0.3,1.6,Deltoides Lateral / Trapecio,Deltoides:primary:1.0:Deltoides Lateral / Trapecio | Trapecio:secondary:0.7:,0,1,BLUE,1.5_FREE_EMPHASIS,"1.5_FREE_EMPHASIS: Emphasis libre ""Deltoides Lateral / Trapecio"" en Deltoides.",
605,deltoides_remo_menton_barra_recta,Remo al Mentón con Barra Recta,Accesorio,Barra,Tirón Vertical / Abducción,,2.5,1.8,0.3,1.6,Deltoides Lateral,Deltoides:primary:1.0:Deltoides Lateral | Trapecio:secondary:0.7: | Bíceps:secondary:0.4:,0,5,BLUE,1.5_FREE_EMPHASIS | 3.1_IQR_CNC | 3.1_IQR_EFC | 3.1_IQR_SSC | 3.1_IQR_TTC,"1.5_FREE_EMPHASIS: Emphasis libre ""Deltoides Lateral"" en Deltoides. || 3.1_IQR_CNC: cnc=1.8 es outlier IQR para tipo=Accesorio, equipo=Barra (2.20–2.20). || 3.1_IQR_EFC: efc=2.5 es outlier IQR para tipo=Accesorio, equipo=Barra (2.80–2.80). || 3.1_IQR_SSC: ssc=0.3 es outlier IQR para tipo=Accesorio, equipo=Barra (0.50–0.50). || 3.1_IQR_TTC: ttc=1.6 es outlier IQR para tipo=Accesorio, equipo=Barra (2.00–2.00).",
606,deltoides_remo_menton_barra_ez,Remo al Mentón con Barra EZ,Accesorio,Barra EZ,Tirón Vertical / Abducción,,2.5,1.8,0.3,1.6,Deltoides Lateral,Deltoides:primary:1.0:Deltoides Lateral | Trapecio:secondary:0.7: | Bíceps:secondary:0.4:,0,1,BLUE,1.5_FREE_EMPHASIS,"1.5_FREE_EMPHASIS: Emphasis libre ""Deltoides Lateral"" en Deltoides.",
607,deltoides_remo_menton_mancuernas,Remo al Mentón con Mancuernas,Accesorio,Mancuerna,Tirón Vertical / Abducción,,2.5,1.8,0.3,1.6,Deltoides Lateral,Deltoides:primary:1.0:Deltoides Lateral | Trapecio:secondary:0.7: | Bíceps:secondary:0.4:,0,3,BLUE,1.5_FREE_EMPHASIS | 3.1_IQR_CNC | 3.1_IQR_SSC,"1.5_FREE_EMPHASIS: Emphasis libre ""Deltoides Lateral"" en Deltoides. || 3.1_IQR_CNC: cnc=1.8 es outlier IQR para tipo=Accesorio, equipo=Mancuerna (2.08–2.27). || 3.1_IQR_SSC: ssc=0.3 es outlier IQR para tipo=Accesorio, equipo=Mancuerna (0.50–0.50).",
608,deltoides_remo_menton_kettlebell,Remo al Mentón con Kettlebell,Accesorio,Kettlebell,Tirón Vertical / Abducción,,2.5,1.8,0.3,1.6,Deltoides Lateral,Deltoides:primary:1.0:Deltoides Lateral | Trapecio:secondary:0.7: | Bíceps:secondary:0.4:,0,5,BLUE,1.5_FREE_EMPHASIS | 3.1_IQR_CNC | 3.1_IQR_EFC | 3.1_IQR_SSC | 3.1_IQR_TTC,"1.5_FREE_EMPHASIS: Emphasis libre ""Deltoides Lateral"" en Deltoides. || 3.1_IQR_CNC: cnc=1.8 es outlier IQR para tipo=Accesorio, equipo=Kettlebell (2.20–2.20). || 3.1_IQR_EFC: efc=2.5 es outlier IQR para tipo=Accesorio, equipo=Kettlebell (2.80–2.80). || 3.1_IQR_SSC: ssc=0.3 es outlier IQR para tipo=Accesorio, equipo=Kettlebell (0.50–0.50). || 3.1_IQR_TTC: ttc=1.6 es outlier IQR para tipo=Accesorio, equipo=Kettlebell (2.00–2.00).",
609,deltoides_remo_menton_polea,Remo al Mentón en Polea,Accesorio,Polea,Tirón Vertical / Abducción,,2.5,1.8,0.3,1.6,Deltoides Lateral,Deltoides:primary:1.0:Deltoides Lateral | Trapecio:secondary:0.7: | Bíceps:secondary:0.4:,0,3,BLUE,1.5_FREE_EMPHASIS | 3.1_IQR_CNC | 3.1_IQR_TTC,"1.5_FREE_EMPHASIS: Emphasis libre ""Deltoides Lateral"" en Deltoides. || 3.1_IQR_CNC: cnc=1.8 es outlier IQR para tipo=Accesorio, equipo=Polea (2.00–2.00). || 3.1_IQR_TTC: ttc=1.6 es outlier IQR para tipo=Accesorio, equipo=Polea (1.80–1.80).",
610,deltoides_remo_menton_maquina_smith,Remo al Mentón en Máquina Smith,Accesorio,Máquina Smith,Tirón Vertical / Abducción,,2.5,1.8,0.3,1.6,Deltoides Lateral,Deltoides:primary:1.0:Deltoides Lateral | Trapecio:secondary:0.7: | Bíceps:secondary:0.4:,0,5,BLUE,1.5_FREE_EMPHASIS | 3.1_IQR_CNC | 3.1_IQR_EFC | 3.1_IQR_SSC | 3.1_IQR_TTC,"1.5_FREE_EMPHASIS: Emphasis libre ""Deltoides Lateral"" en Deltoides. || 3.1_IQR_CNC: cnc=1.8 es outlier IQR para tipo=Accesorio, equipo=Máquina Smith (2.20–2.20). || 3.1_IQR_EFC: efc=2.5 es outlier IQR para tipo=Accesorio, equipo=Máquina Smith (2.80–2.80). || 3.1_IQR_SSC: ssc=0.3 es outlier IQR para tipo=Accesorio, equipo=Máquina Smith (0.50–0.50). || 3.1_IQR_TTC: ttc=1.6 es outlier IQR para tipo=Accesorio, equipo=Máquina Smith (2.00–2.00).",
611,deltoides_elevaciones_posteriores_de_pie_mancuernas,Elevaciones Posteriores de Pie Inclinado con Mancuernas,Aislamiento,Mancuerna,Abducción Horizontal,,2.5,1.8,0.3,1.6,Deltoides Posterior,Deltoides:primary:1.0:Deltoides Posterior | Trapecio:secondary:0.6: | Romboides:secondary:0.5:,0,0,,,,
612,deltoides_elevaciones_posteriores_de_pie_kettlebell,Elevaciones Posteriores de Pie Inclinado con Kettlebells,Aislamiento,Kettlebell,Abducción Horizontal,,2.5,1.8,0.3,1.6,Deltoides Posterior,Deltoides:primary:1.0:Deltoides Posterior | Trapecio:secondary:0.6: | Romboides:secondary:0.5:,0,0,,,,
613,deltoides_elevaciones_posteriores_de_pie_polea_cruzada,Elevaciones Posteriores de Pie en Polea Cruzada,Aislamiento,Polea,Abducción Horizontal,,2.5,1.8,0.3,1.6,Deltoides Posterior,Deltoides:primary:1.0:Deltoides Posterior | Trapecio:secondary:0.6: | Romboides:secondary:0.5:,0,0,,,,
614,deltoides_elevaciones_posteriores_de_pie_polea_unilateral,Elevaciones Posteriores de Pie Inclinado en Polea Unilateral,Aislamiento,Polea,Abducción Horizontal,,2.5,1.8,0.3,1.6,Deltoides Posterior,Deltoides:primary:1.0:Deltoides Posterior | Trapecio:secondary:0.6: | Romboides:secondary:0.5:,0,0,,,,
615,deltoides_elevaciones_posteriores_de_pie_banda,Elevaciones Posteriores de Pie en Banda Elástica,Aislamiento,Banda Elástica,Abducción Horizontal,,2.5,1.8,0.3,1.6,Deltoides Posterior,Deltoides:primary:1.0:Deltoides Posterior | Trapecio:secondary:0.6: | Romboides:secondary:0.5:,0,0,,,,
616,deltoides_elevaciones_posteriores_sentado_banco_plano_mancuernas,Elevaciones Posteriores Sentado en Banco Plano con Mancuernas,Aislamiento,Mancuerna,Abducción Horizontal,,2.5,1.8,0.3,1.6,Deltoides Posterior,Deltoides:primary:1.0:Deltoides Posterior | Trapecio:secondary:0.6: | Romboides:secondary:0.5:,0,0,,,,
617,deltoides_elevaciones_posteriores_sentado_banco_plano_kettlebell,Elevaciones Posteriores Sentado en Banco Plano con Kettlebells,Aislamiento,Kettlebell,Abducción Horizontal,,2.5,1.8,0.3,1.6,Deltoides Posterior,Deltoides:primary:1.0:Deltoides Posterior | Trapecio:secondary:0.6: | Romboides:secondary:0.5:,0,0,,,,
618,deltoides_elevaciones_posteriores_sentado_banco_plano_polea,Elevaciones Posteriores Sentado en Banco Plano en Polea,Aislamiento,Polea,Abducción Horizontal,,2.5,1.8,0.3,1.6,Deltoides Posterior,Deltoides:primary:1.0:Deltoides Posterior | Trapecio:secondary:0.6: | Romboides:secondary:0.5:,0,0,,,,
619,deltoides_elevaciones_posteriores_pecho_apoyado_mancuernas,Elevaciones Posteriores Sentado con Pecho Apoyado con Mancuernas,Aislamiento,Mancuerna,Abducción Horizontal,,2.5,1.8,0.3,1.6,Deltoides Posterior,Deltoides:primary:1.0:Deltoides Posterior | Trapecio:secondary:0.6: | Romboides:secondary:0.5:,0,0,,,,
620,deltoides_elevaciones_posteriores_pecho_apoyado_kettlebell,Elevaciones Posteriores Sentado con Pecho Apoyado con Kettlebells,Aislamiento,Kettlebell,Abducción Horizontal,,2.5,1.8,0.3,1.6,Deltoides Posterior,Deltoides:primary:1.0:Deltoides Posterior | Trapecio:secondary:0.6: | Romboides:secondary:0.5:,0,0,,,,
621,deltoides_elevaciones_posteriores_pecho_apoyado_polea,Elevaciones Posteriores Sentado con Pecho Apoyado en Polea,Aislamiento,Polea,Abducción Horizontal,,2.5,1.8,0.3,1.6,Deltoides Posterior,Deltoides:primary:1.0:Deltoides Posterior | Trapecio:secondary:0.6: | Romboides:secondary:0.5:,0,0,,,,
622,deltoides_elevaciones_posteriores_pecho_apoyado_polea_unilateral,Elevaciones Posteriores Sentado con Pecho Apoyado en Polea Unilateral,Aislamiento,Polea,Abducción Horizontal,,2.5,1.8,0.3,1.6,Deltoides Posterior,Deltoides:primary:1.0:Deltoides Posterior | Trapecio:secondary:0.6: | Romboides:secondary:0.5:,0,0,,,,
623,deltoides_elevaciones_posteriores_acostado_banco_plano_mancuernas,Elevaciones Posteriores Acostado en Banco Plano con Mancuernas,Aislamiento,Mancuerna,Abducción Horizontal,,2.5,1.8,0.3,1.6,Deltoides Posterior,Deltoides:primary:1.0:Deltoides Posterior | Trapecio:secondary:0.6: | Romboides:secondary:0.5:,0,0,,,,
624,deltoides_elevaciones_posteriores_acostado_banco_plano_polea_cruzada,Elevaciones Posteriores Acostado en Banco Plano en Polea Cruzada,Aislamiento,Polea,Abducción Horizontal,,2.5,1.8,0.3,1.6,Deltoides Posterior,Deltoides:primary:1.0:Deltoides Posterior | Trapecio:secondary:0.6: | Romboides:secondary:0.5:,0,0,,,,
625,deltoides_elevaciones_posteriores_acostado_banco_plano_polea_unilateral,Elevaciones Posteriores Acostado en Banco Plano en Polea Unilateral,Aislamiento,Polea,Abducción Horizontal,,2.5,1.8,0.3,1.6,Deltoides Posterior,Deltoides:primary:1.0:Deltoides Posterior | Trapecio:secondary:0.6: | Romboides:secondary:0.5:,0,0,,,,
626,deltoides_elevaciones_posteriores_arana_mancuernas,Elevaciones Posteriores Araña con Mancuernas,Aislamiento,Mancuerna,Abducción Horizontal,,2.5,1.8,0.3,1.6,Deltoides Posterior,Deltoides:primary:1.0:Deltoides Posterior | Trapecio:secondary:0.6: | Romboides:secondary:0.5:,0,0,,,,
627,deltoides_elevaciones_posteriores_arana_kettlebell,Elevaciones Posteriores Araña con Kettlebells,Aislamiento,Kettlebell,Abducción Horizontal,,2.5,1.8,0.3,1.6,Deltoides Posterior,Deltoides:primary:1.0:Deltoides Posterior | Trapecio:secondary:0.6: | Romboides:secondary:0.5:,0,0,,,,
628,deltoides_elevaciones_posteriores_arana_polea,Elevaciones Posteriores Araña en Polea,Aislamiento,Polea,Abducción Horizontal,,2.5,1.8,0.3,1.6,Deltoides Posterior,Deltoides:primary:1.0:Deltoides Posterior | Trapecio:secondary:0.6: | Romboides:secondary:0.5:,0,0,,,,
629,deltoides_aperturas_inversas_maquina_pec_deck,Aperturas Inversas en Máquina Pec Deck (Reverse Pec Fly),Aislamiento,Máquina,Abducción Horizontal,,2.5,1.8,0.3,1.6,Deltoides Posterior,Deltoides:primary:1.0:Deltoides Posterior | Trapecio:secondary:0.6: | Romboides:secondary:0.5:,0,0,,,,YES
630,deltoides_face_pull_polea,Face Pull en Polea,Accesorio,Polea,Tirón Horizontal,,2.5,1.8,0.3,1.6,Deltoides Posterior / Trapecio,Deltoides:primary:1.0:Deltoides Posterior | Trapecio:secondary:0.8:Espalda alta | Dorsales:secondary:0.5:Espalda alta | Manguito Rotador:secondary:0.5:,0,6,ORANGE,1.1_ACTIVATION_ROLE | 1.4_NONCANONICAL_MUSCLE | 1.5_FREE_EMPHASIS | 1.5_FREE_EMPHASIS | 3.1_IQR_CNC | 3.1_IQR_TTC,"1.1_ACTIVATION_ROLE: Trapecio/secondary usa activation=0.8. || 1.4_NONCANONICAL_MUSCLE: ""Manguito Rotador"" no pertenece a los 17 padres de ExerciseAnatomy.kt. || 1.5_FREE_EMPHASIS: Emphasis libre ""Espalda alta"" en Trapecio. || 1.5_FREE_EMPHASIS: Emphasis ""Espalda alta"" en un padre sin cabezas declaradas (Dorsales). || 3.1_IQR_CNC: cnc=1.8 es outlier IQR para tipo=Accesorio, equipo=Polea (2.00–2.00). || 3.1_IQR_TTC: ttc=1.6 es outlier IQR para tipo=Accesorio, equipo=Polea (1.80–1.80).",YES
631,deltoides_face_pull_polea_unilateral,Face Pull en Polea Unilateral,Accesorio,Polea,Tirón Horizontal,,2.5,1.8,0.3,1.6,Deltoides Posterior / Trapecio,Deltoides:primary:1.0:Deltoides Posterior / Trapecio | Trapecio:secondary:0.7: | Manguito Rotador:secondary:0.5:,0,3,ORANGE,1.4_NONCANONICAL_MUSCLE | 3.1_IQR_CNC | 3.1_IQR_TTC,"1.4_NONCANONICAL_MUSCLE: ""Manguito Rotador"" no pertenece a los 17 padres de ExerciseAnatomy.kt. || 3.1_IQR_CNC: cnc=1.8 es outlier IQR para tipo=Accesorio, equipo=Polea (2.00–2.00). || 3.1_IQR_TTC: ttc=1.6 es outlier IQR para tipo=Accesorio, equipo=Polea (1.80–1.80).",YES
632,deltoides_face_pull_banda,Face Pull en Banda Elástica,Accesorio,Banda Elástica,Tirón Horizontal,,2.5,1.8,0.3,1.6,Deltoides Posterior / Trapecio,Deltoides:primary:1.0:Deltoides Posterior | Trapecio:secondary:0.8:Espalda alta | Dorsales:secondary:0.5:Espalda alta | Manguito Rotador:secondary:0.5:,0,4,ORANGE,1.1_ACTIVATION_ROLE | 1.4_NONCANONICAL_MUSCLE | 1.5_FREE_EMPHASIS | 1.5_FREE_EMPHASIS,"1.1_ACTIVATION_ROLE: Trapecio/secondary usa activation=0.8. || 1.4_NONCANONICAL_MUSCLE: ""Manguito Rotador"" no pertenece a los 17 padres de ExerciseAnatomy.kt. || 1.5_FREE_EMPHASIS: Emphasis libre ""Espalda alta"" en Trapecio. || 1.5_FREE_EMPHASIS: Emphasis ""Espalda alta"" en un padre sin cabezas declaradas (Dorsales).",
633,quads_sentadilla_trasera_barra_alta,Sentadilla Trasera Barra Alta con Barra Recta,Accesorio,Barra,Dominante de Rodilla,,2.8,2.2,0.5,2.0,Cuádriceps Dominante,Cuádriceps:primary:1.0:Cuádriceps Dominante | Glúteo Mayor:secondary:0.6: | Erectores Espinales:secondary:0.5:,0,2,ORANGE,1.4_NONCANONICAL_MUSCLE | 1.5_FREE_EMPHASIS,"1.4_NONCANONICAL_MUSCLE: ""Glúteo Mayor"" no pertenece a los 17 padres de ExerciseAnatomy.kt. || 1.5_FREE_EMPHASIS: Emphasis libre ""Cuádriceps Dominante"" en Cuádriceps.",
634,quads_sentadilla_trasera_barra_baja,Sentadilla Trasera Barra Baja con Barra Recta,Accesorio,Barra,Dominante de Rodilla / Dominante Cadera,,2.8,2.2,0.5,2.0,Cuádriceps / Cadera,Cuádriceps:primary:1.0:Cuádriceps / Cadera | Glúteo Mayor:secondary:0.8: | Erectores Espinales:secondary:0.6:,0,3,ORANGE,1.1_ACTIVATION_ROLE | 1.4_NONCANONICAL_MUSCLE | 1.5_FREE_EMPHASIS,"1.1_ACTIVATION_ROLE: Glúteo Mayor/secondary usa activation=0.8. || 1.4_NONCANONICAL_MUSCLE: ""Glúteo Mayor"" no pertenece a los 17 padres de ExerciseAnatomy.kt. || 1.5_FREE_EMPHASIS: Emphasis libre ""Cuádriceps / Cadera"" en Cuádriceps.",
635,quads_sentadilla_trasera_barra_ssb,Sentadilla Trasera con Barra Safety (SSB),Accesorio,Barra Safety,Dominante de Rodilla,,2.8,2.2,0.5,2.0,Cuádriceps Dominante,Cuádriceps:primary:1.0:Cuádriceps Dominante | Glúteo Mayor:secondary:0.6: | Erectores Espinales:secondary:0.5:,0,2,ORANGE,1.4_NONCANONICAL_MUSCLE | 1.5_FREE_EMPHASIS,"1.4_NONCANONICAL_MUSCLE: ""Glúteo Mayor"" no pertenece a los 17 padres de ExerciseAnatomy.kt. || 1.5_FREE_EMPHASIS: Emphasis libre ""Cuádriceps Dominante"" en Cuádriceps.",
636,quads_sentadilla_trasera_mancuernas,Sentadilla Trasera con Mancuernas,Accesorio,Mancuerna,Dominante de Rodilla,,2.8,2.2,0.5,2.0,Cuádriceps Dominante,Cuádriceps:primary:1.0:Cuádriceps Dominante | Glúteo Mayor:secondary:0.6:,0,2,ORANGE,1.4_NONCANONICAL_MUSCLE | 1.5_FREE_EMPHASIS,"1.4_NONCANONICAL_MUSCLE: ""Glúteo Mayor"" no pertenece a los 17 padres de ExerciseAnatomy.kt. || 1.5_FREE_EMPHASIS: Emphasis libre ""Cuádriceps Dominante"" en Cuádriceps.",
637,quads_sentadilla_trasera_kettlebell,Sentadilla Trasera con Kettlebells,Accesorio,Kettlebell,Dominante de Rodilla,,2.8,2.2,0.5,2.0,Cuádriceps Dominante,Cuádriceps:primary:1.0:Cuádriceps Dominante | Glúteo Mayor:secondary:0.6:,0,2,ORANGE,1.4_NONCANONICAL_MUSCLE | 1.5_FREE_EMPHASIS,"1.4_NONCANONICAL_MUSCLE: ""Glúteo Mayor"" no pertenece a los 17 padres de ExerciseAnatomy.kt. || 1.5_FREE_EMPHASIS: Emphasis libre ""Cuádriceps Dominante"" en Cuádriceps.",
638,quads_sentadilla_trasera_maquina_smith,Sentadilla Trasera en Máquina Smith,Accesorio,Máquina Smith,Dominante de Rodilla,,2.8,2.2,0.5,2.0,Cuádriceps Dominante,Cuádriceps:primary:1.0:Cuádriceps Dominante | Glúteo Mayor:secondary:0.6:,0,2,ORANGE,1.4_NONCANONICAL_MUSCLE | 1.5_FREE_EMPHASIS,"1.4_NONCANONICAL_MUSCLE: ""Glúteo Mayor"" no pertenece a los 17 padres de ExerciseAnatomy.kt. || 1.5_FREE_EMPHASIS: Emphasis libre ""Cuádriceps Dominante"" en Cuádriceps.",
639,quads_sentadilla_frontal_barra_recta,Sentadilla Frontal con Barra Recta,Accesorio,Barra,Dominante de Rodilla,,2.8,2.2,0.5,2.0,Cuádriceps Dominante,Cuádriceps:primary:1.0:Cuádriceps Dominante | Glúteo Mayor:secondary:0.5: | Core:secondary:0.6:,0,2,ORANGE,1.4_NONCANONICAL_MUSCLE | 1.5_FREE_EMPHASIS,"1.4_NONCANONICAL_MUSCLE: ""Glúteo Mayor"" no pertenece a los 17 padres de ExerciseAnatomy.kt. || 1.5_FREE_EMPHASIS: Emphasis libre ""Cuádriceps Dominante"" en Cuádriceps.",
640,quads_sentadilla_frontal_barra_ssb,Sentadilla Frontal con Barra Safety (SSB),Accesorio,Barra Safety,Dominante de Rodilla,,2.8,2.2,0.5,2.0,Cuádriceps Dominante,Cuádriceps:primary:1.0:Cuádriceps Dominante | Glúteo Mayor:secondary:0.5: | Core:secondary:0.6:,0,2,ORANGE,1.4_NONCANONICAL_MUSCLE | 1.5_FREE_EMPHASIS,"1.4_NONCANONICAL_MUSCLE: ""Glúteo Mayor"" no pertenece a los 17 padres de ExerciseAnatomy.kt. || 1.5_FREE_EMPHASIS: Emphasis libre ""Cuádriceps Dominante"" en Cuádriceps.",YES
641,quads_sentadilla_frontal_mancuernas,Sentadilla Frontal con Mancuernas,Accesorio,Mancuerna,Dominante de Rodilla,,2.8,2.2,0.5,2.0,Cuádriceps Dominante,Cuádriceps:primary:1.0:Cuádriceps Dominante | Glúteo Mayor:secondary:0.5:,0,2,ORANGE,1.4_NONCANONICAL_MUSCLE | 1.5_FREE_EMPHASIS,"1.4_NONCANONICAL_MUSCLE: ""Glúteo Mayor"" no pertenece a los 17 padres de ExerciseAnatomy.kt. || 1.5_FREE_EMPHASIS: Emphasis libre ""Cuádriceps Dominante"" en Cuádriceps.",
642,quads_sentadilla_frontal_kettlebell,Sentadilla Frontal con Kettlebells,Accesorio,Kettlebell,Dominante de Rodilla,,2.8,2.2,0.5,2.0,Cuádriceps Dominante,Cuádriceps:primary:1.0:Cuádriceps Dominante | Glúteo Mayor:secondary:0.5:,0,2,ORANGE,1.4_NONCANONICAL_MUSCLE | 1.5_FREE_EMPHASIS,"1.4_NONCANONICAL_MUSCLE: ""Glúteo Mayor"" no pertenece a los 17 padres de ExerciseAnatomy.kt. || 1.5_FREE_EMPHASIS: Emphasis libre ""Cuádriceps Dominante"" en Cuádriceps.",
643,quads_sentadilla_frontal_maquina_smith,Sentadilla Frontal en Máquina Smith,Accesorio,Máquina Smith,Dominante de Rodilla,,2.8,2.2,0.5,2.0,Cuádriceps Dominante,Cuádriceps:primary:1.0:Cuádriceps Dominante | Glúteo Mayor:secondary:0.5:,0,2,ORANGE,1.4_NONCANONICAL_MUSCLE | 1.5_FREE_EMPHASIS,"1.4_NONCANONICAL_MUSCLE: ""Glúteo Mayor"" no pertenece a los 17 padres de ExerciseAnatomy.kt. || 1.5_FREE_EMPHASIS: Emphasis libre ""Cuádriceps Dominante"" en Cuádriceps.",
644,quads_sentadilla_bazuca_barra_recta,Sentadilla Bazuca con Barra Recta,Accesorio,Barra,Dominante de Rodilla,,2.8,2.2,0.5,2.0,Cuádriceps / Core,Cuádriceps:primary:1.0:Cuádriceps / Core | Core:secondary:0.7: | Glúteo Mayor:secondary:0.6:,0,2,ORANGE,1.4_NONCANONICAL_MUSCLE | 1.5_FREE_EMPHASIS,"1.4_NONCANONICAL_MUSCLE: ""Glúteo Mayor"" no pertenece a los 17 padres de ExerciseAnatomy.kt. || 1.5_FREE_EMPHASIS: Emphasis libre ""Cuádriceps / Core"" en Cuádriceps.",
645,quads_sentadilla_bazuca_mancuerna,Sentadilla Bazuca con Mancuerna,Accesorio,Mancuerna,Dominante de Rodilla,,2.8,2.2,0.5,2.0,Cuádriceps / Core,Cuádriceps:primary:1.0:Cuádriceps / Core | Core:secondary:0.7: | Glúteo Mayor:secondary:0.6:,0,2,ORANGE,1.4_NONCANONICAL_MUSCLE | 1.5_FREE_EMPHASIS,"1.4_NONCANONICAL_MUSCLE: ""Glúteo Mayor"" no pertenece a los 17 padres de ExerciseAnatomy.kt. || 1.5_FREE_EMPHASIS: Emphasis libre ""Cuádriceps / Core"" en Cuádriceps.",
646,quads_sentadilla_bazuca_kettlebell,Sentadilla Bazuca con Kettlebell,Accesorio,Kettlebell,Dominante de Rodilla,,2.8,2.2,0.5,2.0,Cuádriceps / Core,Cuádriceps:primary:1.0:Cuádriceps / Core | Core:secondary:0.7: | Glúteo Mayor:secondary:0.6:,0,2,ORANGE,1.4_NONCANONICAL_MUSCLE | 1.5_FREE_EMPHASIS,"1.4_NONCANONICAL_MUSCLE: ""Glúteo Mayor"" no pertenece a los 17 padres de ExerciseAnatomy.kt. || 1.5_FREE_EMPHASIS: Emphasis libre ""Cuádriceps / Core"" en Cuádriceps.",
647,quads_sentadilla_bazuca_maquina_smith,Sentadilla Bazuca en Máquina Smith,Accesorio,Máquina Smith,Dominante de Rodilla,,2.8,2.2,0.5,2.0,Cuádriceps / Core,Cuádriceps:primary:1.0:Cuádriceps / Core | Core:secondary:0.7: | Glúteo Mayor:secondary:0.6:,0,2,ORANGE,1.4_NONCANONICAL_MUSCLE | 1.5_FREE_EMPHASIS,"1.4_NONCANONICAL_MUSCLE: ""Glúteo Mayor"" no pertenece a los 17 padres de ExerciseAnatomy.kt. || 1.5_FREE_EMPHASIS: Emphasis libre ""Cuádriceps / Core"" en Cuádriceps.",
648,quads_sentadilla_somersault_barra_recta,Sentadilla Somersault con Barra Recta,Accesorio,Barra,Dominante de Rodilla,,2.8,2.2,0.5,2.0,Vasto Lateral / Cuádriceps,Cuádriceps:primary:1.0:Vasto Lateral / Cuádriceps | Glúteo Mayor:secondary:0.4:,0,2,ORANGE,1.4_NONCANONICAL_MUSCLE | 1.5_FREE_EMPHASIS,"1.4_NONCANONICAL_MUSCLE: ""Glúteo Mayor"" no pertenece a los 17 padres de ExerciseAnatomy.kt. || 1.5_FREE_EMPHASIS: Emphasis libre ""Vasto Lateral / Cuádriceps"" en Cuádriceps.",
649,quads_sentadilla_somersault_mancuerna,Sentadilla Somersault con Mancuerna,Accesorio,Mancuerna,Dominante de Rodilla,,2.8,2.2,0.5,2.0,Vasto Lateral / Cuádriceps,Cuádriceps:primary:1.0:Vasto Lateral / Cuádriceps | Glúteo Mayor:secondary:0.4:,0,2,ORANGE,1.4_NONCANONICAL_MUSCLE | 1.5_FREE_EMPHASIS,"1.4_NONCANONICAL_MUSCLE: ""Glúteo Mayor"" no pertenece a los 17 padres de ExerciseAnatomy.kt. || 1.5_FREE_EMPHASIS: Emphasis libre ""Vasto Lateral / Cuádriceps"" en Cuádriceps.",YES
650,quads_sentadilla_somersault_kettlebell,Sentadilla Somersault con Kettlebell,Accesorio,Kettlebell,Dominante de Rodilla,,2.8,2.2,0.5,2.0,Vasto Lateral / Cuádriceps,Cuádriceps:primary:1.0:Vasto Lateral / Cuádriceps | Glúteo Mayor:secondary:0.4:,0,2,ORANGE,1.4_NONCANONICAL_MUSCLE | 1.5_FREE_EMPHASIS,"1.4_NONCANONICAL_MUSCLE: ""Glúteo Mayor"" no pertenece a los 17 padres de ExerciseAnatomy.kt. || 1.5_FREE_EMPHASIS: Emphasis libre ""Vasto Lateral / Cuádriceps"" en Cuádriceps.",
651,quads_sentadilla_somersault_maquina_smith,Sentadilla Somersault en Máquina Smith,Accesorio,Máquina Smith,Dominante de Rodilla,,2.8,2.2,0.5,2.0,Vasto Lateral / Cuádriceps,Cuádriceps:primary:1.0:Vasto Lateral / Cuádriceps | Glúteo Mayor:secondary:0.4:,0,2,ORANGE,1.4_NONCANONICAL_MUSCLE | 1.5_FREE_EMPHASIS,"1.4_NONCANONICAL_MUSCLE: ""Glúteo Mayor"" no pertenece a los 17 padres de ExerciseAnatomy.kt. || 1.5_FREE_EMPHASIS: Emphasis libre ""Vasto Lateral / Cuádriceps"" en Cuádriceps.",
652,quads_sentadilla_zercher_barra_recta,Sentadilla Zercher con Barra Recta,Accesorio,Barra,Dominante de Rodilla,,2.8,2.2,0.5,2.0,Cuádriceps / Core,Cuádriceps:primary:1.0:Cuádriceps / Core | Core:secondary:0.7: | Glúteo Mayor:secondary:0.6:,0,2,ORANGE,1.4_NONCANONICAL_MUSCLE | 1.5_FREE_EMPHASIS,"1.4_NONCANONICAL_MUSCLE: ""Glúteo Mayor"" no pertenece a los 17 padres de ExerciseAnatomy.kt. || 1.5_FREE_EMPHASIS: Emphasis libre ""Cuádriceps / Core"" en Cuádriceps.",
653,quads_sentadilla_copa_mancuerna,Sentadilla Copa con Mancuerna (Goblet Squat),Accesorio,Mancuerna,Dominante de Rodilla,,2.8,2.2,0.5,2.0,Cuádriceps,Cuádriceps:primary:1.0:Cuádriceps | Glúteo Mayor:secondary:0.5:,0,2,ORANGE,1.4_NONCANONICAL_MUSCLE | 1.5_FREE_EMPHASIS,"1.4_NONCANONICAL_MUSCLE: ""Glúteo Mayor"" no pertenece a los 17 padres de ExerciseAnatomy.kt. || 1.5_FREE_EMPHASIS: Emphasis libre ""Cuádriceps"" en Cuádriceps.",
654,quads_sentadilla_copa_kettlebell,Sentadilla Copa con Kettlebell,Accesorio,Kettlebell,Dominante de Rodilla,,2.8,2.2,0.5,2.0,Cuádriceps,Cuádriceps:primary:1.0:Cuádriceps | Glúteo Mayor:secondary:0.5:,0,2,ORANGE,1.4_NONCANONICAL_MUSCLE | 1.5_FREE_EMPHASIS,"1.4_NONCANONICAL_MUSCLE: ""Glúteo Mayor"" no pertenece a los 17 padres de ExerciseAnatomy.kt. || 1.5_FREE_EMPHASIS: Emphasis libre ""Cuádriceps"" en Cuádriceps.",
655,quads_sentadilla_copa_disco,Sentadilla Copa con Disco,Accesorio,Disco,Dominante de Rodilla,,2.8,2.2,0.5,2.0,Cuádriceps,Cuádriceps:primary:1.0:Cuádriceps | Glúteo Mayor:secondary:0.5:,0,2,ORANGE,1.4_NONCANONICAL_MUSCLE | 1.5_FREE_EMPHASIS,"1.4_NONCANONICAL_MUSCLE: ""Glúteo Mayor"" no pertenece a los 17 padres de ExerciseAnatomy.kt. || 1.5_FREE_EMPHASIS: Emphasis libre ""Cuádriceps"" en Cuádriceps.",
656,quads_sentadilla_hack_maquina,Sentadilla en Máquina Hack,Accesorio,Máquina,Dominante de Rodilla,,2.8,2.2,0.5,2.0,Cuádriceps Dominante,Cuádriceps:primary:1.0:Cuádriceps Dominante | Glúteo Mayor:secondary:0.5:,0,2,ORANGE,1.4_NONCANONICAL_MUSCLE | 1.5_FREE_EMPHASIS,"1.4_NONCANONICAL_MUSCLE: ""Glúteo Mayor"" no pertenece a los 17 padres de ExerciseAnatomy.kt. || 1.5_FREE_EMPHASIS: Emphasis libre ""Cuádriceps Dominante"" en Cuádriceps.",
657,quads_sentadilla_hack_invertida_maquina,Sentadilla Invertida en Máquina Hack,Accesorio,Máquina,Dominante de Rodilla,,2.8,2.2,0.5,2.0,Cuádriceps / Glúteo,Cuádriceps:primary:1.0:Cuádriceps / Glúteo | Glúteo Mayor:secondary:0.6:,0,2,ORANGE,1.4_NONCANONICAL_MUSCLE | 1.5_FREE_EMPHASIS,"1.4_NONCANONICAL_MUSCLE: ""Glúteo Mayor"" no pertenece a los 17 padres de ExerciseAnatomy.kt. || 1.5_FREE_EMPHASIS: Emphasis libre ""Cuádriceps / Glúteo"" en Cuádriceps.",
658,quads_sentadilla_hack_barra_recta,Sentadilla Hack con Barra Libre,Accesorio,Barra,Dominante de Rodilla,,2.8,2.2,0.5,2.0,Cuádriceps Dominante,Cuádriceps:primary:1.0:Cuádriceps Dominante | Glúteo Mayor:secondary:0.5:,0,2,ORANGE,1.4_NONCANONICAL_MUSCLE | 1.5_FREE_EMPHASIS,"1.4_NONCANONICAL_MUSCLE: ""Glúteo Mayor"" no pertenece a los 17 padres de ExerciseAnatomy.kt. || 1.5_FREE_EMPHASIS: Emphasis libre ""Cuádriceps Dominante"" en Cuádriceps.",
659,quads_sentadilla_hack_maquina_smith,Sentadilla Hack en Máquina Smith,Accesorio,Máquina Smith,Dominante de Rodilla,,2.8,2.2,0.5,2.0,Cuádriceps Dominante,Cuádriceps:primary:1.0:Cuádriceps Dominante | Glúteo Mayor:secondary:0.5:,0,2,ORANGE,1.4_NONCANONICAL_MUSCLE | 1.5_FREE_EMPHASIS,"1.4_NONCANONICAL_MUSCLE: ""Glúteo Mayor"" no pertenece a los 17 padres de ExerciseAnatomy.kt. || 1.5_FREE_EMPHASIS: Emphasis libre ""Cuádriceps Dominante"" en Cuádriceps.",
660,quads_sentadilla_pendulo_maquina,Sentadilla en Máquina Péndulo,Accesorio,Máquina,Dominante de Rodilla,,2.8,2.2,0.5,2.0,Cuádriceps Dominante,Cuádriceps:primary:1.0:Cuádriceps Dominante | Glúteo Mayor:secondary:0.5:,0,2,ORANGE,1.4_NONCANONICAL_MUSCLE | 1.5_FREE_EMPHASIS,"1.4_NONCANONICAL_MUSCLE: ""Glúteo Mayor"" no pertenece a los 17 padres de ExerciseAnatomy.kt. || 1.5_FREE_EMPHASIS: Emphasis libre ""Cuádriceps Dominante"" en Cuádriceps.",
661,quads_sentadilla_belt_squat_maquina,Sentadilla en Máquina Belt Squat,Accesorio,Máquina,Dominante de Rodilla,,2.8,2.2,0.5,2.0,Cuádriceps Dominante,Cuádriceps:primary:1.0:Cuádriceps Dominante | Glúteo Mayor:secondary:0.5:,0,2,ORANGE,1.4_NONCANONICAL_MUSCLE | 1.5_FREE_EMPHASIS,"1.4_NONCANONICAL_MUSCLE: ""Glúteo Mayor"" no pertenece a los 17 padres de ExerciseAnatomy.kt. || 1.5_FREE_EMPHASIS: Emphasis libre ""Cuádriceps Dominante"" en Cuádriceps.",
662,quads_sentadilla_sissy_libre,Sentadilla Sissy Libre,Accesorio,Peso Corporal,Dominante Rodilla / Estiramiento,,2.8,2.2,0.5,2.0,Recto Femoral / Cuádriceps,Cuádriceps:primary:1.0:Recto Femoral / Cuádriceps | Core:secondary:0.4:,0,0,,,,
663,quads_sentadilla_sissy_maquina_smith,Sentadilla Sissy en Máquina Smith,Accesorio,Máquina Smith,Dominante Rodilla / Estiramiento,,2.8,2.2,0.5,2.0,Recto Femoral / Cuádriceps,Cuádriceps:primary:1.0:Recto Femoral / Cuádriceps | Core:secondary:0.3:,0,0,,,,
664,quads_sentadilla_sissy_maquina_hack,Sentadilla Sissy en Máquina Hack,Accesorio,Máquina,Dominante Rodilla / Estiramiento,,2.8,2.2,0.5,2.0,Recto Femoral / Cuádriceps,Cuádriceps:primary:1.0:Recto Femoral / Cuádriceps | Core:secondary:0.3:,0,0,,,,
665,quads_sentadilla_sissy_maquina_pendulo,Sentadilla Sissy en Máquina Péndulo,Accesorio,Máquina,Dominante Rodilla / Estiramiento,,2.8,2.2,0.5,2.0,Recto Femoral / Cuádriceps,Cuádriceps:primary:1.0:Recto Femoral / Cuádriceps | Core:secondary:0.3:,0,0,,,,
666,quads_sentadilla_sissy_prensa,Sentadilla Sissy en Prensa de Piernas,Accesorio,Máquina,Dominante Rodilla / Estiramiento,,2.8,2.2,0.5,2.0,Recto Femoral / Cuádriceps,Cuádriceps:primary:1.0:Recto Femoral / Cuádriceps | Core:secondary:0.3:,0,0,,,,
667,quads_sentadilla_sissy_banco,Sentadilla Sissy en Banco Sissy,Accesorio,Peso Corporal,Dominante Rodilla / Estiramiento,,2.8,2.2,0.5,2.0,Recto Femoral / Cuádriceps,Cuádriceps:primary:1.0:Recto Femoral / Cuádriceps | Core:secondary:0.3:,0,0,,,,
668,quads_reverse_nordic_peso_corporal,Curl Nórdico Inverso (Reverse Nordic Curl),Aislamiento,Peso Corporal,Estiramiento Biarticular,,2.8,2.2,0.5,2.0,Recto Femoral / Cuádriceps,Cuádriceps:primary:1.0:Recto Femoral / Cuádriceps | Core:secondary:0.5:,0,0,,,,
669,quads_prensa_piernas_45_maquina,Prensa de Piernas a 45º en Máquina,Accesorio,Máquina,Dominante de Rodilla,,2.8,2.2,0.5,2.0,Cuádriceps Dominante,Cuádriceps:primary:1.0:Cuádriceps Dominante | Glúteo Mayor:secondary:0.6:,0,2,ORANGE,1.4_NONCANONICAL_MUSCLE | 1.5_FREE_EMPHASIS,"1.4_NONCANONICAL_MUSCLE: ""Glúteo Mayor"" no pertenece a los 17 padres de ExerciseAnatomy.kt. || 1.5_FREE_EMPHASIS: Emphasis libre ""Cuádriceps Dominante"" en Cuádriceps.",
670,quads_prensa_piernas_horizontal_maquina,Prensa de Piernas Horizontal en Máquina,Accesorio,Máquina,Dominante de Rodilla,,2.8,2.2,0.5,2.0,Cuádriceps Dominante,Cuádriceps:primary:1.0:Cuádriceps Dominante | Glúteo Mayor:secondary:0.6:,0,2,ORANGE,1.4_NONCANONICAL_MUSCLE | 1.5_FREE_EMPHASIS,"1.4_NONCANONICAL_MUSCLE: ""Glúteo Mayor"" no pertenece a los 17 padres de ExerciseAnatomy.kt. || 1.5_FREE_EMPHASIS: Emphasis libre ""Cuádriceps Dominante"" en Cuádriceps.",
671,quads_prensa_piernas_vertical_maquina,Prensa de Piernas Vertical en Máquina,Accesorio,Máquina,Dominante de Rodilla,,2.8,2.2,0.5,2.0,Cuádriceps Dominante,Cuádriceps:primary:1.0:Cuádriceps Dominante | Glúteo Mayor:secondary:0.6:,0,2,ORANGE,1.4_NONCANONICAL_MUSCLE | 1.5_FREE_EMPHASIS,"1.4_NONCANONICAL_MUSCLE: ""Glúteo Mayor"" no pertenece a los 17 padres de ExerciseAnatomy.kt. || 1.5_FREE_EMPHASIS: Emphasis libre ""Cuádriceps Dominante"" en Cuádriceps.",
672,quads_prensa_piernas_unilateral_maquina,Prensa de Piernas Unilateral en Máquina,Accesorio,Máquina,Dominante de Rodilla,,2.8,2.2,0.5,2.0,Cuádriceps Dominante,Cuádriceps:primary:1.0:Cuádriceps Dominante | Glúteo Mayor:secondary:0.6:,0,2,ORANGE,1.4_NONCANONICAL_MUSCLE | 1.5_FREE_EMPHASIS,"1.4_NONCANONICAL_MUSCLE: ""Glúteo Mayor"" no pertenece a los 17 padres de ExerciseAnatomy.kt. || 1.5_FREE_EMPHASIS: Emphasis libre ""Cuádriceps Dominante"" en Cuádriceps.",YES
673,quads_extension_cuadriceps_maquina,Extensión de Cuádriceps en Máquina,Aislamiento,Máquina,Extensión Rodilla,,2.8,2.2,0.5,2.0,Cuádriceps / Recto Femoral,Cuádriceps:primary:1.0:Cuádriceps / Recto Femoral | Antebrazo:secondary:0.2:,0,1,ORANGE,1.1_ACTIVATION_ROLE,1.1_ACTIVATION_ROLE: Antebrazo/secondary usa activation=0.2.,
674,quads_extension_cuadriceps_maquina_unilateral,Extensión de Cuádriceps Unilateral en Máquina,Aislamiento,Máquina,Extensión Rodilla,,2.8,2.2,0.5,2.0,Cuádriceps / Recto Femoral,Cuádriceps:primary:1.0:Cuádriceps / Recto Femoral | Antebrazo:secondary:0.2:,0,1,ORANGE,1.1_ACTIVATION_ROLE,1.1_ACTIVATION_ROLE: Antebrazo/secondary usa activation=0.2.,YES
675,quads_extension_cuadriceps_polea,Extensión de Cuádriceps en Polea,Aislamiento,Polea,Extensión Rodilla,,2.8,2.2,0.5,2.0,Cuádriceps / Recto Femoral,Cuádriceps:primary:1.0:Cuádriceps / Recto Femoral | Antebrazo:secondary:0.2:,0,5,ORANGE,1.1_ACTIVATION_ROLE | 3.1_IQR_CNC | 3.1_IQR_EFC | 3.1_IQR_SSC | 3.1_IQR_TTC,"1.1_ACTIVATION_ROLE: Antebrazo/secondary usa activation=0.2. || 3.1_IQR_CNC: cnc=2.2 es outlier IQR para tipo=Aislamiento, equipo=Polea (1.30–2.10). || 3.1_IQR_EFC: efc=2.8 es outlier IQR para tipo=Aislamiento, equipo=Polea (1.70–2.50). || 3.1_IQR_SSC: ssc=0.5 es outlier IQR para tipo=Aislamiento, equipo=Polea (-0.05–0.35). || 3.1_IQR_TTC: ttc=2.0 es outlier IQR para tipo=Aislamiento, equipo=Polea (1.35–1.75).",
676,quads_extension_cuadriceps_polea_unilateral,Extensión de Cuádriceps en Polea Unilateral,Aislamiento,Polea,Extensión Rodilla,,2.8,2.2,0.5,2.0,Cuádriceps / Recto Femoral,Cuádriceps:primary:1.0:Cuádriceps / Recto Femoral | Antebrazo:secondary:0.2:,0,5,ORANGE,1.1_ACTIVATION_ROLE | 3.1_IQR_CNC | 3.1_IQR_EFC | 3.1_IQR_SSC | 3.1_IQR_TTC,"1.1_ACTIVATION_ROLE: Antebrazo/secondary usa activation=0.2. || 3.1_IQR_CNC: cnc=2.2 es outlier IQR para tipo=Aislamiento, equipo=Polea (1.30–2.10). || 3.1_IQR_EFC: efc=2.8 es outlier IQR para tipo=Aislamiento, equipo=Polea (1.70–2.50). || 3.1_IQR_SSC: ssc=0.5 es outlier IQR para tipo=Aislamiento, equipo=Polea (-0.05–0.35). || 3.1_IQR_TTC: ttc=2.0 es outlier IQR para tipo=Aislamiento, equipo=Polea (1.35–1.75).",
677,quads_extension_cuadriceps_banda,Extensión de Cuádriceps en Banda Elástica,Aislamiento,Banda Elástica,Extensión Rodilla,,2.8,2.2,0.5,2.0,Cuádriceps / Recto Femoral,Cuádriceps:primary:1.0:Cuádriceps / Recto Femoral | Antebrazo:secondary:0.2:,0,5,ORANGE,1.1_ACTIVATION_ROLE | 3.1_IQR_CNC | 3.1_IQR_EFC | 3.1_IQR_SSC | 3.1_IQR_TTC,"1.1_ACTIVATION_ROLE: Antebrazo/secondary usa activation=0.2. || 3.1_IQR_CNC: cnc=2.2 es outlier IQR para tipo=Aislamiento, equipo=Banda Elástica (1.30–2.10). || 3.1_IQR_EFC: efc=2.8 es outlier IQR para tipo=Aislamiento, equipo=Banda Elástica (1.70–2.50). || 3.1_IQR_SSC: ssc=0.5 es outlier IQR para tipo=Aislamiento, equipo=Banda Elástica (-0.05–0.35). || 3.1_IQR_TTC: ttc=2.0 es outlier IQR para tipo=Aislamiento, equipo=Banda Elástica (1.35–1.75).",YES
678,quads_sentadilla_bulgara_mancuernas,Sentadilla Búlgara con Mancuernas,Accesorio,Mancuerna,Dominante de Rodilla Unilateral,,2.8,2.2,0.5,2.0,Cuádriceps / Glúteo,Cuádriceps:primary:1.0:Cuádriceps / Glúteo | Glúteo Mayor:secondary:0.7:,0,2,ORANGE,1.4_NONCANONICAL_MUSCLE | 1.5_FREE_EMPHASIS,"1.4_NONCANONICAL_MUSCLE: ""Glúteo Mayor"" no pertenece a los 17 padres de ExerciseAnatomy.kt. || 1.5_FREE_EMPHASIS: Emphasis libre ""Cuádriceps / Glúteo"" en Cuádriceps.",
679,quads_sentadilla_bulgara_kettlebell,Sentadilla Búlgara con Kettlebells,Accesorio,Kettlebell,Dominante de Rodilla Unilateral,,2.8,2.2,0.5,2.0,Cuádriceps / Glúteo,Cuádriceps:primary:1.0:Cuádriceps / Glúteo | Glúteo Mayor:secondary:0.7:,0,2,ORANGE,1.4_NONCANONICAL_MUSCLE | 1.5_FREE_EMPHASIS,"1.4_NONCANONICAL_MUSCLE: ""Glúteo Mayor"" no pertenece a los 17 padres de ExerciseAnatomy.kt. || 1.5_FREE_EMPHASIS: Emphasis libre ""Cuádriceps / Glúteo"" en Cuádriceps.",
680,quads_sentadilla_bulgara_barra_recta,Sentadilla Búlgara con Barra Recta,Accesorio,Barra,Dominante de Rodilla Unilateral,,2.8,2.2,0.5,2.0,Cuádriceps / Glúteo,Cuádriceps:primary:1.0:Cuádriceps / Glúteo | Glúteo Mayor:secondary:0.7:,0,2,ORANGE,1.4_NONCANONICAL_MUSCLE | 1.5_FREE_EMPHASIS,"1.4_NONCANONICAL_MUSCLE: ""Glúteo Mayor"" no pertenece a los 17 padres de ExerciseAnatomy.kt. || 1.5_FREE_EMPHASIS: Emphasis libre ""Cuádriceps / Glúteo"" en Cuádriceps.",
681,quads_sentadilla_bulgara_polea,Sentadilla Búlgara en Polea,Accesorio,Polea,Dominante de Rodilla Unilateral,,2.8,2.2,0.5,2.0,Cuádriceps / Glúteo,Cuádriceps:primary:1.0:Cuádriceps / Glúteo | Glúteo Mayor:secondary:0.7:,0,5,ORANGE,1.4_NONCANONICAL_MUSCLE | 1.5_FREE_EMPHASIS | 3.1_IQR_CNC | 3.1_IQR_EFC | 3.1_IQR_TTC,"1.4_NONCANONICAL_MUSCLE: ""Glúteo Mayor"" no pertenece a los 17 padres de ExerciseAnatomy.kt. || 1.5_FREE_EMPHASIS: Emphasis libre ""Cuádriceps / Glúteo"" en Cuádriceps. || 3.1_IQR_CNC: cnc=2.2 es outlier IQR para tipo=Accesorio, equipo=Polea (2.00–2.00). || 3.1_IQR_EFC: efc=2.8 es outlier IQR para tipo=Accesorio, equipo=Polea (2.50–2.50). || 3.1_IQR_TTC: ttc=2.0 es outlier IQR para tipo=Accesorio, equipo=Polea (1.80–1.80).",YES
682,quads_sentadilla_bulgara_maquina_smith,Sentadilla Búlgara en Máquina Smith,Accesorio,Máquina Smith,Dominante de Rodilla Unilateral,,2.8,2.2,0.5,2.0,Cuádriceps / Glúteo,Cuádriceps:primary:1.0:Cuádriceps / Glúteo | Glúteo Mayor:secondary:0.7:,0,2,ORANGE,1.4_NONCANONICAL_MUSCLE | 1.5_FREE_EMPHASIS,"1.4_NONCANONICAL_MUSCLE: ""Glúteo Mayor"" no pertenece a los 17 padres de ExerciseAnatomy.kt. || 1.5_FREE_EMPHASIS: Emphasis libre ""Cuádriceps / Glúteo"" en Cuádriceps.",
683,quads_sentadilla_bulgara_peso_corporal,Sentadilla Búlgara con Peso Corporal,Accesorio,Peso Corporal,Dominante de Rodilla Unilateral,,2.8,2.2,0.5,2.0,Cuádriceps / Glúteo,Cuádriceps:primary:1.0:Cuádriceps / Glúteo | Glúteo Mayor:secondary:0.7:,0,2,ORANGE,1.4_NONCANONICAL_MUSCLE | 1.5_FREE_EMPHASIS,"1.4_NONCANONICAL_MUSCLE: ""Glúteo Mayor"" no pertenece a los 17 padres de ExerciseAnatomy.kt. || 1.5_FREE_EMPHASIS: Emphasis libre ""Cuádriceps / Glúteo"" en Cuádriceps.",YES
684,quads_zancada_frontal_mancuernas,Zancada Frontal con Mancuernas,Accesorio,Mancuerna,Dominante de Rodilla Unilateral,,2.8,2.2,0.5,2.0,Cuádriceps / Glúteo,Cuádriceps:primary:1.0:Cuádriceps / Glúteo | Glúteo Mayor:secondary:0.7:,0,2,ORANGE,1.4_NONCANONICAL_MUSCLE | 1.5_FREE_EMPHASIS,"1.4_NONCANONICAL_MUSCLE: ""Glúteo Mayor"" no pertenece a los 17 padres de ExerciseAnatomy.kt. || 1.5_FREE_EMPHASIS: Emphasis libre ""Cuádriceps / Glúteo"" en Cuádriceps.",
685,quads_zancada_frontal_kettlebell,Zancada Frontal con Kettlebells,Accesorio,Kettlebell,Dominante de Rodilla Unilateral,,2.8,2.2,0.5,2.0,Cuádriceps / Glúteo,Cuádriceps:primary:1.0:Cuádriceps / Glúteo | Glúteo Mayor:secondary:0.7:,0,2,ORANGE,1.4_NONCANONICAL_MUSCLE | 1.5_FREE_EMPHASIS,"1.4_NONCANONICAL_MUSCLE: ""Glúteo Mayor"" no pertenece a los 17 padres de ExerciseAnatomy.kt. || 1.5_FREE_EMPHASIS: Emphasis libre ""Cuádriceps / Glúteo"" en Cuádriceps.",
686,quads_zancada_frontal_barra_recta,Zancada Frontal con Barra Recta,Accesorio,Barra,Dominante de Rodilla Unilateral,,2.8,2.2,0.5,2.0,Cuádriceps / Glúteo,Cuádriceps:primary:1.0:Cuádriceps / Glúteo | Glúteo Mayor:secondary:0.7:,0,2,ORANGE,1.4_NONCANONICAL_MUSCLE | 1.5_FREE_EMPHASIS,"1.4_NONCANONICAL_MUSCLE: ""Glúteo Mayor"" no pertenece a los 17 padres de ExerciseAnatomy.kt. || 1.5_FREE_EMPHASIS: Emphasis libre ""Cuádriceps / Glúteo"" en Cuádriceps.",
687,quads_zancada_frontal_maquina_smith,Zancada Frontal en Máquina Smith,Accesorio,Máquina Smith,Dominante de Rodilla Unilateral,,2.8,2.2,0.5,2.0,Cuádriceps / Glúteo,Cuádriceps:primary:1.0:Cuádriceps / Glúteo | Glúteo Mayor:secondary:0.7:,0,2,ORANGE,1.4_NONCANONICAL_MUSCLE | 1.5_FREE_EMPHASIS,"1.4_NONCANONICAL_MUSCLE: ""Glúteo Mayor"" no pertenece a los 17 padres de ExerciseAnatomy.kt. || 1.5_FREE_EMPHASIS: Emphasis libre ""Cuádriceps / Glúteo"" en Cuádriceps.",
688,quads_zancada_inversa_mancuernas,Zancada Inversa con Mancuernas,Accesorio,Mancuerna,Dominante de Rodilla Unilateral,,2.8,2.2,0.5,2.0,Cuádriceps / Glúteo,Cuádriceps:primary:1.0:Cuádriceps / Glúteo | Glúteo Mayor:secondary:0.7:,0,2,ORANGE,1.4_NONCANONICAL_MUSCLE | 1.5_FREE_EMPHASIS,"1.4_NONCANONICAL_MUSCLE: ""Glúteo Mayor"" no pertenece a los 17 padres de ExerciseAnatomy.kt. || 1.5_FREE_EMPHASIS: Emphasis libre ""Cuádriceps / Glúteo"" en Cuádriceps.",
689,quads_zancada_inversa_kettlebell,Zancada Inversa con Kettlebells,Accesorio,Kettlebell,Dominante de Rodilla Unilateral,,2.8,2.2,0.5,2.0,Cuádriceps / Glúteo,Cuádriceps:primary:1.0:Cuádriceps / Glúteo | Glúteo Mayor:secondary:0.7:,0,2,ORANGE,1.4_NONCANONICAL_MUSCLE | 1.5_FREE_EMPHASIS,"1.4_NONCANONICAL_MUSCLE: ""Glúteo Mayor"" no pertenece a los 17 padres de ExerciseAnatomy.kt. || 1.5_FREE_EMPHASIS: Emphasis libre ""Cuádriceps / Glúteo"" en Cuádriceps.",
690,quads_zancada_inversa_barra_recta,Zancada Inversa con Barra Recta,Accesorio,Barra,Dominante de Rodilla Unilateral,,2.8,2.2,0.5,2.0,Cuádriceps / Glúteo,Cuádriceps:primary:1.0:Cuádriceps / Glúteo | Glúteo Mayor:secondary:0.7:,0,2,ORANGE,1.4_NONCANONICAL_MUSCLE | 1.5_FREE_EMPHASIS,"1.4_NONCANONICAL_MUSCLE: ""Glúteo Mayor"" no pertenece a los 17 padres de ExerciseAnatomy.kt. || 1.5_FREE_EMPHASIS: Emphasis libre ""Cuádriceps / Glúteo"" en Cuádriceps.",
691,quads_zancada_inversa_maquina_smith,Zancada Inversa en Máquina Smith,Accesorio,Máquina Smith,Dominante de Rodilla Unilateral,,2.8,2.2,0.5,2.0,Cuádriceps / Glúteo,Cuádriceps:primary:1.0:Cuádriceps / Glúteo | Glúteo Mayor:secondary:0.7:,0,2,ORANGE,1.4_NONCANONICAL_MUSCLE | 1.5_FREE_EMPHASIS,"1.4_NONCANONICAL_MUSCLE: ""Glúteo Mayor"" no pertenece a los 17 padres de ExerciseAnatomy.kt. || 1.5_FREE_EMPHASIS: Emphasis libre ""Cuádriceps / Glúteo"" en Cuádriceps.",
692,quads_zancada_caminando_mancuernas,Zancada Caminando con Mancuernas,Accesorio,Mancuerna,Dominante de Rodilla Unilateral,,2.8,2.2,0.5,2.0,Cuádriceps / Glúteo,Cuádriceps:primary:1.0:Cuádriceps / Glúteo | Glúteo Mayor:secondary:0.7:,0,2,ORANGE,1.4_NONCANONICAL_MUSCLE | 1.5_FREE_EMPHASIS,"1.4_NONCANONICAL_MUSCLE: ""Glúteo Mayor"" no pertenece a los 17 padres de ExerciseAnatomy.kt. || 1.5_FREE_EMPHASIS: Emphasis libre ""Cuádriceps / Glúteo"" en Cuádriceps.",YES
693,quads_zancada_caminando_kettlebell,Zancada Caminando con Kettlebells,Accesorio,Kettlebell,Dominante de Rodilla Unilateral,,2.8,2.2,0.5,2.0,Cuádriceps / Glúteo,Cuádriceps:primary:1.0:Cuádriceps / Glúteo | Glúteo Mayor:secondary:0.7:,0,2,ORANGE,1.4_NONCANONICAL_MUSCLE | 1.5_FREE_EMPHASIS,"1.4_NONCANONICAL_MUSCLE: ""Glúteo Mayor"" no pertenece a los 17 padres de ExerciseAnatomy.kt. || 1.5_FREE_EMPHASIS: Emphasis libre ""Cuádriceps / Glúteo"" en Cuádriceps.",
694,quads_zancada_caminando_barra_recta,Zancada Caminando con Barra Recta,Accesorio,Barra,Dominante de Rodilla Unilateral,,2.8,2.2,0.5,2.0,Cuádriceps / Glúteo,Cuádriceps:primary:1.0:Cuádriceps / Glúteo | Glúteo Mayor:secondary:0.7:,0,2,ORANGE,1.4_NONCANONICAL_MUSCLE | 1.5_FREE_EMPHASIS,"1.4_NONCANONICAL_MUSCLE: ""Glúteo Mayor"" no pertenece a los 17 padres de ExerciseAnatomy.kt. || 1.5_FREE_EMPHASIS: Emphasis libre ""Cuádriceps / Glúteo"" en Cuádriceps.",
695,quads_step_up_cajon_mancuernas,Step-Up al Cajón con Mancuernas,Aislamiento,Mancuerna,Dominante de Rodilla Unilateral,,2.8,2.2,0.5,2.0,Cuádriceps / Glúteo,Cuádriceps:primary:1.0:Cuádriceps / Glúteo | Glúteo Mayor:secondary:0.7:,0,4,ORANGE,1.4_NONCANONICAL_MUSCLE | 1.5_FREE_EMPHASIS | 3.1_IQR_CNC | 3.1_IQR_TTC,"1.4_NONCANONICAL_MUSCLE: ""Glúteo Mayor"" no pertenece a los 17 padres de ExerciseAnatomy.kt. || 1.5_FREE_EMPHASIS: Emphasis libre ""Cuádriceps / Glúteo"" en Cuádriceps. || 3.1_IQR_CNC: cnc=2.2 es outlier IQR para tipo=Aislamiento, equipo=Mancuerna (1.30–2.10). || 3.1_IQR_TTC: ttc=2.0 es outlier IQR para tipo=Aislamiento, equipo=Mancuerna (1.35–1.75).",
696,quads_step_up_cajon_kettlebell,Step-Up al Cajón con Kettlebells,Aislamiento,Kettlebell,Dominante de Rodilla Unilateral,,2.8,2.2,0.5,2.0,Cuádriceps / Glúteo,Cuádriceps:primary:1.0:Cuádriceps / Glúteo | Glúteo Mayor:secondary:0.7:,0,6,ORANGE,1.4_NONCANONICAL_MUSCLE | 1.5_FREE_EMPHASIS | 3.1_IQR_CNC | 3.1_IQR_EFC | 3.1_IQR_SSC | 3.1_IQR_TTC,"1.4_NONCANONICAL_MUSCLE: ""Glúteo Mayor"" no pertenece a los 17 padres de ExerciseAnatomy.kt. || 1.5_FREE_EMPHASIS: Emphasis libre ""Cuádriceps / Glúteo"" en Cuádriceps. || 3.1_IQR_CNC: cnc=2.2 es outlier IQR para tipo=Aislamiento, equipo=Kettlebell (1.30–2.10). || 3.1_IQR_EFC: efc=2.8 es outlier IQR para tipo=Aislamiento, equipo=Kettlebell (1.70–2.50). || 3.1_IQR_SSC: ssc=0.5 es outlier IQR para tipo=Aislamiento, equipo=Kettlebell (-0.05–0.35). || 3.1_IQR_TTC: ttc=2.0 es outlier IQR para tipo=Aislamiento, equipo=Kettlebell (1.35–1.75).",
697,quads_step_up_cajon_barra_recta,Step-Up al Cajón con Barra Recta,Aislamiento,Barra,Dominante de Rodilla Unilateral,,2.8,2.2,0.5,2.0,Cuádriceps / Glúteo,Cuádriceps:primary:1.0:Cuádriceps / Glúteo | Glúteo Mayor:secondary:0.7:,0,4,ORANGE,1.4_NONCANONICAL_MUSCLE | 1.5_FREE_EMPHASIS | 3.1_IQR_CNC | 3.1_IQR_TTC,"1.4_NONCANONICAL_MUSCLE: ""Glúteo Mayor"" no pertenece a los 17 padres de ExerciseAnatomy.kt. || 1.5_FREE_EMPHASIS: Emphasis libre ""Cuádriceps / Glúteo"" en Cuádriceps. || 3.1_IQR_CNC: cnc=2.2 es outlier IQR para tipo=Aislamiento, equipo=Barra (1.30–2.10). || 3.1_IQR_TTC: ttc=2.0 es outlier IQR para tipo=Aislamiento, equipo=Barra (1.35–1.75).",YES
698,quads_step_up_cajon_peso_corporal,Step-Up al Cajón con Peso Corporal,Aislamiento,Peso Corporal,Dominante de Rodilla Unilateral,,2.8,2.2,0.5,2.0,Cuádriceps / Glúteo,Cuádriceps:primary:1.0:Cuádriceps / Glúteo | Glúteo Mayor:secondary:0.7:,0,2,ORANGE,1.4_NONCANONICAL_MUSCLE | 1.5_FREE_EMPHASIS,"1.4_NONCANONICAL_MUSCLE: ""Glúteo Mayor"" no pertenece a los 17 padres de ExerciseAnatomy.kt. || 1.5_FREE_EMPHASIS: Emphasis libre ""Cuádriceps / Glúteo"" en Cuádriceps.",
699,quads_sentadilla_pistola_peso_corporal,Sentadilla Pistola (Pistol Squat),Accesorio,Peso Corporal,Dominante de Rodilla Unilateral,,2.8,2.2,0.5,2.0,Cuádriceps / Glúteo,Cuádriceps:primary:1.0:Cuádriceps / Glúteo | Glúteo Mayor:secondary:0.8: | Core:secondary:0.6:,0,3,ORANGE,1.1_ACTIVATION_ROLE | 1.4_NONCANONICAL_MUSCLE | 1.5_FREE_EMPHASIS,"1.1_ACTIVATION_ROLE: Glúteo Mayor/secondary usa activation=0.8. || 1.4_NONCANONICAL_MUSCLE: ""Glúteo Mayor"" no pertenece a los 17 padres de ExerciseAnatomy.kt. || 1.5_FREE_EMPHASIS: Emphasis libre ""Cuádriceps / Glúteo"" en Cuádriceps.",
700,quads_sentadilla_pistola_kettlebell,Sentadilla Pistola con Kettlebell,Accesorio,Kettlebell,Dominante de Rodilla Unilateral,,2.8,2.2,0.5,2.0,Cuádriceps / Glúteo,Cuádriceps:primary:1.0:Cuádriceps / Glúteo | Glúteo Mayor:secondary:0.8:,0,3,ORANGE,1.1_ACTIVATION_ROLE | 1.4_NONCANONICAL_MUSCLE | 1.5_FREE_EMPHASIS,"1.1_ACTIVATION_ROLE: Glúteo Mayor/secondary usa activation=0.8. || 1.4_NONCANONICAL_MUSCLE: ""Glúteo Mayor"" no pertenece a los 17 padres de ExerciseAnatomy.kt. || 1.5_FREE_EMPHASIS: Emphasis libre ""Cuádriceps / Glúteo"" en Cuádriceps.",YES
701,quads_sentadilla_pistola_asistida_trx,Sentadilla Pistola Asistida en TRX,Accesorio,TRX,Dominante de Rodilla Unilateral,,2.8,2.2,0.5,2.0,Cuádriceps / Glúteo,Cuádriceps:primary:1.0:Cuádriceps / Glúteo | Glúteo Mayor:secondary:0.7:,0,2,ORANGE,1.4_NONCANONICAL_MUSCLE | 1.5_FREE_EMPHASIS,"1.4_NONCANONICAL_MUSCLE: ""Glúteo Mayor"" no pertenece a los 17 padres de ExerciseAnatomy.kt. || 1.5_FREE_EMPHASIS: Emphasis libre ""Cuádriceps / Glúteo"" en Cuádriceps.",
702,quads_sentadilla_cosaca_peso_corporal,Sentadilla Cosaca (Cossack Squat),Accesorio,Peso Corporal,Dominante de Rodilla Lateral,,2.8,2.2,0.5,2.0,Cuádriceps / Aductores,Cuádriceps:primary:1.0:Cuádriceps / Aductores | Aductores:secondary:0.7:,0,1,BLUE,1.5_FREE_EMPHASIS,"1.5_FREE_EMPHASIS: Emphasis libre ""Cuádriceps / Aductores"" en Cuádriceps.",
703,quads_sentadilla_cosaca_kettlebell,Sentadilla Cosaca con Kettlebell,Accesorio,Kettlebell,Dominante de Rodilla Lateral,,2.8,2.2,0.5,2.0,Cuádriceps / Aductores,Cuádriceps:primary:1.0:Cuádriceps / Aductores | Aductores:secondary:0.7:,0,1,BLUE,1.5_FREE_EMPHASIS,"1.5_FREE_EMPHASIS: Emphasis libre ""Cuádriceps / Aductores"" en Cuádriceps.",
704,quads_sentadilla_sumo_barra_recta,Sentadilla Sumo con Barra Recta,Accesorio,Barra,Dominante de Rodilla / Cadera,,2.8,2.2,0.5,2.0,Cuádriceps / Aductores,Cuádriceps:primary:1.0:Cuádriceps / Aductores | Aductores:secondary:0.8: | Glúteo Mayor:secondary:0.7:,0,3,ORANGE,1.1_ACTIVATION_ROLE | 1.4_NONCANONICAL_MUSCLE | 1.5_FREE_EMPHASIS,"1.1_ACTIVATION_ROLE: Aductores/secondary usa activation=0.8. || 1.4_NONCANONICAL_MUSCLE: ""Glúteo Mayor"" no pertenece a los 17 padres de ExerciseAnatomy.kt. || 1.5_FREE_EMPHASIS: Emphasis libre ""Cuádriceps / Aductores"" en Cuádriceps.",
705,quads_sentadilla_sumo_mancuerna,Sentadilla Sumo con Mancuerna,Accesorio,Mancuerna,Dominante de Rodilla / Cadera,,2.8,2.2,0.5,2.0,Cuádriceps / Aductores,Cuádriceps:primary:1.0:Cuádriceps / Aductores | Aductores:secondary:0.8: | Glúteo Mayor:secondary:0.7:,0,3,ORANGE,1.1_ACTIVATION_ROLE | 1.4_NONCANONICAL_MUSCLE | 1.5_FREE_EMPHASIS,"1.1_ACTIVATION_ROLE: Aductores/secondary usa activation=0.8. || 1.4_NONCANONICAL_MUSCLE: ""Glúteo Mayor"" no pertenece a los 17 padres de ExerciseAnatomy.kt. || 1.5_FREE_EMPHASIS: Emphasis libre ""Cuádriceps / Aductores"" en Cuádriceps.",
706,quads_sentadilla_sumo_kettlebell,Sentadilla Sumo con Kettlebell,Accesorio,Kettlebell,Dominante de Rodilla / Cadera,,2.8,2.2,0.5,2.0,Cuádriceps / Aductores,Cuádriceps:primary:1.0:Cuádriceps / Aductores | Aductores:secondary:0.8: | Glúteo Mayor:secondary:0.7:,0,3,ORANGE,1.1_ACTIVATION_ROLE | 1.4_NONCANONICAL_MUSCLE | 1.5_FREE_EMPHASIS,"1.1_ACTIVATION_ROLE: Aductores/secondary usa activation=0.8. || 1.4_NONCANONICAL_MUSCLE: ""Glúteo Mayor"" no pertenece a los 17 padres de ExerciseAnatomy.kt. || 1.5_FREE_EMPHASIS: Emphasis libre ""Cuádriceps / Aductores"" en Cuádriceps.",YES
707,quads_sentadilla_sumo_maquina_smith,Sentadilla Sumo en Máquina Smith,Accesorio,Máquina Smith,Dominante de Rodilla / Cadera,,2.8,2.2,0.5,2.0,Cuádriceps / Aductores,Cuádriceps:primary:1.0:Cuádriceps / Aductores | Aductores:secondary:0.8: | Glúteo Mayor:secondary:0.7:,0,3,ORANGE,1.1_ACTIVATION_ROLE | 1.4_NONCANONICAL_MUSCLE | 1.5_FREE_EMPHASIS,"1.1_ACTIVATION_ROLE: Aductores/secondary usa activation=0.8. || 1.4_NONCANONICAL_MUSCLE: ""Glúteo Mayor"" no pertenece a los 17 padres de ExerciseAnatomy.kt. || 1.5_FREE_EMPHASIS: Emphasis libre ""Cuádriceps / Aductores"" en Cuádriceps.",
708,quads_sentadilla_v_squat_maquina,Sentadilla en Máquina V-Squat,Accesorio,Máquina,Dominante de Rodilla,,2.8,2.2,0.5,2.0,Cuádriceps Dominante,Cuádriceps:primary:1.0:Cuádriceps Dominante | Glúteo Mayor:secondary:0.6:,0,2,ORANGE,1.4_NONCANONICAL_MUSCLE | 1.5_FREE_EMPHASIS,"1.4_NONCANONICAL_MUSCLE: ""Glúteo Mayor"" no pertenece a los 17 padres de ExerciseAnatomy.kt. || 1.5_FREE_EMPHASIS: Emphasis libre ""Cuádriceps Dominante"" en Cuádriceps.",
709,quads_sentadilla_v_squat_invertida_maquina,Sentadilla Invertida en Máquina V-Squat,Accesorio,Máquina,Dominante de Rodilla,,2.8,2.2,0.5,2.0,Cuádriceps / Glúteo,Cuádriceps:primary:1.0:Cuádriceps / Glúteo | Glúteo Mayor:secondary:0.7:,0,2,ORANGE,1.4_NONCANONICAL_MUSCLE | 1.5_FREE_EMPHASIS,"1.4_NONCANONICAL_MUSCLE: ""Glúteo Mayor"" no pertenece a los 17 padres de ExerciseAnatomy.kt. || 1.5_FREE_EMPHASIS: Emphasis libre ""Cuádriceps / Glúteo"" en Cuádriceps.",
710,quads_sentadilla_jefferson_barra_recta,Sentadilla Jefferson con Barra Recta,Accesorio,Barra,Dominante de Rodilla Asimétrico,,2.8,2.2,0.5,2.0,Cuádriceps / Adutores,Cuádriceps:primary:1.0:Cuádriceps / Adutores | Aductores:secondary:0.7: | Glúteo Mayor:secondary:0.6:,0,2,ORANGE,1.4_NONCANONICAL_MUSCLE | 1.5_FREE_EMPHASIS,"1.4_NONCANONICAL_MUSCLE: ""Glúteo Mayor"" no pertenece a los 17 padres de ExerciseAnatomy.kt. || 1.5_FREE_EMPHASIS: Emphasis libre ""Cuádriceps / Adutores"" en Cuádriceps.",
711,quads_sentadilla_jefferson_mancuerna,Sentadilla Jefferson con Mancuerna,Accesorio,Mancuerna,Dominante de Rodilla Asimétrico,,2.8,2.2,0.5,2.0,Cuádriceps / Aductores,Cuádriceps:primary:1.0:Cuádriceps / Aductores | Aductores:secondary:0.7: | Glúteo Mayor:secondary:0.6:,0,2,ORANGE,1.4_NONCANONICAL_MUSCLE | 1.5_FREE_EMPHASIS,"1.4_NONCANONICAL_MUSCLE: ""Glúteo Mayor"" no pertenece a los 17 padres de ExerciseAnatomy.kt. || 1.5_FREE_EMPHASIS: Emphasis libre ""Cuádriceps / Aductores"" en Cuádriceps.",
712,quads_sentadilla_anderson_barra_recta,Sentadilla Anderson (Pin Squat) con Barra Recta,Accesorio,Barra,Dominante de Rodilla,,2.8,2.2,0.5,2.0,Cuádriceps / Potencia,Cuádriceps:primary:1.0:Cuádriceps / Potencia | Glúteo Mayor:secondary:0.7: | Core:secondary:0.6:,0,2,ORANGE,1.4_NONCANONICAL_MUSCLE | 1.5_FREE_EMPHASIS,"1.4_NONCANONICAL_MUSCLE: ""Glúteo Mayor"" no pertenece a los 17 padres de ExerciseAnatomy.kt. || 1.5_FREE_EMPHASIS: Emphasis libre ""Cuádriceps / Potencia"" en Cuádriceps.",
713,quads_sentadilla_anderson_frontal_barra_recta,Sentadilla Anderson Frontal con Barra Recta,Accesorio,Barra,Dominante de Rodilla,,2.8,2.2,0.5,2.0,Cuádriceps Dominante,Cuádriceps:primary:1.0:Cuádriceps Dominante | Core:secondary:0.7:,0,1,BLUE,1.5_FREE_EMPHASIS,"1.5_FREE_EMPHASIS: Emphasis libre ""Cuádriceps Dominante"" en Cuádriceps.",YES
714,quads_sentadilla_anderson_maquina_smith,Sentadilla Anderson en Máquina Smith,Accesorio,Máquina Smith,Dominante de Rodilla,,2.8,2.2,0.5,2.0,Cuádriceps / Potencia,Cuádriceps:primary:1.0:Cuádriceps / Potencia | Glúteo Mayor:secondary:0.7:,0,2,ORANGE,1.4_NONCANONICAL_MUSCLE | 1.5_FREE_EMPHASIS,"1.4_NONCANONICAL_MUSCLE: ""Glúteo Mayor"" no pertenece a los 17 padres de ExerciseAnatomy.kt. || 1.5_FREE_EMPHASIS: Emphasis libre ""Cuádriceps / Potencia"" en Cuádriceps.",
715,quads_sentadilla_cajon_barra_recta,Sentadilla al Cajón con Barra Recta,Accesorio,Barra,Dominante de Rodilla / Cadera,,2.8,2.2,0.5,2.0,Cuádriceps / Glúteo,Cuádriceps:primary:1.0:Cuádriceps / Glúteo | Glúteo Mayor:secondary:0.7: | Isquiosurales:secondary:0.5:,0,2,ORANGE,1.4_NONCANONICAL_MUSCLE | 1.5_FREE_EMPHASIS,"1.4_NONCANONICAL_MUSCLE: ""Glúteo Mayor"" no pertenece a los 17 padres de ExerciseAnatomy.kt. || 1.5_FREE_EMPHASIS: Emphasis libre ""Cuádriceps / Glúteo"" en Cuádriceps.",
716,quads_sentadilla_cajon_barra_ssb,Sentadilla al Cajón con Barra Safety (SSB),Accesorio,Barra Safety,Dominante de Rodilla,,2.8,2.2,0.5,2.0,Cuádriceps / Glúteo,Cuádriceps:primary:1.0:Cuádriceps / Glúteo | Glúteo Mayor:secondary:0.7:,0,2,ORANGE,1.4_NONCANONICAL_MUSCLE | 1.5_FREE_EMPHASIS,"1.4_NONCANONICAL_MUSCLE: ""Glúteo Mayor"" no pertenece a los 17 padres de ExerciseAnatomy.kt. || 1.5_FREE_EMPHASIS: Emphasis libre ""Cuádriceps / Glúteo"" en Cuádriceps.",
717,quads_sentadilla_cajon_mancuernas,Sentadilla al Cajón con Mancuernas,Accesorio,Mancuerna,Dominante de Rodilla,,2.8,2.2,0.5,2.0,Cuádriceps / Glúteo,Cuádriceps:primary:1.0:Cuádriceps / Glúteo | Glúteo Mayor:secondary:0.7:,0,2,ORANGE,1.4_NONCANONICAL_MUSCLE | 1.5_FREE_EMPHASIS,"1.4_NONCANONICAL_MUSCLE: ""Glúteo Mayor"" no pertenece a los 17 padres de ExerciseAnatomy.kt. || 1.5_FREE_EMPHASIS: Emphasis libre ""Cuádriceps / Glúteo"" en Cuádriceps.",
718,quads_sentadilla_cajon_kettlebell,Sentadilla al Cajón con Kettlebell,Accesorio,Kettlebell,Dominante de Rodilla,,2.8,2.2,0.5,2.0,Cuádriceps / Glúteo,Cuádriceps:primary:1.0:Cuádriceps / Glúteo | Glúteo Mayor:secondary:0.7:,0,2,ORANGE,1.4_NONCANONICAL_MUSCLE | 1.5_FREE_EMPHASIS,"1.4_NONCANONICAL_MUSCLE: ""Glúteo Mayor"" no pertenece a los 17 padres de ExerciseAnatomy.kt. || 1.5_FREE_EMPHASIS: Emphasis libre ""Cuádriceps / Glúteo"" en Cuádriceps.",
719,quads_sentadilla_cajon_maquina_smith,Sentadilla al Cajón en Máquina Smith,Accesorio,Máquina Smith,Dominante de Rodilla,,2.8,2.2,0.5,2.0,Cuádriceps / Glúteo,Cuádriceps:primary:1.0:Cuádriceps / Glúteo | Glúteo Mayor:secondary:0.7:,0,2,ORANGE,1.4_NONCANONICAL_MUSCLE | 1.5_FREE_EMPHASIS,"1.4_NONCANONICAL_MUSCLE: ""Glúteo Mayor"" no pertenece a los 17 padres de ExerciseAnatomy.kt. || 1.5_FREE_EMPHASIS: Emphasis libre ""Cuádriceps / Glúteo"" en Cuádriceps.",
720,quads_sentadilla_hack_unilateral_maquina,Sentadilla Unilateral en Máquina Hack,Accesorio,Máquina,Dominante de Rodilla Unilateral,,2.8,2.2,0.5,2.0,Cuádriceps Unilateral,Cuádriceps:primary:1.0:Cuádriceps Unilateral | Glúteo Mayor:secondary:0.6:,0,2,ORANGE,1.4_NONCANONICAL_MUSCLE | 1.5_FREE_EMPHASIS,"1.4_NONCANONICAL_MUSCLE: ""Glúteo Mayor"" no pertenece a los 17 padres de ExerciseAnatomy.kt. || 1.5_FREE_EMPHASIS: Emphasis libre ""Cuádriceps Unilateral"" en Cuádriceps.",
721,quads_sentadilla_pendulo_unilateral_maquina,Sentadilla Unilateral en Máquina Péndulo,Accesorio,Máquina,Dominante de Rodilla Unilateral,,2.8,2.2,0.5,2.0,Cuádriceps Unilateral,Cuádriceps:primary:1.0:Cuádriceps Unilateral | Glúteo Mayor:secondary:0.6:,0,2,ORANGE,1.4_NONCANONICAL_MUSCLE | 1.5_FREE_EMPHASIS,"1.4_NONCANONICAL_MUSCLE: ""Glúteo Mayor"" no pertenece a los 17 padres de ExerciseAnatomy.kt. || 1.5_FREE_EMPHASIS: Emphasis libre ""Cuádriceps Unilateral"" en Cuádriceps.",
722,quads_sentadilla_belt_squat_unilateral_maquina,Sentadilla Unilateral en Máquina Belt Squat,Accesorio,Máquina,Dominante de Rodilla Unilateral,,2.8,2.2,0.5,2.0,Cuádriceps Unilateral,Cuádriceps:primary:1.0:Cuádriceps Unilateral | Glúteo Mayor:secondary:0.6:,0,2,ORANGE,1.4_NONCANONICAL_MUSCLE | 1.5_FREE_EMPHASIS,"1.4_NONCANONICAL_MUSCLE: ""Glúteo Mayor"" no pertenece a los 17 padres de ExerciseAnatomy.kt. || 1.5_FREE_EMPHASIS: Emphasis libre ""Cuádriceps Unilateral"" en Cuádriceps.",
723,quads_sentadilla_v_squat_unilateral_maquina,Sentadilla Unilateral en Máquina V-Squat,Accesorio,Máquina,Dominante de Rodilla Unilateral,,2.8,2.2,0.5,2.0,Cuádriceps Unilateral,Cuádriceps:primary:1.0:Cuádriceps Unilateral | Glúteo Mayor:secondary:0.6:,0,2,ORANGE,1.4_NONCANONICAL_MUSCLE | 1.5_FREE_EMPHASIS,"1.4_NONCANONICAL_MUSCLE: ""Glúteo Mayor"" no pertenece a los 17 padres de ExerciseAnatomy.kt. || 1.5_FREE_EMPHASIS: Emphasis libre ""Cuádriceps Unilateral"" en Cuádriceps.",
724,quads_zancada_inversa_maquina_hack,Zancada Inversa en Máquina Hack,Accesorio,Máquina,Dominante de Rodilla Unilateral,,2.8,2.2,0.5,2.0,Cuádriceps / Glúteo,Cuádriceps:primary:1.0:Cuádriceps / Glúteo | Glúteo Mayor:secondary:0.7:,0,2,ORANGE,1.4_NONCANONICAL_MUSCLE | 1.5_FREE_EMPHASIS,"1.4_NONCANONICAL_MUSCLE: ""Glúteo Mayor"" no pertenece a los 17 padres de ExerciseAnatomy.kt. || 1.5_FREE_EMPHASIS: Emphasis libre ""Cuádriceps / Glúteo"" en Cuádriceps.",
725,quads_zancada_inversa_maquina_v_squat,Zancada Inversa en Máquina V-Squat,Accesorio,Máquina,Dominante de Rodilla Unilateral,,2.8,2.2,0.5,2.0,Cuádriceps / Glúteo,Cuádriceps:primary:1.0:Cuádriceps / Glúteo | Glúteo Mayor:secondary:0.7:,0,2,ORANGE,1.4_NONCANONICAL_MUSCLE | 1.5_FREE_EMPHASIS,"1.4_NONCANONICAL_MUSCLE: ""Glúteo Mayor"" no pertenece a los 17 padres de ExerciseAnatomy.kt. || 1.5_FREE_EMPHASIS: Emphasis libre ""Cuádriceps / Glúteo"" en Cuádriceps.",
726,quads_sentadilla_bulgara_frontal_barra_recta,Sentadilla Búlgara Frontal con Barra Recta,Accesorio,Barra,Dominante de Rodilla Unilateral,,2.8,2.2,0.5,2.0,Cuádriceps Dominante,Cuádriceps:primary:1.0:Cuádriceps Dominante | Glúteo Mayor:secondary:0.6: | Core:secondary:0.6:,0,2,ORANGE,1.4_NONCANONICAL_MUSCLE | 1.5_FREE_EMPHASIS,"1.4_NONCANONICAL_MUSCLE: ""Glúteo Mayor"" no pertenece a los 17 padres de ExerciseAnatomy.kt. || 1.5_FREE_EMPHASIS: Emphasis libre ""Cuádriceps Dominante"" en Cuádriceps.",
727,quads_sentadilla_bulgara_zercher_barra_recta,Sentadilla Búlgara Zercher con Barra Recta,Accesorio,Barra,Dominante de Rodilla Unilateral,,2.8,2.2,0.5,2.0,Cuádriceps / Core,Cuádriceps:primary:1.0:Cuádriceps / Core | Glúteo Mayor:secondary:0.6: | Core:secondary:0.7:,0,2,ORANGE,1.4_NONCANONICAL_MUSCLE | 1.5_FREE_EMPHASIS,"1.4_NONCANONICAL_MUSCLE: ""Glúteo Mayor"" no pertenece a los 17 padres de ExerciseAnatomy.kt. || 1.5_FREE_EMPHASIS: Emphasis libre ""Cuádriceps / Core"" en Cuádriceps.",
728,quads_sentadilla_bulgara_maquina_belt_squat,Sentadilla Búlgara en Máquina Belt Squat,Accesorio,Máquina,Dominante de Rodilla Unilateral,,2.8,2.2,0.5,2.0,Cuádriceps Dominante,Cuádriceps:primary:1.0:Cuádriceps Dominante | Glúteo Mayor:secondary:0.7:,0,2,ORANGE,1.4_NONCANONICAL_MUSCLE | 1.5_FREE_EMPHASIS,"1.4_NONCANONICAL_MUSCLE: ""Glúteo Mayor"" no pertenece a los 17 padres de ExerciseAnatomy.kt. || 1.5_FREE_EMPHASIS: Emphasis libre ""Cuádriceps Dominante"" en Cuádriceps.",
729,quads_sentadilla_bulgara_maquina_v_squat,Sentadilla Búlgara en Máquina V-Squat,Accesorio,Máquina,Dominante de Rodilla Unilateral,,2.8,2.2,0.5,2.0,Cuádriceps Dominante,Cuádriceps:primary:1.0:Cuádriceps Dominante | Glúteo Mayor:secondary:0.7:,0,2,ORANGE,1.4_NONCANONICAL_MUSCLE | 1.5_FREE_EMPHASIS,"1.4_NONCANONICAL_MUSCLE: ""Glúteo Mayor"" no pertenece a los 17 padres de ExerciseAnatomy.kt. || 1.5_FREE_EMPHASIS: Emphasis libre ""Cuádriceps Dominante"" en Cuádriceps.",
730,quads_sentadilla_bulgara_somersault_barra_recta,Sentadilla Búlgara Estilo Somersault con Barra Recta,Accesorio,Barra,Dominante de Rodilla Unilateral,,2.8,2.2,0.5,2.0,Vasto Lateral / Cuádriceps,Cuádriceps:primary:1.0:Vasto Lateral / Cuádriceps | Glúteo Mayor:secondary:0.5:,0,2,ORANGE,1.4_NONCANONICAL_MUSCLE | 1.5_FREE_EMPHASIS,"1.4_NONCANONICAL_MUSCLE: ""Glúteo Mayor"" no pertenece a los 17 padres de ExerciseAnatomy.kt. || 1.5_FREE_EMPHASIS: Emphasis libre ""Vasto Lateral / Cuádriceps"" en Cuádriceps.",
731,quads_sentadilla_bulgara_somersault_maquina_smith,Sentadilla Búlgara Estilo Somersault en Máquina Smith,Accesorio,Máquina Smith,Dominante de Rodilla Unilateral,,2.8,2.2,0.5,2.0,Vasto Lateral / Cuádriceps,Cuádriceps:primary:1.0:Vasto Lateral / Cuádriceps | Glúteo Mayor:secondary:0.5:,0,2,ORANGE,1.4_NONCANONICAL_MUSCLE | 1.5_FREE_EMPHASIS,"1.4_NONCANONICAL_MUSCLE: ""Glúteo Mayor"" no pertenece a los 17 padres de ExerciseAnatomy.kt. || 1.5_FREE_EMPHASIS: Emphasis libre ""Vasto Lateral / Cuádriceps"" en Cuádriceps.",
732,quads_sentadilla_bulgara_jefferson_barra_recta,Sentadilla Búlgara Estilo Jefferson con Barra Recta,Accesorio,Barra,Dominante de Rodilla Unilateral Asimétrico,,2.8,2.2,0.5,2.0,Cuádriceps / Aductores,Cuádriceps:primary:1.0:Cuádriceps / Aductores | Aductores:secondary:0.7: | Glúteo Mayor:secondary:0.6:,0,2,ORANGE,1.4_NONCANONICAL_MUSCLE | 1.5_FREE_EMPHASIS,"1.4_NONCANONICAL_MUSCLE: ""Glúteo Mayor"" no pertenece a los 17 padres de ExerciseAnatomy.kt. || 1.5_FREE_EMPHASIS: Emphasis libre ""Cuádriceps / Aductores"" en Cuádriceps.",
733,quads_sentadilla_bulgara_maquina_hack,Sentadilla Búlgara en Máquina Hack,Accesorio,Máquina,Dominante de Rodilla Unilateral,,2.8,2.2,0.5,2.0,Cuádriceps Unilateral,Cuádriceps:primary:1.0:Cuádriceps Unilateral | Glúteo Mayor:secondary:0.6:,0,2,ORANGE,1.4_NONCANONICAL_MUSCLE | 1.5_FREE_EMPHASIS,"1.4_NONCANONICAL_MUSCLE: ""Glúteo Mayor"" no pertenece a los 17 padres de ExerciseAnatomy.kt. || 1.5_FREE_EMPHASIS: Emphasis libre ""Cuádriceps Unilateral"" en Cuádriceps.",
734,quads_sentadilla_bulgara_frontal_mancuernas,Sentadilla Búlgara Frontal con Mancuernas,Accesorio,Mancuerna,Dominante de Rodilla Unilateral,,2.8,2.2,0.5,2.0,Cuádriceps Unilateral,Cuádriceps:primary:1.0:Cuádriceps Unilateral | Glúteo Mayor:secondary:0.6:,0,2,ORANGE,1.4_NONCANONICAL_MUSCLE | 1.5_FREE_EMPHASIS,"1.4_NONCANONICAL_MUSCLE: ""Glúteo Mayor"" no pertenece a los 17 padres de ExerciseAnatomy.kt. || 1.5_FREE_EMPHASIS: Emphasis libre ""Cuádriceps Unilateral"" en Cuádriceps.",
735,quads_sentadilla_bulgara_frontal_kettlebell,Sentadilla Búlgara Frontal con Kettlebells,Accesorio,Kettlebell,Dominante de Rodilla Unilateral,,2.8,2.2,0.5,2.0,Cuádriceps Unilateral,Cuádriceps:primary:1.0:Cuádriceps Unilateral | Glúteo Mayor:secondary:0.6:,0,2,ORANGE,1.4_NONCANONICAL_MUSCLE | 1.5_FREE_EMPHASIS,"1.4_NONCANONICAL_MUSCLE: ""Glúteo Mayor"" no pertenece a los 17 padres de ExerciseAnatomy.kt. || 1.5_FREE_EMPHASIS: Emphasis libre ""Cuádriceps Unilateral"" en Cuádriceps.",
736,quads_sentadilla_bulgara_frontal_maquina_smith,Sentadilla Búlgara Frontal en Máquina Smith,Accesorio,Máquina Smith,Dominante de Rodilla Unilateral,,2.8,2.2,0.5,2.0,Cuádriceps Unilateral,Cuádriceps:primary:1.0:Cuádriceps Unilateral | Glúteo Mayor:secondary:0.6:,0,2,ORANGE,1.4_NONCANONICAL_MUSCLE | 1.5_FREE_EMPHASIS,"1.4_NONCANONICAL_MUSCLE: ""Glúteo Mayor"" no pertenece a los 17 padres de ExerciseAnatomy.kt. || 1.5_FREE_EMPHASIS: Emphasis libre ""Cuádriceps Unilateral"" en Cuádriceps.",
737,quads_sentadilla_bulgara_zercher_maquina_smith,Sentadilla Búlgara Zercher en Máquina Smith,Accesorio,Máquina Smith,Dominante de Rodilla Unilateral,,2.8,2.2,0.5,2.0,Cuádriceps Unilateral,Cuádriceps:primary:1.0:Cuádriceps Unilateral | Glúteo Mayor:secondary:0.6:,0,2,ORANGE,1.4_NONCANONICAL_MUSCLE | 1.5_FREE_EMPHASIS,"1.4_NONCANONICAL_MUSCLE: ""Glúteo Mayor"" no pertenece a los 17 padres de ExerciseAnatomy.kt. || 1.5_FREE_EMPHASIS: Emphasis libre ""Cuádriceps Unilateral"" en Cuádriceps.",
738,quads_sentadilla_bulgara_somersault_mancuerna,Sentadilla Búlgara Estilo Somersault con Mancuerna,Accesorio,Mancuerna,Dominante de Rodilla Unilateral,,2.8,2.2,0.5,2.0,Cuádriceps Unilateral,Cuádriceps:primary:1.0:Cuádriceps Unilateral | Glúteo Mayor:secondary:0.6:,0,2,ORANGE,1.4_NONCANONICAL_MUSCLE | 1.5_FREE_EMPHASIS,"1.4_NONCANONICAL_MUSCLE: ""Glúteo Mayor"" no pertenece a los 17 padres de ExerciseAnatomy.kt. || 1.5_FREE_EMPHASIS: Emphasis libre ""Cuádriceps Unilateral"" en Cuádriceps.",YES
739,quads_sentadilla_bulgara_somersault_kettlebell,Sentadilla Búlgara Estilo Somersault con Kettlebell,Accesorio,Kettlebell,Dominante de Rodilla Unilateral,,2.8,2.2,0.5,2.0,Cuádriceps Unilateral,Cuádriceps:primary:1.0:Cuádriceps Unilateral | Glúteo Mayor:secondary:0.6:,0,2,ORANGE,1.4_NONCANONICAL_MUSCLE | 1.5_FREE_EMPHASIS,"1.4_NONCANONICAL_MUSCLE: ""Glúteo Mayor"" no pertenece a los 17 padres de ExerciseAnatomy.kt. || 1.5_FREE_EMPHASIS: Emphasis libre ""Cuádriceps Unilateral"" en Cuádriceps.",
740,quads_sentadilla_bulgara_jefferson_mancuerna,Sentadilla Búlgara Estilo Jefferson con Mancuerna,Accesorio,Mancuerna,Dominante de Rodilla Unilateral Asimétrico,,2.8,2.2,0.5,2.0,Cuádriceps Unilateral,Cuádriceps:primary:1.0:Cuádriceps Unilateral | Glúteo Mayor:secondary:0.6:,0,2,ORANGE,1.4_NONCANONICAL_MUSCLE | 1.5_FREE_EMPHASIS,"1.4_NONCANONICAL_MUSCLE: ""Glúteo Mayor"" no pertenece a los 17 padres de ExerciseAnatomy.kt. || 1.5_FREE_EMPHASIS: Emphasis libre ""Cuádriceps Unilateral"" en Cuádriceps.",
741,quads_sentadilla_bulgara_jefferson_kettlebell,Sentadilla Búlgara Estilo Jefferson con Kettlebell,Accesorio,Kettlebell,Dominante de Rodilla Unilateral Asimétrico,,2.8,2.2,0.5,2.0,Cuádriceps Unilateral,Cuádriceps:primary:1.0:Cuádriceps Unilateral | Glúteo Mayor:secondary:0.6:,0,2,ORANGE,1.4_NONCANONICAL_MUSCLE | 1.5_FREE_EMPHASIS,"1.4_NONCANONICAL_MUSCLE: ""Glúteo Mayor"" no pertenece a los 17 padres de ExerciseAnatomy.kt. || 1.5_FREE_EMPHASIS: Emphasis libre ""Cuádriceps Unilateral"" en Cuádriceps.",
742,quads_sentadilla_bulgara_jefferson_maquina_smith,Sentadilla Búlgara Estilo Jefferson en Máquina Smith,Accesorio,Máquina Smith,Dominante de Rodilla Unilateral Asimétrico,,2.8,2.2,0.5,2.0,Cuádriceps Unilateral,Cuádriceps:primary:1.0:Cuádriceps Unilateral | Glúteo Mayor:secondary:0.6:,0,2,ORANGE,1.4_NONCANONICAL_MUSCLE | 1.5_FREE_EMPHASIS,"1.4_NONCANONICAL_MUSCLE: ""Glúteo Mayor"" no pertenece a los 17 padres de ExerciseAnatomy.kt. || 1.5_FREE_EMPHASIS: Emphasis libre ""Cuádriceps Unilateral"" en Cuádriceps.",
743,quads_step_up_cajon_frontal_barra_recta,Step-Up al Cajón Frontal con Barra Recta,Accesorio,Barra,Dominante de Rodilla Unilateral,,2.8,2.2,0.5,2.0,Cuádriceps Unilateral,Cuádriceps:primary:1.0:Cuádriceps Unilateral | Glúteo Mayor:secondary:0.6:,0,2,ORANGE,1.4_NONCANONICAL_MUSCLE | 1.5_FREE_EMPHASIS,"1.4_NONCANONICAL_MUSCLE: ""Glúteo Mayor"" no pertenece a los 17 padres de ExerciseAnatomy.kt. || 1.5_FREE_EMPHASIS: Emphasis libre ""Cuádriceps Unilateral"" en Cuádriceps.",
744,quads_step_up_cajon_frontal_maquina_smith,Step-Up al Cajón Frontal en Máquina Smith,Accesorio,Máquina Smith,Dominante de Rodilla Unilateral,,2.8,2.2,0.5,2.0,Cuádriceps Unilateral,Cuádriceps:primary:1.0:Cuádriceps Unilateral | Glúteo Mayor:secondary:0.6:,0,2,ORANGE,1.4_NONCANONICAL_MUSCLE | 1.5_FREE_EMPHASIS,"1.4_NONCANONICAL_MUSCLE: ""Glúteo Mayor"" no pertenece a los 17 padres de ExerciseAnatomy.kt. || 1.5_FREE_EMPHASIS: Emphasis libre ""Cuádriceps Unilateral"" en Cuádriceps.",
745,quads_step_up_cajon_zercher_barra_recta,Step-Up al Cajón Zercher con Barra Recta,Accesorio,Barra,Dominante de Rodilla Unilateral,,2.8,2.2,0.5,2.0,Cuádriceps Unilateral,Cuádriceps:primary:1.0:Cuádriceps Unilateral | Glúteo Mayor:secondary:0.6:,0,2,ORANGE,1.4_NONCANONICAL_MUSCLE | 1.5_FREE_EMPHASIS,"1.4_NONCANONICAL_MUSCLE: ""Glúteo Mayor"" no pertenece a los 17 padres de ExerciseAnatomy.kt. || 1.5_FREE_EMPHASIS: Emphasis libre ""Cuádriceps Unilateral"" en Cuádriceps.",
746,quads_step_up_cajon_zercher_maquina_smith,Step-Up al Cajón Zercher en Máquina Smith,Accesorio,Máquina Smith,Dominante de Rodilla Unilateral,,2.8,2.2,0.5,2.0,Cuádriceps Unilateral,Cuádriceps:primary:1.0:Cuádriceps Unilateral | Glúteo Mayor:secondary:0.6:,0,2,ORANGE,1.4_NONCANONICAL_MUSCLE | 1.5_FREE_EMPHASIS,"1.4_NONCANONICAL_MUSCLE: ""Glúteo Mayor"" no pertenece a los 17 padres de ExerciseAnatomy.kt. || 1.5_FREE_EMPHASIS: Emphasis libre ""Cuádriceps Unilateral"" en Cuádriceps.",
747,quads_zancada_frontal_zercher_barra_recta,Zancada Frontal Zercher con Barra Recta,Accesorio,Barra,Dominante de Rodilla Unilateral,,2.8,2.2,0.5,2.0,Cuádriceps Unilateral,Cuádriceps:primary:1.0:Cuádriceps Unilateral | Glúteo Mayor:secondary:0.6:,0,2,ORANGE,1.4_NONCANONICAL_MUSCLE | 1.5_FREE_EMPHASIS,"1.4_NONCANONICAL_MUSCLE: ""Glúteo Mayor"" no pertenece a los 17 padres de ExerciseAnatomy.kt. || 1.5_FREE_EMPHASIS: Emphasis libre ""Cuádriceps Unilateral"" en Cuádriceps.",
748,quads_zancada_frontal_zercher_maquina_smith,Zancada Frontal Zercher en Máquina Smith,Accesorio,Máquina Smith,Dominante de Rodilla Unilateral,,2.8,2.2,0.5,2.0,Cuádriceps Unilateral,Cuádriceps:primary:1.0:Cuádriceps Unilateral | Glúteo Mayor:secondary:0.6:,0,2,ORANGE,1.4_NONCANONICAL_MUSCLE | 1.5_FREE_EMPHASIS,"1.4_NONCANONICAL_MUSCLE: ""Glúteo Mayor"" no pertenece a los 17 padres de ExerciseAnatomy.kt. || 1.5_FREE_EMPHASIS: Emphasis libre ""Cuádriceps Unilateral"" en Cuádriceps.",
749,quads_zancada_inversa_frontal_barra_recta,Zancada Inversa Frontal con Barra Recta,Accesorio,Barra,Dominante de Rodilla Unilateral,,2.8,2.2,0.5,2.0,Cuádriceps Unilateral,Cuádriceps:primary:1.0:Cuádriceps Unilateral | Glúteo Mayor:secondary:0.6:,0,2,ORANGE,1.4_NONCANONICAL_MUSCLE | 1.5_FREE_EMPHASIS,"1.4_NONCANONICAL_MUSCLE: ""Glúteo Mayor"" no pertenece a los 17 padres de ExerciseAnatomy.kt. || 1.5_FREE_EMPHASIS: Emphasis libre ""Cuádriceps Unilateral"" en Cuádriceps.",
750,quads_zancada_inversa_frontal_maquina_smith,Zancada Inversa Frontal en Máquina Smith,Accesorio,Máquina Smith,Dominante de Rodilla Unilateral,,2.8,2.2,0.5,2.0,Cuádriceps Unilateral,Cuádriceps:primary:1.0:Cuádriceps Unilateral | Glúteo Mayor:secondary:0.6:,0,2,ORANGE,1.4_NONCANONICAL_MUSCLE | 1.5_FREE_EMPHASIS,"1.4_NONCANONICAL_MUSCLE: ""Glúteo Mayor"" no pertenece a los 17 padres de ExerciseAnatomy.kt. || 1.5_FREE_EMPHASIS: Emphasis libre ""Cuádriceps Unilateral"" en Cuádriceps.",
751,quads_zancada_inversa_zercher_barra_recta,Zancada Inversa Zercher con Barra Recta,Accesorio,Barra,Dominante de Rodilla Unilateral,,2.8,2.2,0.5,2.0,Cuádriceps Unilateral,Cuádriceps:primary:1.0:Cuádriceps Unilateral | Glúteo Mayor:secondary:0.6:,0,2,ORANGE,1.4_NONCANONICAL_MUSCLE | 1.5_FREE_EMPHASIS,"1.4_NONCANONICAL_MUSCLE: ""Glúteo Mayor"" no pertenece a los 17 padres de ExerciseAnatomy.kt. || 1.5_FREE_EMPHASIS: Emphasis libre ""Cuádriceps Unilateral"" en Cuádriceps.",
752,quads_zancada_inversa_zercher_maquina_smith,Zancada Inversa Zercher en Máquina Smith,Accesorio,Máquina Smith,Dominante de Rodilla Unilateral,,2.8,2.2,0.5,2.0,Cuádriceps Unilateral,Cuádriceps:primary:1.0:Cuádriceps Unilateral | Glúteo Mayor:secondary:0.6:,0,2,ORANGE,1.4_NONCANONICAL_MUSCLE | 1.5_FREE_EMPHASIS,"1.4_NONCANONICAL_MUSCLE: ""Glúteo Mayor"" no pertenece a los 17 padres de ExerciseAnatomy.kt. || 1.5_FREE_EMPHASIS: Emphasis libre ""Cuádriceps Unilateral"" en Cuádriceps.",
753,quads_zancada_caminando_frontal_barra_recta,Zancada Caminando Frontal con Barra Recta,Accesorio,Barra,Dominante de Rodilla Unilateral,,2.8,2.2,0.5,2.0,Cuádriceps Unilateral,Cuádriceps:primary:1.0:Cuádriceps Unilateral | Glúteo Mayor:secondary:0.6:,0,2,ORANGE,1.4_NONCANONICAL_MUSCLE | 1.5_FREE_EMPHASIS,"1.4_NONCANONICAL_MUSCLE: ""Glúteo Mayor"" no pertenece a los 17 padres de ExerciseAnatomy.kt. || 1.5_FREE_EMPHASIS: Emphasis libre ""Cuádriceps Unilateral"" en Cuádriceps.",
754,quads_zancada_caminando_zercher_barra_recta,Zancada Caminando Zercher con Barra Recta,Accesorio,Barra,Dominante de Rodilla Unilateral,,2.8,2.2,0.5,2.0,Cuádriceps Unilateral,Cuádriceps:primary:1.0:Cuádriceps Unilateral | Glúteo Mayor:secondary:0.6:,0,2,ORANGE,1.4_NONCANONICAL_MUSCLE | 1.5_FREE_EMPHASIS,"1.4_NONCANONICAL_MUSCLE: ""Glúteo Mayor"" no pertenece a los 17 padres de ExerciseAnatomy.kt. || 1.5_FREE_EMPHASIS: Emphasis libre ""Cuádriceps Unilateral"" en Cuádriceps.",
755,quads_sentadilla_sumo_frontal_barra_recta,Sentadilla Sumo Frontal con Barra Recta,Accesorio,Barra,Dominante de Rodilla / Cadera,,2.8,2.2,0.5,2.0,Cuádriceps / Aductores,Cuádriceps:primary:1.0:Cuádriceps / Aductores | Aductores:secondary:0.8: | Glúteo Mayor:secondary:0.7: | Core:secondary:0.6:,0,3,ORANGE,1.1_ACTIVATION_ROLE | 1.4_NONCANONICAL_MUSCLE | 1.5_FREE_EMPHASIS,"1.1_ACTIVATION_ROLE: Aductores/secondary usa activation=0.8. || 1.4_NONCANONICAL_MUSCLE: ""Glúteo Mayor"" no pertenece a los 17 padres de ExerciseAnatomy.kt. || 1.5_FREE_EMPHASIS: Emphasis libre ""Cuádriceps / Aductores"" en Cuádriceps.",
756,quads_sentadilla_sumo_frontal_mancuernas,Sentadilla Sumo Frontal con Mancuernas,Accesorio,Mancuerna,Dominante de Rodilla / Cadera,,2.8,2.2,0.5,2.0,Cuádriceps / Aductores,Cuádriceps:primary:1.0:Cuádriceps / Aductores | Aductores:secondary:0.8: | Glúteo Mayor:secondary:0.7:,0,3,ORANGE,1.1_ACTIVATION_ROLE | 1.4_NONCANONICAL_MUSCLE | 1.5_FREE_EMPHASIS,"1.1_ACTIVATION_ROLE: Aductores/secondary usa activation=0.8. || 1.4_NONCANONICAL_MUSCLE: ""Glúteo Mayor"" no pertenece a los 17 padres de ExerciseAnatomy.kt. || 1.5_FREE_EMPHASIS: Emphasis libre ""Cuádriceps / Aductores"" en Cuádriceps.",
757,quads_sentadilla_sumo_frontal_kettlebell,Sentadilla Sumo Frontal con Kettlebells,Accesorio,Kettlebell,Dominante de Rodilla / Cadera,,2.8,2.2,0.5,2.0,Cuádriceps / Aductores,Cuádriceps:primary:1.0:Cuádriceps / Aductores | Aductores:secondary:0.8: | Glúteo Mayor:secondary:0.7:,0,3,ORANGE,1.1_ACTIVATION_ROLE | 1.4_NONCANONICAL_MUSCLE | 1.5_FREE_EMPHASIS,"1.1_ACTIVATION_ROLE: Aductores/secondary usa activation=0.8. || 1.4_NONCANONICAL_MUSCLE: ""Glúteo Mayor"" no pertenece a los 17 padres de ExerciseAnatomy.kt. || 1.5_FREE_EMPHASIS: Emphasis libre ""Cuádriceps / Aductores"" en Cuádriceps.",
758,quads_sentadilla_sumo_frontal_maquina_smith,Sentadilla Sumo Frontal en Máquina Smith,Accesorio,Máquina Smith,Dominante de Rodilla / Cadera,,2.8,2.2,0.5,2.0,Cuádriceps / Aductores,Cuádriceps:primary:1.0:Cuádriceps / Aductores | Aductores:secondary:0.8: | Glúteo Mayor:secondary:0.7: | Core:secondary:0.6:,0,3,ORANGE,1.1_ACTIVATION_ROLE | 1.4_NONCANONICAL_MUSCLE | 1.5_FREE_EMPHASIS,"1.1_ACTIVATION_ROLE: Aductores/secondary usa activation=0.8. || 1.4_NONCANONICAL_MUSCLE: ""Glúteo Mayor"" no pertenece a los 17 padres de ExerciseAnatomy.kt. || 1.5_FREE_EMPHASIS: Emphasis libre ""Cuádriceps / Aductores"" en Cuádriceps.",
759,quads_sentadilla_sumo_zercher_barra_recta,Sentadilla Sumo Zercher con Barra Recta,Accesorio,Barra,Dominante de Rodilla / Cadera,,2.8,2.2,0.5,2.0,Cuádriceps / Aductores / Core,Cuádriceps:primary:1.0:Cuádriceps / Aductores / Core | Aductores:secondary:0.8: | Glúteo Mayor:secondary:0.7: | Core:secondary:0.7:,0,3,ORANGE,1.1_ACTIVATION_ROLE | 1.4_NONCANONICAL_MUSCLE | 1.5_FREE_EMPHASIS,"1.1_ACTIVATION_ROLE: Aductores/secondary usa activation=0.8. || 1.4_NONCANONICAL_MUSCLE: ""Glúteo Mayor"" no pertenece a los 17 padres de ExerciseAnatomy.kt. || 1.5_FREE_EMPHASIS: Emphasis libre ""Cuádriceps / Aductores / Core"" en Cuádriceps.",YES
760,quads_sentadilla_sumo_zercher_maquina_smith,Sentadilla Sumo Zercher en Máquina Smith,Accesorio,Máquina Smith,Dominante de Rodilla / Cadera,,2.8,2.2,0.5,2.0,Cuádriceps / Aductores / Core,Cuádriceps:primary:1.0:Cuádriceps / Aductores / Core | Aductores:secondary:0.8: | Glúteo Mayor:secondary:0.7: | Core:secondary:0.7:,0,3,ORANGE,1.1_ACTIVATION_ROLE | 1.4_NONCANONICAL_MUSCLE | 1.5_FREE_EMPHASIS,"1.1_ACTIVATION_ROLE: Aductores/secondary usa activation=0.8. || 1.4_NONCANONICAL_MUSCLE: ""Glúteo Mayor"" no pertenece a los 17 padres de ExerciseAnatomy.kt. || 1.5_FREE_EMPHASIS: Emphasis libre ""Cuádriceps / Aductores / Core"" en Cuádriceps.",
761,quads_sentadilla_sissy_barra_recta,Sentadilla Sissy con Barra Recta,Accesorio,Barra,Dominante Rodilla / Estiramiento,,2.8,2.2,0.5,2.0,Recto Femoral / Cuádriceps,Cuádriceps:primary:1.0:Recto Femoral / Cuádriceps | Core:secondary:0.5:,0,0,,,,
762,quads_sentadilla_sissy_frontal_barra_recta,Sentadilla Sissy Frontal con Barra Recta,Accesorio,Barra,Dominante Rodilla / Estiramiento,,2.8,2.2,0.5,2.0,Recto Femoral / Cuádriceps,Cuádriceps:primary:1.0:Recto Femoral / Cuádriceps | Core:secondary:0.6:,0,0,,,,
763,quads_sentadilla_sissy_zercher_barra_recta,Sentadilla Sissy Zercher con Barra Recta,Accesorio,Barra,Dominante Rodilla / Estiramiento,,2.8,2.2,0.5,2.0,Recto Femoral / Cuádriceps,Cuádriceps:primary:1.0:Recto Femoral / Cuádriceps | Core:secondary:0.6:,0,0,,,,
764,quads_sentadilla_cosaca_unilateral_peso_corporal,Sentadilla Cosaca Unilateral con Peso Corporal,Accesorio,Peso Corporal,Dominante Rodilla Lateral Unilateral,,2.8,2.2,0.5,2.0,Cuádriceps / Aductores,Cuádriceps:primary:1.0:Cuádriceps / Aductores | Aductores:secondary:0.8: | Glúteo Mayor:secondary:0.6:,0,3,ORANGE,1.1_ACTIVATION_ROLE | 1.4_NONCANONICAL_MUSCLE | 1.5_FREE_EMPHASIS,"1.1_ACTIVATION_ROLE: Aductores/secondary usa activation=0.8. || 1.4_NONCANONICAL_MUSCLE: ""Glúteo Mayor"" no pertenece a los 17 padres de ExerciseAnatomy.kt. || 1.5_FREE_EMPHASIS: Emphasis libre ""Cuádriceps / Aductores"" en Cuádriceps.",
765,quads_sentadilla_cosaca_unilateral_mancuerna,Sentadilla Cosaca Unilateral con Mancuerna,Accesorio,Mancuerna,Dominante Rodilla Lateral Unilateral,,2.8,2.2,0.5,2.0,Cuádriceps / Aductores,Cuádriceps:primary:1.0:Cuádriceps / Aductores | Aductores:secondary:0.8: | Glúteo Mayor:secondary:0.6:,0,3,ORANGE,1.1_ACTIVATION_ROLE | 1.4_NONCANONICAL_MUSCLE | 1.5_FREE_EMPHASIS,"1.1_ACTIVATION_ROLE: Aductores/secondary usa activation=0.8. || 1.4_NONCANONICAL_MUSCLE: ""Glúteo Mayor"" no pertenece a los 17 padres de ExerciseAnatomy.kt. || 1.5_FREE_EMPHASIS: Emphasis libre ""Cuádriceps / Aductores"" en Cuádriceps.",
766,quads_sentadilla_cosaca_unilateral_kettlebell,Sentadilla Cosaca Unilateral con Kettlebell,Accesorio,Kettlebell,Dominante Rodilla Lateral Unilateral,,2.8,2.2,0.5,2.0,Cuádriceps / Aductores,Cuádriceps:primary:1.0:Cuádriceps / Aductores | Aductores:secondary:0.8: | Glúteo Mayor:secondary:0.6:,0,3,ORANGE,1.1_ACTIVATION_ROLE | 1.4_NONCANONICAL_MUSCLE | 1.5_FREE_EMPHASIS,"1.1_ACTIVATION_ROLE: Aductores/secondary usa activation=0.8. || 1.4_NONCANONICAL_MUSCLE: ""Glúteo Mayor"" no pertenece a los 17 padres de ExerciseAnatomy.kt. || 1.5_FREE_EMPHASIS: Emphasis libre ""Cuádriceps / Aductores"" en Cuádriceps.",
767,quads_sentadilla_cosaca_unilateral_barra_recta,Sentadilla Cosaca Unilateral con Barra Recta,Accesorio,Barra,Dominante Rodilla Lateral Unilateral,,2.8,2.2,0.5,2.0,Cuádriceps / Aductores,Cuádriceps:primary:1.0:Cuádriceps / Aductores | Aductores:secondary:0.8: | Glúteo Mayor:secondary:0.6:,0,3,ORANGE,1.1_ACTIVATION_ROLE | 1.4_NONCANONICAL_MUSCLE | 1.5_FREE_EMPHASIS,"1.1_ACTIVATION_ROLE: Aductores/secondary usa activation=0.8. || 1.4_NONCANONICAL_MUSCLE: ""Glúteo Mayor"" no pertenece a los 17 padres de ExerciseAnatomy.kt. || 1.5_FREE_EMPHASIS: Emphasis libre ""Cuádriceps / Aductores"" en Cuádriceps.",
768,quads_sentadilla_cosaca_barra_recta,Sentadilla Cosaca con Barra Recta,Accesorio,Barra,Dominante Rodilla Lateral,,2.8,2.2,0.5,2.0,Cuádriceps / Aductores,Cuádriceps:primary:1.0:Cuádriceps / Aductores | Aductores:secondary:0.8: | Glúteo Mayor:secondary:0.6:,0,3,ORANGE,1.1_ACTIVATION_ROLE | 1.4_NONCANONICAL_MUSCLE | 1.5_FREE_EMPHASIS,"1.1_ACTIVATION_ROLE: Aductores/secondary usa activation=0.8. || 1.4_NONCANONICAL_MUSCLE: ""Glúteo Mayor"" no pertenece a los 17 padres de ExerciseAnatomy.kt. || 1.5_FREE_EMPHASIS: Emphasis libre ""Cuádriceps / Aductores"" en Cuádriceps.",YES
769,quads_sentadilla_cosaca_mancuerna,Sentadilla Cosaca con Mancuerna,Accesorio,Mancuerna,Dominante Rodilla Lateral,,2.8,2.2,0.5,2.0,Cuádriceps / Aductores,Cuádriceps:primary:1.0:Cuádriceps / Aductores | Aductores:secondary:0.8: | Glúteo Mayor:secondary:0.6:,0,3,ORANGE,1.1_ACTIVATION_ROLE | 1.4_NONCANONICAL_MUSCLE | 1.5_FREE_EMPHASIS,"1.1_ACTIVATION_ROLE: Aductores/secondary usa activation=0.8. || 1.4_NONCANONICAL_MUSCLE: ""Glúteo Mayor"" no pertenece a los 17 padres de ExerciseAnatomy.kt. || 1.5_FREE_EMPHASIS: Emphasis libre ""Cuádriceps / Aductores"" en Cuádriceps.",
770,quads_sentadilla_cosaca_disco,Sentadilla Cosaca con Disco,Accesorio,Disco,Dominante Rodilla Lateral,,2.8,2.2,0.5,2.0,Cuádriceps / Aductores,Cuádriceps:primary:1.0:Cuádriceps / Aductores | Aductores:secondary:0.8: | Glúteo Mayor:secondary:0.6:,0,3,ORANGE,1.1_ACTIVATION_ROLE | 1.4_NONCANONICAL_MUSCLE | 1.5_FREE_EMPHASIS,"1.1_ACTIVATION_ROLE: Aductores/secondary usa activation=0.8. || 1.4_NONCANONICAL_MUSCLE: ""Glúteo Mayor"" no pertenece a los 17 padres de ExerciseAnatomy.kt. || 1.5_FREE_EMPHASIS: Emphasis libre ""Cuádriceps / Aductores"" en Cuádriceps.",
771,quads_sentadilla_cosaca_unilateral_disco,Sentadilla Cosaca Unilateral con Disco,Accesorio,Disco,Dominante Rodilla Lateral Unilateral,,2.8,2.2,0.5,2.0,Cuádriceps / Aductores,Cuádriceps:primary:1.0:Cuádriceps / Aductores | Aductores:secondary:0.8: | Glúteo Mayor:secondary:0.6:,0,3,ORANGE,1.1_ACTIVATION_ROLE | 1.4_NONCANONICAL_MUSCLE | 1.5_FREE_EMPHASIS,"1.1_ACTIVATION_ROLE: Aductores/secondary usa activation=0.8. || 1.4_NONCANONICAL_MUSCLE: ""Glúteo Mayor"" no pertenece a los 17 padres de ExerciseAnatomy.kt. || 1.5_FREE_EMPHASIS: Emphasis libre ""Cuádriceps / Aductores"" en Cuádriceps.",
772,glutes_hip_thrust_barra_recta,Hip Thrust con Barra Recta,Accesorio,Barra,Extensión Cadera,,2.8,2.2,0.5,2.0,Glúteo Mayor,Glúteo Mayor:primary:1.0:Glúteo Mayor | Isquiosurales:secondary:0.5: | Cuádriceps:secondary:0.4:,0,1,ORANGE,1.4_NONCANONICAL_MUSCLE,"1.4_NONCANONICAL_MUSCLE: ""Glúteo Mayor"" no pertenece a los 17 padres de ExerciseAnatomy.kt.",
773,glutes_hip_thrust_mancuerna,Hip Thrust con Mancuerna,Accesorio,Mancuerna,Extensión Cadera,,2.8,2.2,0.5,2.0,Glúteo Mayor,Glúteo Mayor:primary:1.0:Glúteo Mayor | Isquiosurales:secondary:0.5:,0,1,ORANGE,1.4_NONCANONICAL_MUSCLE,"1.4_NONCANONICAL_MUSCLE: ""Glúteo Mayor"" no pertenece a los 17 padres de ExerciseAnatomy.kt.",
774,glutes_hip_thrust_kettlebell,Hip Thrust con Kettlebell,Accesorio,Kettlebell,Extensión Cadera,,2.8,2.2,0.5,2.0,Glúteo Mayor,Glúteo Mayor:primary:1.0:Glúteo Mayor | Isquiosurales:secondary:0.5:,0,1,ORANGE,1.4_NONCANONICAL_MUSCLE,"1.4_NONCANONICAL_MUSCLE: ""Glúteo Mayor"" no pertenece a los 17 padres de ExerciseAnatomy.kt.",
775,glutes_hip_thrust_disco,Hip Thrust con Disco,Accesorio,Disco,Extensión Cadera,,2.8,2.2,0.5,2.0,Glúteo Mayor,Glúteo Mayor:primary:1.0:Glúteo Mayor | Isquiosurales:secondary:0.5:,0,1,ORANGE,1.4_NONCANONICAL_MUSCLE,"1.4_NONCANONICAL_MUSCLE: ""Glúteo Mayor"" no pertenece a los 17 padres de ExerciseAnatomy.kt.",
776,glutes_hip_thrust_polea,Hip Thrust en Polea,Accesorio,Polea,Extensión Cadera,,2.8,2.2,0.5,2.0,Glúteo Mayor,Glúteo Mayor:primary:1.0:Glúteo Mayor | Isquiosurales:secondary:0.5:,0,4,ORANGE,1.4_NONCANONICAL_MUSCLE | 3.1_IQR_CNC | 3.1_IQR_EFC | 3.1_IQR_TTC,"1.4_NONCANONICAL_MUSCLE: ""Glúteo Mayor"" no pertenece a los 17 padres de ExerciseAnatomy.kt. || 3.1_IQR_CNC: cnc=2.2 es outlier IQR para tipo=Accesorio, equipo=Polea (2.00–2.00). || 3.1_IQR_EFC: efc=2.8 es outlier IQR para tipo=Accesorio, equipo=Polea (2.50–2.50). || 3.1_IQR_TTC: ttc=2.0 es outlier IQR para tipo=Accesorio, equipo=Polea (1.80–1.80).",
777,glutes_hip_thrust_banda,Hip Thrust en Banda Elástica,Accesorio,Banda Elástica,Extensión Cadera,,2.8,2.2,0.5,2.0,Glúteo Mayor,Glúteo Mayor:primary:1.0:Glúteo Mayor | Isquiosurales:secondary:0.5:,0,1,ORANGE,1.4_NONCANONICAL_MUSCLE,"1.4_NONCANONICAL_MUSCLE: ""Glúteo Mayor"" no pertenece a los 17 padres de ExerciseAnatomy.kt.",YES
778,glutes_hip_thrust_maquina_smith,Hip Thrust en Máquina Smith,Accesorio,Máquina Smith,Extensión Cadera,,2.8,2.2,0.5,2.0,Glúteo Mayor,Glúteo Mayor:primary:1.0:Glúteo Mayor | Isquiosurales:secondary:0.5:,0,1,ORANGE,1.4_NONCANONICAL_MUSCLE,"1.4_NONCANONICAL_MUSCLE: ""Glúteo Mayor"" no pertenece a los 17 padres de ExerciseAnatomy.kt.",
779,glutes_hip_thrust_maquina,Hip Thrust en Máquina,Accesorio,Máquina,Extensión Cadera,,2.8,2.2,0.5,2.0,Glúteo Mayor,Glúteo Mayor:primary:1.0:Glúteo Mayor | Isquiosurales:secondary:0.5:,0,1,ORANGE,1.4_NONCANONICAL_MUSCLE,"1.4_NONCANONICAL_MUSCLE: ""Glúteo Mayor"" no pertenece a los 17 padres de ExerciseAnatomy.kt.",
780,glutes_hip_thrust_unilateral_barra_recta,Hip Thrust Unilateral con Barra Recta,Accesorio,Barra,Extensión Cadera Unilateral,,2.8,2.2,0.5,2.0,Glúteo Mayor Unilateral,Glúteo Mayor:primary:1.0:Glúteo Mayor Unilateral | Isquiosurales:secondary:0.5:,0,1,ORANGE,1.4_NONCANONICAL_MUSCLE,"1.4_NONCANONICAL_MUSCLE: ""Glúteo Mayor"" no pertenece a los 17 padres de ExerciseAnatomy.kt.",
781,glutes_hip_thrust_unilateral_mancuerna,Hip Thrust Unilateral con Mancuerna,Accesorio,Mancuerna,Extensión Cadera Unilateral,,2.8,2.2,0.5,2.0,Glúteo Mayor Unilateral,Glúteo Mayor:primary:1.0:Glúteo Mayor Unilateral | Isquiosurales:secondary:0.5:,0,1,ORANGE,1.4_NONCANONICAL_MUSCLE,"1.4_NONCANONICAL_MUSCLE: ""Glúteo Mayor"" no pertenece a los 17 padres de ExerciseAnatomy.kt.",
782,glutes_hip_thrust_unilateral_kettlebell,Hip Thrust Unilateral con Kettlebell,Accesorio,Kettlebell,Extensión Cadera Unilateral,,2.8,2.2,0.5,2.0,Glúteo Mayor Unilateral,Glúteo Mayor:primary:1.0:Glúteo Mayor Unilateral | Isquiosurales:secondary:0.5:,0,1,ORANGE,1.4_NONCANONICAL_MUSCLE,"1.4_NONCANONICAL_MUSCLE: ""Glúteo Mayor"" no pertenece a los 17 padres de ExerciseAnatomy.kt.",
783,glutes_hip_thrust_unilateral_polea,Hip Thrust Unilateral en Polea,Accesorio,Polea,Extensión Cadera Unilateral,,2.8,2.2,0.5,2.0,Glúteo Mayor Unilateral,Glúteo Mayor:primary:1.0:Glúteo Mayor Unilateral | Isquiosurales:secondary:0.5:,0,4,ORANGE,1.4_NONCANONICAL_MUSCLE | 3.1_IQR_CNC | 3.1_IQR_EFC | 3.1_IQR_TTC,"1.4_NONCANONICAL_MUSCLE: ""Glúteo Mayor"" no pertenece a los 17 padres de ExerciseAnatomy.kt. || 3.1_IQR_CNC: cnc=2.2 es outlier IQR para tipo=Accesorio, equipo=Polea (2.00–2.00). || 3.1_IQR_EFC: efc=2.8 es outlier IQR para tipo=Accesorio, equipo=Polea (2.50–2.50). || 3.1_IQR_TTC: ttc=2.0 es outlier IQR para tipo=Accesorio, equipo=Polea (1.80–1.80).",
784,glutes_hip_thrust_unilateral_maquina_smith,Hip Thrust Unilateral en Máquina Smith,Accesorio,Máquina Smith,Extensión Cadera Unilateral,,2.8,2.2,0.5,2.0,Glúteo Mayor Unilateral,Glúteo Mayor:primary:1.0:Glúteo Mayor Unilateral | Isquiosurales:secondary:0.5:,0,1,ORANGE,1.4_NONCANONICAL_MUSCLE,"1.4_NONCANONICAL_MUSCLE: ""Glúteo Mayor"" no pertenece a los 17 padres de ExerciseAnatomy.kt.",
785,glutes_hip_thrust_unilateral_peso_corporal,Hip Thrust Unilateral con Peso Corporal,Accesorio,Peso Corporal,Extensión Cadera Unilateral,,2.8,2.2,0.5,2.0,Glúteo Mayor Unilateral,Glúteo Mayor:primary:1.0:Glúteo Mayor Unilateral | Isquiosurales:secondary:0.5:,0,1,ORANGE,1.4_NONCANONICAL_MUSCLE,"1.4_NONCANONICAL_MUSCLE: ""Glúteo Mayor"" no pertenece a los 17 padres de ExerciseAnatomy.kt.",
786,glutes_puente_gluteos_barra_recta,Puente de Glúteos en Suelo con Barra Recta,Aislamiento,Barra,Extensión Cadera,,2.8,2.2,0.5,2.0,Glúteo Mayor,Glúteo Mayor:primary:1.0:Glúteo Mayor | Isquiosurales:secondary:0.4:,0,3,ORANGE,1.4_NONCANONICAL_MUSCLE | 3.1_IQR_CNC | 3.1_IQR_TTC,"1.4_NONCANONICAL_MUSCLE: ""Glúteo Mayor"" no pertenece a los 17 padres de ExerciseAnatomy.kt. || 3.1_IQR_CNC: cnc=2.2 es outlier IQR para tipo=Aislamiento, equipo=Barra (1.30–2.10). || 3.1_IQR_TTC: ttc=2.0 es outlier IQR para tipo=Aislamiento, equipo=Barra (1.35–1.75).",
787,glutes_puente_gluteos_mancuerna,Puente de Glúteos en Suelo con Mancuerna,Aislamiento,Mancuerna,Extensión Cadera,,2.8,2.2,0.5,2.0,Glúteo Mayor,Glúteo Mayor:primary:1.0:Glúteo Mayor | Isquiosurales:secondary:0.4:,0,3,ORANGE,1.4_NONCANONICAL_MUSCLE | 3.1_IQR_CNC | 3.1_IQR_TTC,"1.4_NONCANONICAL_MUSCLE: ""Glúteo Mayor"" no pertenece a los 17 padres de ExerciseAnatomy.kt. || 3.1_IQR_CNC: cnc=2.2 es outlier IQR para tipo=Aislamiento, equipo=Mancuerna (1.30–2.10). || 3.1_IQR_TTC: ttc=2.0 es outlier IQR para tipo=Aislamiento, equipo=Mancuerna (1.35–1.75).",
788,glutes_puente_gluteos_disco,Puente de Glúteos en Suelo con Disco,Aislamiento,Disco,Extensión Cadera,,2.8,2.2,0.5,2.0,Glúteo Mayor,Glúteo Mayor:primary:1.0:Glúteo Mayor | Isquiosurales:secondary:0.4:,0,2,ORANGE,1.4_NONCANONICAL_MUSCLE | 3.1_IQR_TTC,"1.4_NONCANONICAL_MUSCLE: ""Glúteo Mayor"" no pertenece a los 17 padres de ExerciseAnatomy.kt. || 3.1_IQR_TTC: ttc=2.0 es outlier IQR para tipo=Aislamiento, equipo=Disco (1.27–1.88).",
789,glutes_puente_gluteos_peso_corporal,Puente de Glúteos en Suelo con Peso Corporal,Aislamiento,Peso Corporal,Extensión Cadera,,2.8,2.2,0.5,2.0,Glúteo Mayor,Glúteo Mayor:primary:1.0:Glúteo Mayor | Isquiosurales:secondary:0.4:,0,1,ORANGE,1.4_NONCANONICAL_MUSCLE,"1.4_NONCANONICAL_MUSCLE: ""Glúteo Mayor"" no pertenece a los 17 padres de ExerciseAnatomy.kt.",
790,glutes_puente_gluteos_unilateral_peso_corporal,Puente de Glúteos Unilateral en Suelo,Aislamiento,Peso Corporal,Extensión Cadera Unilateral,,2.8,2.2,0.5,2.0,Glúteo Mayor Unilateral,Glúteo Mayor:primary:1.0:Glúteo Mayor Unilateral | Isquiosurales:secondary:0.4:,0,1,ORANGE,1.4_NONCANONICAL_MUSCLE,"1.4_NONCANONICAL_MUSCLE: ""Glúteo Mayor"" no pertenece a los 17 padres de ExerciseAnatomy.kt.",
791,glutes_patada_gluteo_polea,Patada de Glúteos en Polea,Aislamiento,Polea,Extensión Cadera,,2.8,2.2,0.5,2.0,Glúteo Mayor,Glúteo Mayor:primary:1.0:Glúteo Mayor | Isquiosurales:secondary:0.3:,0,5,ORANGE,1.4_NONCANONICAL_MUSCLE | 3.1_IQR_CNC | 3.1_IQR_EFC | 3.1_IQR_SSC | 3.1_IQR_TTC,"1.4_NONCANONICAL_MUSCLE: ""Glúteo Mayor"" no pertenece a los 17 padres de ExerciseAnatomy.kt. || 3.1_IQR_CNC: cnc=2.2 es outlier IQR para tipo=Aislamiento, equipo=Polea (1.30–2.10). || 3.1_IQR_EFC: efc=2.8 es outlier IQR para tipo=Aislamiento, equipo=Polea (1.70–2.50). || 3.1_IQR_SSC: ssc=0.5 es outlier IQR para tipo=Aislamiento, equipo=Polea (-0.05–0.35). || 3.1_IQR_TTC: ttc=2.0 es outlier IQR para tipo=Aislamiento, equipo=Polea (1.35–1.75).",
792,glutes_patada_gluteo_polea_diagonal,Patada de Glúteos Diagonal en Polea,Aislamiento,Polea,Extensión/Abducción Cadera,,2.8,2.2,0.5,2.0,Glúteo Medio,Glúteo Medio:primary:1.0:Glúteo Medio | Glúteo Mayor:secondary:0.5:,0,7,ORANGE,1.4_NONCANONICAL_MUSCLE | 1.4_NONCANONICAL_MUSCLE | 1.7_PARENT_SUM_GT_ONE | 3.1_IQR_CNC | 3.1_IQR_EFC | 3.1_IQR_SSC | 3.1_IQR_TTC,"1.4_NONCANONICAL_MUSCLE: ""Glúteo Medio"" no pertenece a los 17 padres de ExerciseAnatomy.kt. || 1.4_NONCANONICAL_MUSCLE: ""Glúteo Mayor"" no pertenece a los 17 padres de ExerciseAnatomy.kt. || 1.7_PARENT_SUM_GT_ONE: Suma por padre Glúteos=1.50; el runtime usa MAX y oculta el exceso. || 3.1_IQR_CNC: cnc=2.2 es outlier IQR para tipo=Aislamiento, equipo=Polea (1.30–2.10). || 3.1_IQR_EFC: efc=2.8 es outlier IQR para tipo=Aislamiento, equipo=Polea (1.70–2.50). || 3.1_IQR_SSC: ssc=0.5 es outlier IQR para tipo=Aislamiento, equipo=Polea (-0.05–0.35). || 3.1_IQR_TTC: ttc=2.0 es outlier IQR para tipo=Aislamiento, equipo=Polea (1.35–1.75).",
793,glutes_patada_gluteo_banda,Patada de Glúteos en Banda Elástica,Aislamiento,Banda Elástica,Extensión Cadera,,2.8,2.2,0.5,2.0,Glúteo Mayor,Glúteo Mayor:primary:1.0:Glúteo Mayor | Isquiosurales:secondary:0.3:,0,5,ORANGE,1.4_NONCANONICAL_MUSCLE | 3.1_IQR_CNC | 3.1_IQR_EFC | 3.1_IQR_SSC | 3.1_IQR_TTC,"1.4_NONCANONICAL_MUSCLE: ""Glúteo Mayor"" no pertenece a los 17 padres de ExerciseAnatomy.kt. || 3.1_IQR_CNC: cnc=2.2 es outlier IQR para tipo=Aislamiento, equipo=Banda Elástica (1.30–2.10). || 3.1_IQR_EFC: efc=2.8 es outlier IQR para tipo=Aislamiento, equipo=Banda Elástica (1.70–2.50). || 3.1_IQR_SSC: ssc=0.5 es outlier IQR para tipo=Aislamiento, equipo=Banda Elástica (-0.05–0.35). || 3.1_IQR_TTC: ttc=2.0 es outlier IQR para tipo=Aislamiento, equipo=Banda Elástica (1.35–1.75).",
794,glutes_patada_gluteo_maquina,Patada de Glúteo en Máquina,Aislamiento,Máquina,Extensión Cadera,,2.8,2.2,0.5,2.0,Glúteo Mayor,Glúteo Mayor:primary:1.0:Glúteo Mayor | Isquiosurales:secondary:0.3:,0,1,ORANGE,1.4_NONCANONICAL_MUSCLE,"1.4_NONCANONICAL_MUSCLE: ""Glúteo Mayor"" no pertenece a los 17 padres de ExerciseAnatomy.kt.",
795,glutes_patada_gluteo_peso_corporal,Patada de Glúteo a Cuatro Patas,Aislamiento,Peso Corporal,Extensión Cadera,,2.8,2.2,0.5,2.0,Glúteo Mayor,Glúteo Mayor:primary:1.0:Glúteo Mayor | Isquiosurales:secondary:0.3:,0,1,ORANGE,1.4_NONCANONICAL_MUSCLE,"1.4_NONCANONICAL_MUSCLE: ""Glúteo Mayor"" no pertenece a los 17 padres de ExerciseAnatomy.kt.",
796,glutes_frog_pumps_peso_corporal,Frog Pumps (Puente Rana) con Peso Corporal,Aislamiento,Peso Corporal,Extensión Cadera / Rotación Externa,,2.8,2.2,0.5,2.0,Glúteo Mayor,Glúteo Mayor:primary:1.0:Glúteo Mayor | Glúteo Medio:secondary:0.4:,0,3,ORANGE,1.4_NONCANONICAL_MUSCLE | 1.4_NONCANONICAL_MUSCLE | 1.7_PARENT_SUM_GT_ONE,"1.4_NONCANONICAL_MUSCLE: ""Glúteo Mayor"" no pertenece a los 17 padres de ExerciseAnatomy.kt. || 1.4_NONCANONICAL_MUSCLE: ""Glúteo Medio"" no pertenece a los 17 padres de ExerciseAnatomy.kt. || 1.7_PARENT_SUM_GT_ONE: Suma por padre Glúteos=1.40; el runtime usa MAX y oculta el exceso.",
797,glutes_frog_pumps_disco,Frog Pumps (Puente Rana) con Disco,Aislamiento,Disco,Extensión Cadera / Rotación Externa,,2.8,2.2,0.5,2.0,Glúteo Mayor,Glúteo Mayor:primary:1.0:Glúteo Mayor | Glúteo Medio:secondary:0.4:,0,4,ORANGE,1.4_NONCANONICAL_MUSCLE | 1.4_NONCANONICAL_MUSCLE | 1.7_PARENT_SUM_GT_ONE | 3.1_IQR_TTC,"1.4_NONCANONICAL_MUSCLE: ""Glúteo Mayor"" no pertenece a los 17 padres de ExerciseAnatomy.kt. || 1.4_NONCANONICAL_MUSCLE: ""Glúteo Medio"" no pertenece a los 17 padres de ExerciseAnatomy.kt. || 1.7_PARENT_SUM_GT_ONE: Suma por padre Glúteos=1.40; el runtime usa MAX y oculta el exceso. || 3.1_IQR_TTC: ttc=2.0 es outlier IQR para tipo=Aislamiento, equipo=Disco (1.27–1.88).",YES
798,glutes_abduccion_cadera_sentado_maquina,Abducción de Cadera Sentado en Máquina,Aislamiento,Máquina,Abducción Cadera,,2.8,2.2,0.5,2.0,Glúteo Medio,Glúteo Medio:primary:1.0:Glúteo Medio | Glúteo Menor:secondary:0.6: | Tensor Fascia Lata:secondary:0.4:,0,4,ORANGE,1.4_NONCANONICAL_MUSCLE | 1.4_NONCANONICAL_MUSCLE | 1.4_NONCANONICAL_MUSCLE | 1.7_PARENT_SUM_GT_ONE,"1.4_NONCANONICAL_MUSCLE: ""Glúteo Medio"" no pertenece a los 17 padres de ExerciseAnatomy.kt. || 1.4_NONCANONICAL_MUSCLE: ""Glúteo Menor"" no pertenece a los 17 padres de ExerciseAnatomy.kt. || 1.4_NONCANONICAL_MUSCLE: ""Tensor Fascia Lata"" no pertenece a los 17 padres de ExerciseAnatomy.kt. || 1.7_PARENT_SUM_GT_ONE: Suma por padre Glúteos=1.60; el runtime usa MAX y oculta el exceso.",
799,glutes_abduccion_cadera_polea,Abducción de Cadera de Pie en Polea,Aislamiento,Polea,Abducción Cadera,,2.8,2.2,0.5,2.0,Glúteo Medio,Glúteo Medio:primary:1.0:Glúteo Medio | Glúteo Menor:secondary:0.6:,0,7,ORANGE,1.4_NONCANONICAL_MUSCLE | 1.4_NONCANONICAL_MUSCLE | 1.7_PARENT_SUM_GT_ONE | 3.1_IQR_CNC | 3.1_IQR_EFC | 3.1_IQR_SSC | 3.1_IQR_TTC,"1.4_NONCANONICAL_MUSCLE: ""Glúteo Medio"" no pertenece a los 17 padres de ExerciseAnatomy.kt. || 1.4_NONCANONICAL_MUSCLE: ""Glúteo Menor"" no pertenece a los 17 padres de ExerciseAnatomy.kt. || 1.7_PARENT_SUM_GT_ONE: Suma por padre Glúteos=1.60; el runtime usa MAX y oculta el exceso. || 3.1_IQR_CNC: cnc=2.2 es outlier IQR para tipo=Aislamiento, equipo=Polea (1.30–2.10). || 3.1_IQR_EFC: efc=2.8 es outlier IQR para tipo=Aislamiento, equipo=Polea (1.70–2.50). || 3.1_IQR_SSC: ssc=0.5 es outlier IQR para tipo=Aislamiento, equipo=Polea (-0.05–0.35). || 3.1_IQR_TTC: ttc=2.0 es outlier IQR para tipo=Aislamiento, equipo=Polea (1.35–1.75).",
800,glutes_abduccion_cadera_banda,Abducción de Cadera en Banda Elástica,Aislamiento,Banda Elástica,Abducción Cadera,,2.8,2.2,0.5,2.0,Glúteo Medio,Glúteo Medio:primary:1.0:Glúteo Medio | Glúteo Menor:secondary:0.6:,0,7,ORANGE,1.4_NONCANONICAL_MUSCLE | 1.4_NONCANONICAL_MUSCLE | 1.7_PARENT_SUM_GT_ONE | 3.1_IQR_CNC | 3.1_IQR_EFC | 3.1_IQR_SSC | 3.1_IQR_TTC,"1.4_NONCANONICAL_MUSCLE: ""Glúteo Medio"" no pertenece a los 17 padres de ExerciseAnatomy.kt. || 1.4_NONCANONICAL_MUSCLE: ""Glúteo Menor"" no pertenece a los 17 padres de ExerciseAnatomy.kt. || 1.7_PARENT_SUM_GT_ONE: Suma por padre Glúteos=1.60; el runtime usa MAX y oculta el exceso. || 3.1_IQR_CNC: cnc=2.2 es outlier IQR para tipo=Aislamiento, equipo=Banda Elástica (1.30–2.10). || 3.1_IQR_EFC: efc=2.8 es outlier IQR para tipo=Aislamiento, equipo=Banda Elástica (1.70–2.50). || 3.1_IQR_SSC: ssc=0.5 es outlier IQR para tipo=Aislamiento, equipo=Banda Elástica (-0.05–0.35). || 3.1_IQR_TTC: ttc=2.0 es outlier IQR para tipo=Aislamiento, equipo=Banda Elástica (1.35–1.75).",
801,glutes_clamshells_banda,Clamshells (Almejas) con Banda Elástica,Aislamiento,Banda Elástica,Abducción / Rotación Externa Cadera,,2.8,2.2,0.5,2.0,Glúteo Medio,Glúteo Medio:primary:1.0:Glúteo Medio | Glúteo Menor:secondary:0.6:,0,7,ORANGE,1.4_NONCANONICAL_MUSCLE | 1.4_NONCANONICAL_MUSCLE | 1.7_PARENT_SUM_GT_ONE | 3.1_IQR_CNC | 3.1_IQR_EFC | 3.1_IQR_SSC | 3.1_IQR_TTC,"1.4_NONCANONICAL_MUSCLE: ""Glúteo Medio"" no pertenece a los 17 padres de ExerciseAnatomy.kt. || 1.4_NONCANONICAL_MUSCLE: ""Glúteo Menor"" no pertenece a los 17 padres de ExerciseAnatomy.kt. || 1.7_PARENT_SUM_GT_ONE: Suma por padre Glúteos=1.60; el runtime usa MAX y oculta el exceso. || 3.1_IQR_CNC: cnc=2.2 es outlier IQR para tipo=Aislamiento, equipo=Banda Elástica (1.30–2.10). || 3.1_IQR_EFC: efc=2.8 es outlier IQR para tipo=Aislamiento, equipo=Banda Elástica (1.70–2.50). || 3.1_IQR_SSC: ssc=0.5 es outlier IQR para tipo=Aislamiento, equipo=Banda Elástica (-0.05–0.35). || 3.1_IQR_TTC: ttc=2.0 es outlier IQR para tipo=Aislamiento, equipo=Banda Elástica (1.35–1.75).",
802,glutes_monster_walk_banda,Caminata del Monstruo (Monster Walk) con Banda,Aislamiento,Banda Elástica,Abducción / Estabilización,,2.8,2.2,0.5,2.0,Glúteo Medio,Glúteo Medio:primary:1.0:Glúteo Medio | Glúteo Mayor:secondary:0.5:,0,7,ORANGE,1.4_NONCANONICAL_MUSCLE | 1.4_NONCANONICAL_MUSCLE | 1.7_PARENT_SUM_GT_ONE | 3.1_IQR_CNC | 3.1_IQR_EFC | 3.1_IQR_SSC | 3.1_IQR_TTC,"1.4_NONCANONICAL_MUSCLE: ""Glúteo Medio"" no pertenece a los 17 padres de ExerciseAnatomy.kt. || 1.4_NONCANONICAL_MUSCLE: ""Glúteo Mayor"" no pertenece a los 17 padres de ExerciseAnatomy.kt. || 1.7_PARENT_SUM_GT_ONE: Suma por padre Glúteos=1.50; el runtime usa MAX y oculta el exceso. || 3.1_IQR_CNC: cnc=2.2 es outlier IQR para tipo=Aislamiento, equipo=Banda Elástica (1.30–2.10). || 3.1_IQR_EFC: efc=2.8 es outlier IQR para tipo=Aislamiento, equipo=Banda Elástica (1.70–2.50). || 3.1_IQR_SSC: ssc=0.5 es outlier IQR para tipo=Aislamiento, equipo=Banda Elástica (-0.05–0.35). || 3.1_IQR_TTC: ttc=2.0 es outlier IQR para tipo=Aislamiento, equipo=Banda Elástica (1.35–1.75).",
803,hams_peso_muerto_rumano_barra_recta,Peso Muerto Rumano con Barra Recta,Accesorio,Barra,Bisagra Cadera,,2.8,2.2,0.5,2.0,Isquiosurales / Glúteo,Isquiosurales:primary:1.0:Isquiosurales / Glúteo | Glúteo Mayor:secondary:0.8: | Erectores Espinales:secondary:0.8:,0,5,RED,3.1_HINGE_LOW_SSC | 1.1_ACTIVATION_ROLE | 1.1_ACTIVATION_ROLE | 1.4_NONCANONICAL_MUSCLE | 1.5_FREE_EMPHASIS,"3.1_HINGE_LOW_SSC: Bisagra con barra usa ssc=0.5. || 1.1_ACTIVATION_ROLE: Glúteo Mayor/secondary usa activation=0.8. || 1.1_ACTIVATION_ROLE: Erectores Espinales/secondary usa activation=0.8. || 1.4_NONCANONICAL_MUSCLE: ""Glúteo Mayor"" no pertenece a los 17 padres de ExerciseAnatomy.kt. || 1.5_FREE_EMPHASIS: Emphasis ""Isquiosurales / Glúteo"" en un padre sin cabezas declaradas (Isquiosurales).",
804,hams_peso_muerto_rumano_mancuernas,Peso Muerto Rumano con Mancuernas,Accesorio,Mancuerna,Bisagra Cadera,,2.8,2.2,0.5,2.0,Isquiosurales / Glúteo,Isquiosurales:primary:1.0:Isquiosurales / Glúteo | Glúteo Mayor:secondary:0.8: | Erectores Espinales:secondary:0.7:,0,3,ORANGE,1.1_ACTIVATION_ROLE | 1.4_NONCANONICAL_MUSCLE | 1.5_FREE_EMPHASIS,"1.1_ACTIVATION_ROLE: Glúteo Mayor/secondary usa activation=0.8. || 1.4_NONCANONICAL_MUSCLE: ""Glúteo Mayor"" no pertenece a los 17 padres de ExerciseAnatomy.kt. || 1.5_FREE_EMPHASIS: Emphasis ""Isquiosurales / Glúteo"" en un padre sin cabezas declaradas (Isquiosurales).",YES
805,hams_peso_muerto_rumano_kettlebell,Peso Muerto Rumano con Kettlebells,Accesorio,Kettlebell,Bisagra Cadera,,2.8,2.2,0.5,2.0,Isquiosurales / Glúteo,Isquiosurales:primary:1.0:Isquiosurales / Glúteo | Glúteo Mayor:secondary:0.8: | Erectores Espinales:secondary:0.7:,0,3,ORANGE,1.1_ACTIVATION_ROLE | 1.4_NONCANONICAL_MUSCLE | 1.5_FREE_EMPHASIS,"1.1_ACTIVATION_ROLE: Glúteo Mayor/secondary usa activation=0.8. || 1.4_NONCANONICAL_MUSCLE: ""Glúteo Mayor"" no pertenece a los 17 padres de ExerciseAnatomy.kt. || 1.5_FREE_EMPHASIS: Emphasis ""Isquiosurales / Glúteo"" en un padre sin cabezas declaradas (Isquiosurales).",
806,hams_peso_muerto_rumano_polea,Peso Muerto Rumano en Polea,Accesorio,Polea,Bisagra Cadera,,2.8,2.2,0.5,2.0,Isquiosurales / Glúteo,Isquiosurales:primary:1.0:Isquiosurales / Glúteo | Glúteo Mayor:secondary:0.8: | Erectores Espinales:secondary:0.7:,0,6,ORANGE,1.1_ACTIVATION_ROLE | 1.4_NONCANONICAL_MUSCLE | 1.5_FREE_EMPHASIS | 3.1_IQR_CNC | 3.1_IQR_EFC | 3.1_IQR_TTC,"1.1_ACTIVATION_ROLE: Glúteo Mayor/secondary usa activation=0.8. || 1.4_NONCANONICAL_MUSCLE: ""Glúteo Mayor"" no pertenece a los 17 padres de ExerciseAnatomy.kt. || 1.5_FREE_EMPHASIS: Emphasis ""Isquiosurales / Glúteo"" en un padre sin cabezas declaradas (Isquiosurales). || 3.1_IQR_CNC: cnc=2.2 es outlier IQR para tipo=Accesorio, equipo=Polea (2.00–2.00). || 3.1_IQR_EFC: efc=2.8 es outlier IQR para tipo=Accesorio, equipo=Polea (2.50–2.50). || 3.1_IQR_TTC: ttc=2.0 es outlier IQR para tipo=Accesorio, equipo=Polea (1.80–1.80).",
807,hams_peso_muerto_rumano_maquina_smith,Peso Muerto Rumano en Máquina Smith,Accesorio,Máquina Smith,Bisagra Cadera,,2.8,2.2,0.5,2.0,Isquiosurales / Glúteo,Isquiosurales:primary:1.0:Isquiosurales / Glúteo | Glúteo Mayor:secondary:0.8: | Erectores Espinales:secondary:0.7:,0,3,ORANGE,1.1_ACTIVATION_ROLE | 1.4_NONCANONICAL_MUSCLE | 1.5_FREE_EMPHASIS,"1.1_ACTIVATION_ROLE: Glúteo Mayor/secondary usa activation=0.8. || 1.4_NONCANONICAL_MUSCLE: ""Glúteo Mayor"" no pertenece a los 17 padres de ExerciseAnatomy.kt. || 1.5_FREE_EMPHASIS: Emphasis ""Isquiosurales / Glúteo"" en un padre sin cabezas declaradas (Isquiosurales).",
808,hams_peso_muerto_rumano_unilateral_mancuerna,Peso Muerto Rumano Unilateral con Mancuerna,Accesorio,Mancuerna,Bisagra Cadera Unilateral,,2.8,2.2,0.5,2.0,Isquiosurales Unilateral,Isquiosurales:primary:1.0:Isquiosurales Unilateral | Glúteo Mayor:secondary:0.8:,0,3,ORANGE,1.1_ACTIVATION_ROLE | 1.4_NONCANONICAL_MUSCLE | 1.5_FREE_EMPHASIS,"1.1_ACTIVATION_ROLE: Glúteo Mayor/secondary usa activation=0.8. || 1.4_NONCANONICAL_MUSCLE: ""Glúteo Mayor"" no pertenece a los 17 padres de ExerciseAnatomy.kt. || 1.5_FREE_EMPHASIS: Emphasis ""Isquiosurales Unilateral"" en un padre sin cabezas declaradas (Isquiosurales).",
809,hams_peso_muerto_rumano_unilateral_kettlebell,Peso Muerto Rumano Unilateral con Kettlebell,Accesorio,Kettlebell,Bisagra Cadera Unilateral,,2.8,2.2,0.5,2.0,Isquiosurales Unilateral,Isquiosurales:primary:1.0:Isquiosurales Unilateral | Glúteo Mayor:secondary:0.8:,0,3,ORANGE,1.1_ACTIVATION_ROLE | 1.4_NONCANONICAL_MUSCLE | 1.5_FREE_EMPHASIS,"1.1_ACTIVATION_ROLE: Glúteo Mayor/secondary usa activation=0.8. || 1.4_NONCANONICAL_MUSCLE: ""Glúteo Mayor"" no pertenece a los 17 padres de ExerciseAnatomy.kt. || 1.5_FREE_EMPHASIS: Emphasis ""Isquiosurales Unilateral"" en un padre sin cabezas declaradas (Isquiosurales).",
810,hams_peso_muerto_rumano_unilateral_barra_recta,Peso Muerto Rumano Unilateral con Barra Recta,Accesorio,Barra,Bisagra Cadera Unilateral,,2.8,2.2,0.5,2.0,Isquiosurales Unilateral,Isquiosurales:primary:1.0:Isquiosurales Unilateral | Glúteo Mayor:secondary:0.8:,0,4,RED,3.1_HINGE_LOW_SSC | 1.1_ACTIVATION_ROLE | 1.4_NONCANONICAL_MUSCLE | 1.5_FREE_EMPHASIS,"3.1_HINGE_LOW_SSC: Bisagra con barra usa ssc=0.5. || 1.1_ACTIVATION_ROLE: Glúteo Mayor/secondary usa activation=0.8. || 1.4_NONCANONICAL_MUSCLE: ""Glúteo Mayor"" no pertenece a los 17 padres de ExerciseAnatomy.kt. || 1.5_FREE_EMPHASIS: Emphasis ""Isquiosurales Unilateral"" en un padre sin cabezas declaradas (Isquiosurales).",
811,hams_peso_muerto_rumano_b_stance_mancuernas,Peso Muerto Rumano B-Stance con Mancuernas,Accesorio,Mancuerna,Bisagra Cadera Unilateral,,2.8,2.2,0.5,2.0,Isquiosurales / Glúteo,Isquiosurales:primary:1.0:Isquiosurales / Glúteo | Glúteo Mayor:secondary:0.8:,0,3,ORANGE,1.1_ACTIVATION_ROLE | 1.4_NONCANONICAL_MUSCLE | 1.5_FREE_EMPHASIS,"1.1_ACTIVATION_ROLE: Glúteo Mayor/secondary usa activation=0.8. || 1.4_NONCANONICAL_MUSCLE: ""Glúteo Mayor"" no pertenece a los 17 padres de ExerciseAnatomy.kt. || 1.5_FREE_EMPHASIS: Emphasis ""Isquiosurales / Glúteo"" en un padre sin cabezas declaradas (Isquiosurales).",
812,hams_peso_muerto_rumano_b_stance_barra_recta,Peso Muerto Rumano B-Stance con Barra Recta,Accesorio,Barra,Bisagra Cadera Unilateral,,2.8,2.2,0.5,2.0,Isquiosurales / Glúteo,Isquiosurales:primary:1.0:Isquiosurales / Glúteo | Glúteo Mayor:secondary:0.8:,0,4,RED,3.1_HINGE_LOW_SSC | 1.1_ACTIVATION_ROLE | 1.4_NONCANONICAL_MUSCLE | 1.5_FREE_EMPHASIS,"3.1_HINGE_LOW_SSC: Bisagra con barra usa ssc=0.5. || 1.1_ACTIVATION_ROLE: Glúteo Mayor/secondary usa activation=0.8. || 1.4_NONCANONICAL_MUSCLE: ""Glúteo Mayor"" no pertenece a los 17 padres de ExerciseAnatomy.kt. || 1.5_FREE_EMPHASIS: Emphasis ""Isquiosurales / Glúteo"" en un padre sin cabezas declaradas (Isquiosurales).",
813,hams_peso_muerto_piernas_rigidas_barra_recta,Peso Muerto Piernas Rígidas con Barra Recta,Accesorio,Barra,Bisagra Cadera / Estiramiento,,2.8,2.2,0.5,2.0,Isquiosurales / Estiramiento,Isquiosurales:primary:1.0:Isquiosurales / Estiramiento | Glúteo Mayor:secondary:0.7: | Erectores Espinales:secondary:0.8:,0,4,RED,3.1_HINGE_LOW_SSC | 1.1_ACTIVATION_ROLE | 1.4_NONCANONICAL_MUSCLE | 1.5_FREE_EMPHASIS,"3.1_HINGE_LOW_SSC: Bisagra con barra usa ssc=0.5. || 1.1_ACTIVATION_ROLE: Erectores Espinales/secondary usa activation=0.8. || 1.4_NONCANONICAL_MUSCLE: ""Glúteo Mayor"" no pertenece a los 17 padres de ExerciseAnatomy.kt. || 1.5_FREE_EMPHASIS: Emphasis ""Isquiosurales / Estiramiento"" en un padre sin cabezas declaradas (Isquiosurales).",
814,hams_peso_muerto_piernas_rigidas_mancuernas,Peso Muerto Piernas Rígidas con Mancuernas,Accesorio,Mancuerna,Bisagra Cadera / Estiramiento,,2.8,2.2,0.5,2.0,Isquiosurales / Estiramiento,Isquiosurales:primary:1.0:Isquiosurales / Estiramiento | Glúteo Mayor:secondary:0.7: | Erectores Espinales:secondary:0.8:,0,3,ORANGE,1.1_ACTIVATION_ROLE | 1.4_NONCANONICAL_MUSCLE | 1.5_FREE_EMPHASIS,"1.1_ACTIVATION_ROLE: Erectores Espinales/secondary usa activation=0.8. || 1.4_NONCANONICAL_MUSCLE: ""Glúteo Mayor"" no pertenece a los 17 padres de ExerciseAnatomy.kt. || 1.5_FREE_EMPHASIS: Emphasis ""Isquiosurales / Estiramiento"" en un padre sin cabezas declaradas (Isquiosurales).",
815,hams_peso_muerto_piernas_rigidas_kettlebell,Peso Muerto Piernas Rígidas con Kettlebell,Accesorio,Kettlebell,Bisagra Cadera / Estiramiento,,2.8,2.2,0.5,2.0,Isquiosurales / Estiramiento,Isquiosurales:primary:1.0:Isquiosurales / Estiramiento | Glúteo Mayor:secondary:0.7: | Erectores Espinales:secondary:0.8:,0,3,ORANGE,1.1_ACTIVATION_ROLE | 1.4_NONCANONICAL_MUSCLE | 1.5_FREE_EMPHASIS,"1.1_ACTIVATION_ROLE: Erectores Espinales/secondary usa activation=0.8. || 1.4_NONCANONICAL_MUSCLE: ""Glúteo Mayor"" no pertenece a los 17 padres de ExerciseAnatomy.kt. || 1.5_FREE_EMPHASIS: Emphasis ""Isquiosurales / Estiramiento"" en un padre sin cabezas declaradas (Isquiosurales).",YES
816,hams_buenos_dias_barra_recta,Buenos Días con Barra Recta,Accesorio,Barra,Bisagra Cadera,,2.8,2.2,0.5,2.0,Isquiosurales / Cadena Posterior,Isquiosurales:primary:1.0:Isquiosurales / Cadena Posterior | Glúteo Mayor:secondary:0.7: | Erectores Espinales:secondary:0.8:,0,4,RED,3.1_HINGE_LOW_SSC | 1.1_ACTIVATION_ROLE | 1.4_NONCANONICAL_MUSCLE | 1.5_FREE_EMPHASIS,"3.1_HINGE_LOW_SSC: Bisagra con barra usa ssc=0.5. || 1.1_ACTIVATION_ROLE: Erectores Espinales/secondary usa activation=0.8. || 1.4_NONCANONICAL_MUSCLE: ""Glúteo Mayor"" no pertenece a los 17 padres de ExerciseAnatomy.kt. || 1.5_FREE_EMPHASIS: Emphasis ""Isquiosurales / Cadena Posterior"" en un padre sin cabezas declaradas (Isquiosurales).",
817,hams_buenos_dias_barra_ssb,Buenos Días con Barra Safety,Accesorio,Barra Safety,Bisagra Cadera,,2.8,2.2,0.5,2.0,Isquiosurales / Cadena Posterior,Isquiosurales:primary:1.0:Isquiosurales / Cadena Posterior | Glúteo Mayor:secondary:0.7: | Erectores Espinales:secondary:0.8:,0,3,ORANGE,1.1_ACTIVATION_ROLE | 1.4_NONCANONICAL_MUSCLE | 1.5_FREE_EMPHASIS,"1.1_ACTIVATION_ROLE: Erectores Espinales/secondary usa activation=0.8. || 1.4_NONCANONICAL_MUSCLE: ""Glúteo Mayor"" no pertenece a los 17 padres de ExerciseAnatomy.kt. || 1.5_FREE_EMPHASIS: Emphasis ""Isquiosurales / Cadena Posterior"" en un padre sin cabezas declaradas (Isquiosurales).",
818,hams_buenos_dias_mancuernas,Buenos Días con Mancuernas,Accesorio,Mancuerna,Bisagra Cadera,,2.8,2.2,0.5,2.0,Isquiosurales / Cadena Posterior,Isquiosurales:primary:1.0:Isquiosurales / Cadena Posterior | Glúteo Mayor:secondary:0.7: | Erectores Espinales:secondary:0.8:,0,3,ORANGE,1.1_ACTIVATION_ROLE | 1.4_NONCANONICAL_MUSCLE | 1.5_FREE_EMPHASIS,"1.1_ACTIVATION_ROLE: Erectores Espinales/secondary usa activation=0.8. || 1.4_NONCANONICAL_MUSCLE: ""Glúteo Mayor"" no pertenece a los 17 padres de ExerciseAnatomy.kt. || 1.5_FREE_EMPHASIS: Emphasis ""Isquiosurales / Cadena Posterior"" en un padre sin cabezas declaradas (Isquiosurales).",
819,hams_buenos_dias_banda,Buenos Días con Banda Elástica,Accesorio,Banda Elástica,Bisagra Cadera,,2.8,2.2,0.5,2.0,Isquiosurales / Cadena Posterior,Isquiosurales:primary:1.0:Isquiosurales / Cadena Posterior | Glúteo Mayor:secondary:0.7:,0,2,ORANGE,1.4_NONCANONICAL_MUSCLE | 1.5_FREE_EMPHASIS,"1.4_NONCANONICAL_MUSCLE: ""Glúteo Mayor"" no pertenece a los 17 padres de ExerciseAnatomy.kt. || 1.5_FREE_EMPHASIS: Emphasis ""Isquiosurales / Cadena Posterior"" en un padre sin cabezas declaradas (Isquiosurales).",
820,hams_curl_femoral_tumbado_maquina,Curl Femoral Tumbado en Máquina,Aislamiento,Máquina,Flexión Rodilla,,2.8,2.2,0.5,2.0,Isquiosurales / Flexión,Isquiosurales:primary:1.0:Isquiosurales / Flexión | Pantorrillas:secondary:0.3:,0,1,BLUE,1.5_FREE_EMPHASIS,"1.5_FREE_EMPHASIS: Emphasis ""Isquiosurales / Flexión"" en un padre sin cabezas declaradas (Isquiosurales).",
821,hams_curl_femoral_tumbado_unilateral_maquina,Curl Femoral Tumbado Unilateral en Máquina,Aislamiento,Máquina,Flexión Rodilla,,2.8,2.2,0.5,2.0,Isquiosurales / Flexión,Isquiosurales:primary:1.0:Isquiosurales / Flexión | Pantorrillas:secondary:0.3:,0,1,BLUE,1.5_FREE_EMPHASIS,"1.5_FREE_EMPHASIS: Emphasis ""Isquiosurales / Flexión"" en un padre sin cabezas declaradas (Isquiosurales).",
822,hams_curl_femoral_sentado_maquina,Curl Femoral Sentado en Máquina,Aislamiento,Máquina,Flexión Rodilla,,2.8,2.2,0.5,2.0,Isquiosurales / Flexión,Isquiosurales:primary:1.0:Isquiosurales / Flexión | Pantorrillas:secondary:0.3:,0,1,BLUE,1.5_FREE_EMPHASIS,"1.5_FREE_EMPHASIS: Emphasis ""Isquiosurales / Flexión"" en un padre sin cabezas declaradas (Isquiosurales).",
823,hams_curl_femoral_sentado_unilateral_maquina,Curl Femoral Sentado Unilateral en Máquina,Aislamiento,Máquina,Flexión Rodilla,,2.8,2.2,0.5,2.0,Isquiosurales / Flexión,Isquiosurales:primary:1.0:Isquiosurales / Flexión | Pantorrillas:secondary:0.3:,0,1,BLUE,1.5_FREE_EMPHASIS,"1.5_FREE_EMPHASIS: Emphasis ""Isquiosurales / Flexión"" en un padre sin cabezas declaradas (Isquiosurales).",
824,hams_curl_femoral_pie_maquina,Curl Femoral de Pie en Máquina,Aislamiento,Máquina,Flexión Rodilla,,2.8,2.2,0.5,2.0,Isquiosurales / Flexión,Isquiosurales:primary:1.0:Isquiosurales / Flexión | Pantorrillas:secondary:0.3:,0,1,BLUE,1.5_FREE_EMPHASIS,"1.5_FREE_EMPHASIS: Emphasis ""Isquiosurales / Flexión"" en un padre sin cabezas declaradas (Isquiosurales).",YES
825,hams_curl_femoral_pie_polea,Curl Femoral de Pie en Polea,Aislamiento,Polea,Flexión Rodilla,,2.8,2.2,0.5,2.0,Isquiosurales / Flexión,Isquiosurales:primary:1.0:Isquiosurales / Flexión | Pantorrillas:secondary:0.3:,0,5,BLUE,1.5_FREE_EMPHASIS | 3.1_IQR_CNC | 3.1_IQR_EFC | 3.1_IQR_SSC | 3.1_IQR_TTC,"1.5_FREE_EMPHASIS: Emphasis ""Isquiosurales / Flexión"" en un padre sin cabezas declaradas (Isquiosurales). || 3.1_IQR_CNC: cnc=2.2 es outlier IQR para tipo=Aislamiento, equipo=Polea (1.30–2.10). || 3.1_IQR_EFC: efc=2.8 es outlier IQR para tipo=Aislamiento, equipo=Polea (1.70–2.50). || 3.1_IQR_SSC: ssc=0.5 es outlier IQR para tipo=Aislamiento, equipo=Polea (-0.05–0.35). || 3.1_IQR_TTC: ttc=2.0 es outlier IQR para tipo=Aislamiento, equipo=Polea (1.35–1.75).",
826,hams_curl_femoral_tumbado_mancuerna,Curl Femoral Tumbado con Mancuerna,Aislamiento,Mancuerna,Flexión Rodilla,,2.8,2.2,0.5,2.0,Isquiosurales / Flexión,Isquiosurales:primary:1.0:Isquiosurales / Flexión | Pantorrillas:secondary:0.3:,0,3,BLUE,1.5_FREE_EMPHASIS | 3.1_IQR_CNC | 3.1_IQR_TTC,"1.5_FREE_EMPHASIS: Emphasis ""Isquiosurales / Flexión"" en un padre sin cabezas declaradas (Isquiosurales). || 3.1_IQR_CNC: cnc=2.2 es outlier IQR para tipo=Aislamiento, equipo=Mancuerna (1.30–2.10). || 3.1_IQR_TTC: ttc=2.0 es outlier IQR para tipo=Aislamiento, equipo=Mancuerna (1.35–1.75).",
827,hams_curl_femoral_banda,Curl Femoral en Banda Elástica,Aislamiento,Banda Elástica,Flexión Rodilla,,2.8,2.2,0.5,2.0,Isquiosurales / Flexión,Isquiosurales:primary:1.0:Isquiosurales / Flexión | Pantorrillas:secondary:0.3:,0,5,BLUE,1.5_FREE_EMPHASIS | 3.1_IQR_CNC | 3.1_IQR_EFC | 3.1_IQR_SSC | 3.1_IQR_TTC,"1.5_FREE_EMPHASIS: Emphasis ""Isquiosurales / Flexión"" en un padre sin cabezas declaradas (Isquiosurales). || 3.1_IQR_CNC: cnc=2.2 es outlier IQR para tipo=Aislamiento, equipo=Banda Elástica (1.30–2.10). || 3.1_IQR_EFC: efc=2.8 es outlier IQR para tipo=Aislamiento, equipo=Banda Elástica (1.70–2.50). || 3.1_IQR_SSC: ssc=0.5 es outlier IQR para tipo=Aislamiento, equipo=Banda Elástica (-0.05–0.35). || 3.1_IQR_TTC: ttc=2.0 es outlier IQR para tipo=Aislamiento, equipo=Banda Elástica (1.35–1.75).",YES
828,hams_curl_femoral_trx,Curl Femoral en TRX,Aislamiento,TRX,Flexión Rodilla / Cadera,,2.8,2.2,0.5,2.0,Isquiosurales / Glúteo,Isquiosurales:primary:1.0:Isquiosurales / Glúteo | Glúteo Mayor:secondary:0.5:,0,2,ORANGE,1.4_NONCANONICAL_MUSCLE | 1.5_FREE_EMPHASIS,"1.4_NONCANONICAL_MUSCLE: ""Glúteo Mayor"" no pertenece a los 17 padres de ExerciseAnatomy.kt. || 1.5_FREE_EMPHASIS: Emphasis ""Isquiosurales / Glúteo"" en un padre sin cabezas declaradas (Isquiosurales).",
829,hams_curl_nordic_peso_corporal,Curl Nórdico (Nordic Hamstring Curl),Aislamiento,Peso Corporal,Flexión Rodilla Eccéntrica,,2.8,2.2,0.5,2.0,Isquiosurales Eccéntrico,Isquiosurales:primary:1.0:Isquiosurales Eccéntrico | Glúteo Mayor:secondary:0.4:,0,2,ORANGE,1.4_NONCANONICAL_MUSCLE | 1.5_FREE_EMPHASIS,"1.4_NONCANONICAL_MUSCLE: ""Glúteo Mayor"" no pertenece a los 17 padres de ExerciseAnatomy.kt. || 1.5_FREE_EMPHASIS: Emphasis ""Isquiosurales Eccéntrico"" en un padre sin cabezas declaradas (Isquiosurales).",
830,hams_glute_ham_raise_ghd,Glute Ham Raise (GHR) en Máquina GHD,Aislamiento,Máquina GHD,Extensión Rodilla / Cadera,,2.8,2.2,0.5,2.0,Isquiosurales / Glúteo,Isquiosurales:primary:1.0:Isquiosurales / Glúteo | Glúteo Mayor:secondary:0.7: | Erectores Espinales:secondary:0.5:,0,2,ORANGE,1.4_NONCANONICAL_MUSCLE | 1.5_FREE_EMPHASIS,"1.4_NONCANONICAL_MUSCLE: ""Glúteo Mayor"" no pertenece a los 17 padres de ExerciseAnatomy.kt. || 1.5_FREE_EMPHASIS: Emphasis ""Isquiosurales / Glúteo"" en un padre sin cabezas declaradas (Isquiosurales).",
831,hams_peso_muerto_rumano_zercher_barra_recta,Peso Muerto Rumano Zercher con Barra Recta,Accesorio,Barra,Bisagra Cadera,,2.8,2.2,0.5,2.0,Isquiosurales / Core,Isquiosurales:primary:1.0:Isquiosurales / Core | Glúteo Mayor:secondary:0.8: | Erectores Espinales:secondary:0.8: | Core:secondary:0.7:,0,5,RED,3.1_HINGE_LOW_SSC | 1.1_ACTIVATION_ROLE | 1.1_ACTIVATION_ROLE | 1.4_NONCANONICAL_MUSCLE | 1.5_FREE_EMPHASIS,"3.1_HINGE_LOW_SSC: Bisagra con barra usa ssc=0.5. || 1.1_ACTIVATION_ROLE: Glúteo Mayor/secondary usa activation=0.8. || 1.1_ACTIVATION_ROLE: Erectores Espinales/secondary usa activation=0.8. || 1.4_NONCANONICAL_MUSCLE: ""Glúteo Mayor"" no pertenece a los 17 padres de ExerciseAnatomy.kt. || 1.5_FREE_EMPHASIS: Emphasis ""Isquiosurales / Core"" en un padre sin cabezas declaradas (Isquiosurales).",
832,hams_peso_muerto_rumano_zercher_maquina_smith,Peso Muerto Rumano Zercher en Máquina Smith,Accesorio,Máquina Smith,Bisagra Cadera,,2.8,2.2,0.5,2.0,Isquiosurales / Core,Isquiosurales:primary:1.0:Isquiosurales / Core | Glúteo Mayor:secondary:0.8: | Erectores Espinales:secondary:0.8: | Core:secondary:0.7:,0,4,ORANGE,1.1_ACTIVATION_ROLE | 1.1_ACTIVATION_ROLE | 1.4_NONCANONICAL_MUSCLE | 1.5_FREE_EMPHASIS,"1.1_ACTIVATION_ROLE: Glúteo Mayor/secondary usa activation=0.8. || 1.1_ACTIVATION_ROLE: Erectores Espinales/secondary usa activation=0.8. || 1.4_NONCANONICAL_MUSCLE: ""Glúteo Mayor"" no pertenece a los 17 padres de ExerciseAnatomy.kt. || 1.5_FREE_EMPHASIS: Emphasis ""Isquiosurales / Core"" en un padre sin cabezas declaradas (Isquiosurales).",
833,hams_buenos_dias_zercher_barra_recta,Buenos Días Zercher con Barra Recta,Accesorio,Barra,Bisagra Cadera,,2.8,2.2,0.5,2.0,Isquiosurales / Core,Isquiosurales:primary:1.0:Isquiosurales / Core | Glúteo Mayor:secondary:0.7: | Erectores Espinales:secondary:0.8: | Core:secondary:0.7:,0,4,RED,3.1_HINGE_LOW_SSC | 1.1_ACTIVATION_ROLE | 1.4_NONCANONICAL_MUSCLE | 1.5_FREE_EMPHASIS,"3.1_HINGE_LOW_SSC: Bisagra con barra usa ssc=0.5. || 1.1_ACTIVATION_ROLE: Erectores Espinales/secondary usa activation=0.8. || 1.4_NONCANONICAL_MUSCLE: ""Glúteo Mayor"" no pertenece a los 17 padres de ExerciseAnatomy.kt. || 1.5_FREE_EMPHASIS: Emphasis ""Isquiosurales / Core"" en un padre sin cabezas declaradas (Isquiosurales).",
834,hams_buenos_dias_zercher_maquina_smith,Buenos Días Zercher en Máquina Smith,Accesorio,Máquina Smith,Bisagra Cadera,,2.8,2.2,0.5,2.0,Isquiosurales / Core,Isquiosurales:primary:1.0:Isquiosurales / Core | Glúteo Mayor:secondary:0.7: | Erectores Espinales:secondary:0.8: | Core:secondary:0.7:,0,3,ORANGE,1.1_ACTIVATION_ROLE | 1.4_NONCANONICAL_MUSCLE | 1.5_FREE_EMPHASIS,"1.1_ACTIVATION_ROLE: Erectores Espinales/secondary usa activation=0.8. || 1.4_NONCANONICAL_MUSCLE: ""Glúteo Mayor"" no pertenece a los 17 padres de ExerciseAnatomy.kt. || 1.5_FREE_EMPHASIS: Emphasis ""Isquiosurales / Core"" en un padre sin cabezas declaradas (Isquiosurales).",
835,hams_buenos_dias_maquina_smith,Buenos Días en Máquina Smith,Accesorio,Máquina Smith,Bisagra Cadera,,2.8,2.2,0.5,2.0,Isquiosurales / Cadena Posterior,Isquiosurales:primary:1.0:Isquiosurales / Cadena Posterior | Glúteo Mayor:secondary:0.7: | Erectores Espinales:secondary:0.8:,0,3,ORANGE,1.1_ACTIVATION_ROLE | 1.4_NONCANONICAL_MUSCLE | 1.5_FREE_EMPHASIS,"1.1_ACTIVATION_ROLE: Erectores Espinales/secondary usa activation=0.8. || 1.4_NONCANONICAL_MUSCLE: ""Glúteo Mayor"" no pertenece a los 17 padres de ExerciseAnatomy.kt. || 1.5_FREE_EMPHASIS: Emphasis ""Isquiosurales / Cadena Posterior"" en un padre sin cabezas declaradas (Isquiosurales).",
836,glutes_patada_gluteo_lateral_polea,Patada de Glúteos Lateral en Polea,Aislamiento,Polea,Abducción/Extensión Cadera,,2.8,2.2,0.5,2.0,Glúteo Medio,Glúteo Medio:primary:1.0:Glúteo Medio | Glúteo Menor:secondary:0.6:,0,7,ORANGE,1.4_NONCANONICAL_MUSCLE | 1.4_NONCANONICAL_MUSCLE | 1.7_PARENT_SUM_GT_ONE | 3.1_IQR_CNC | 3.1_IQR_EFC | 3.1_IQR_SSC | 3.1_IQR_TTC,"1.4_NONCANONICAL_MUSCLE: ""Glúteo Medio"" no pertenece a los 17 padres de ExerciseAnatomy.kt. || 1.4_NONCANONICAL_MUSCLE: ""Glúteo Menor"" no pertenece a los 17 padres de ExerciseAnatomy.kt. || 1.7_PARENT_SUM_GT_ONE: Suma por padre Glúteos=1.60; el runtime usa MAX y oculta el exceso. || 3.1_IQR_CNC: cnc=2.2 es outlier IQR para tipo=Aislamiento, equipo=Polea (1.30–2.10). || 3.1_IQR_EFC: efc=2.8 es outlier IQR para tipo=Aislamiento, equipo=Polea (1.70–2.50). || 3.1_IQR_SSC: ssc=0.5 es outlier IQR para tipo=Aislamiento, equipo=Polea (-0.05–0.35). || 3.1_IQR_TTC: ttc=2.0 es outlier IQR para tipo=Aislamiento, equipo=Polea (1.35–1.75).",
837,glutes_patada_gluteo_lateral_polea_unilateral,Patada de Glúteos Lateral en Polea Unilateral,Aislamiento,Polea,Abducción/Extensión Cadera,,2.8,2.2,0.5,2.0,Glúteo Medio,Glúteo Medio:primary:1.0:Glúteo Medio | Glúteo Menor:secondary:0.6:,0,7,ORANGE,1.4_NONCANONICAL_MUSCLE | 1.4_NONCANONICAL_MUSCLE | 1.7_PARENT_SUM_GT_ONE | 3.1_IQR_CNC | 3.1_IQR_EFC | 3.1_IQR_SSC | 3.1_IQR_TTC,"1.4_NONCANONICAL_MUSCLE: ""Glúteo Medio"" no pertenece a los 17 padres de ExerciseAnatomy.kt. || 1.4_NONCANONICAL_MUSCLE: ""Glúteo Menor"" no pertenece a los 17 padres de ExerciseAnatomy.kt. || 1.7_PARENT_SUM_GT_ONE: Suma por padre Glúteos=1.60; el runtime usa MAX y oculta el exceso. || 3.1_IQR_CNC: cnc=2.2 es outlier IQR para tipo=Aislamiento, equipo=Polea (1.30–2.10). || 3.1_IQR_EFC: efc=2.8 es outlier IQR para tipo=Aislamiento, equipo=Polea (1.70–2.50). || 3.1_IQR_SSC: ssc=0.5 es outlier IQR para tipo=Aislamiento, equipo=Polea (-0.05–0.35). || 3.1_IQR_TTC: ttc=2.0 es outlier IQR para tipo=Aislamiento, equipo=Polea (1.35–1.75).",
838,glutes_patada_gluteo_lateral_banda,Patada de Glúteos Lateral en Banda Elástica,Aislamiento,Banda Elástica,Abducción/Extensión Cadera,,2.8,2.2,0.5,2.0,Glúteo Medio,Glúteo Medio:primary:1.0:Glúteo Medio | Glúteo Menor:secondary:0.6:,0,7,ORANGE,1.4_NONCANONICAL_MUSCLE | 1.4_NONCANONICAL_MUSCLE | 1.7_PARENT_SUM_GT_ONE | 3.1_IQR_CNC | 3.1_IQR_EFC | 3.1_IQR_SSC | 3.1_IQR_TTC,"1.4_NONCANONICAL_MUSCLE: ""Glúteo Medio"" no pertenece a los 17 padres de ExerciseAnatomy.kt. || 1.4_NONCANONICAL_MUSCLE: ""Glúteo Menor"" no pertenece a los 17 padres de ExerciseAnatomy.kt. || 1.7_PARENT_SUM_GT_ONE: Suma por padre Glúteos=1.60; el runtime usa MAX y oculta el exceso. || 3.1_IQR_CNC: cnc=2.2 es outlier IQR para tipo=Aislamiento, equipo=Banda Elástica (1.30–2.10). || 3.1_IQR_EFC: efc=2.8 es outlier IQR para tipo=Aislamiento, equipo=Banda Elástica (1.70–2.50). || 3.1_IQR_SSC: ssc=0.5 es outlier IQR para tipo=Aislamiento, equipo=Banda Elástica (-0.05–0.35). || 3.1_IQR_TTC: ttc=2.0 es outlier IQR para tipo=Aislamiento, equipo=Banda Elástica (1.35–1.75).",
839,glutes_patada_gluteo_lateral_maquina,Patada de Glúteo Lateral en Máquina,Aislamiento,Máquina,Abducción/Extensión Cadera,,2.8,2.2,0.5,2.0,Glúteo Medio,Glúteo Medio:primary:1.0:Glúteo Medio | Glúteo Menor:secondary:0.6:,0,3,ORANGE,1.4_NONCANONICAL_MUSCLE | 1.4_NONCANONICAL_MUSCLE | 1.7_PARENT_SUM_GT_ONE,"1.4_NONCANONICAL_MUSCLE: ""Glúteo Medio"" no pertenece a los 17 padres de ExerciseAnatomy.kt. || 1.4_NONCANONICAL_MUSCLE: ""Glúteo Menor"" no pertenece a los 17 padres de ExerciseAnatomy.kt. || 1.7_PARENT_SUM_GT_ONE: Suma por padre Glúteos=1.60; el runtime usa MAX y oculta el exceso.",
840,glutes_patada_gluteo_lateral_peso_corporal,Patada de Glúteo Lateral a Cuatro Patas (Hidrante),Aislamiento,Peso Corporal,Abducción/Extensión Cadera,,2.8,2.2,0.5,2.0,Glúteo Medio,Glúteo Medio:primary:1.0:Glúteo Medio | Glúteo Menor:secondary:0.6:,0,3,ORANGE,1.4_NONCANONICAL_MUSCLE | 1.4_NONCANONICAL_MUSCLE | 1.7_PARENT_SUM_GT_ONE,"1.4_NONCANONICAL_MUSCLE: ""Glúteo Medio"" no pertenece a los 17 padres de ExerciseAnatomy.kt. || 1.4_NONCANONICAL_MUSCLE: ""Glúteo Menor"" no pertenece a los 17 padres de ExerciseAnatomy.kt. || 1.7_PARENT_SUM_GT_ONE: Suma por padre Glúteos=1.60; el runtime usa MAX y oculta el exceso.",
841,glutes_step_up_gluteo_mancuernas,Step-Up al Cajón Enfocado en Glúteos con Mancuernas,Aislamiento,Mancuerna,Dominante Cadera Unilateral,,2.8,2.2,0.5,2.0,Glúteo Mayor,Glúteo Mayor:primary:1.0:Glúteo Mayor | Isquiosurales:secondary:0.5:,0,3,ORANGE,1.4_NONCANONICAL_MUSCLE | 3.1_IQR_CNC | 3.1_IQR_TTC,"1.4_NONCANONICAL_MUSCLE: ""Glúteo Mayor"" no pertenece a los 17 padres de ExerciseAnatomy.kt. || 3.1_IQR_CNC: cnc=2.2 es outlier IQR para tipo=Aislamiento, equipo=Mancuerna (1.30–2.10). || 3.1_IQR_TTC: ttc=2.0 es outlier IQR para tipo=Aislamiento, equipo=Mancuerna (1.35–1.75).",
842,glutes_step_up_gluteo_kettlebell,Step-Up al Cajón Enfocado en Glúteos con Kettlebells,Aislamiento,Kettlebell,Dominante Cadera Unilateral,,2.8,2.2,0.5,2.0,Glúteo Mayor,Glúteo Mayor:primary:1.0:Glúteo Mayor | Isquiosurales:secondary:0.5:,0,5,ORANGE,1.4_NONCANONICAL_MUSCLE | 3.1_IQR_CNC | 3.1_IQR_EFC | 3.1_IQR_SSC | 3.1_IQR_TTC,"1.4_NONCANONICAL_MUSCLE: ""Glúteo Mayor"" no pertenece a los 17 padres de ExerciseAnatomy.kt. || 3.1_IQR_CNC: cnc=2.2 es outlier IQR para tipo=Aislamiento, equipo=Kettlebell (1.30–2.10). || 3.1_IQR_EFC: efc=2.8 es outlier IQR para tipo=Aislamiento, equipo=Kettlebell (1.70–2.50). || 3.1_IQR_SSC: ssc=0.5 es outlier IQR para tipo=Aislamiento, equipo=Kettlebell (-0.05–0.35). || 3.1_IQR_TTC: ttc=2.0 es outlier IQR para tipo=Aislamiento, equipo=Kettlebell (1.35–1.75).",
843,glutes_step_up_gluteo_barra_recta,Step-Up al Cajón Enfocado en Glúteos con Barra Recta,Aislamiento,Barra,Dominante Cadera Unilateral,,2.8,2.2,0.5,2.0,Glúteo Mayor,Glúteo Mayor:primary:1.0:Glúteo Mayor | Isquiosurales:secondary:0.5:,0,3,ORANGE,1.4_NONCANONICAL_MUSCLE | 3.1_IQR_CNC | 3.1_IQR_TTC,"1.4_NONCANONICAL_MUSCLE: ""Glúteo Mayor"" no pertenece a los 17 padres de ExerciseAnatomy.kt. || 3.1_IQR_CNC: cnc=2.2 es outlier IQR para tipo=Aislamiento, equipo=Barra (1.30–2.10). || 3.1_IQR_TTC: ttc=2.0 es outlier IQR para tipo=Aislamiento, equipo=Barra (1.35–1.75).",
844,glutes_step_up_gluteo_polea,Step-Up al Cajón Enfocado en Glúteos en Polea,Aislamiento,Polea,Dominante Cadera Unilateral,,2.8,2.2,0.5,2.0,Glúteo Mayor,Glúteo Mayor:primary:1.0:Glúteo Mayor | Isquiosurales:secondary:0.5:,0,5,ORANGE,1.4_NONCANONICAL_MUSCLE | 3.1_IQR_CNC | 3.1_IQR_EFC | 3.1_IQR_SSC | 3.1_IQR_TTC,"1.4_NONCANONICAL_MUSCLE: ""Glúteo Mayor"" no pertenece a los 17 padres de ExerciseAnatomy.kt. || 3.1_IQR_CNC: cnc=2.2 es outlier IQR para tipo=Aislamiento, equipo=Polea (1.30–2.10). || 3.1_IQR_EFC: efc=2.8 es outlier IQR para tipo=Aislamiento, equipo=Polea (1.70–2.50). || 3.1_IQR_SSC: ssc=0.5 es outlier IQR para tipo=Aislamiento, equipo=Polea (-0.05–0.35). || 3.1_IQR_TTC: ttc=2.0 es outlier IQR para tipo=Aislamiento, equipo=Polea (1.35–1.75).",
845,glutes_step_up_gluteo_maquina_smith,Step-Up al Cajón Enfocado en Glúteos en Máquina Smith,Aislamiento,Máquina Smith,Dominante Cadera Unilateral,,2.8,2.2,0.5,2.0,Glúteo Mayor,Glúteo Mayor:primary:1.0:Glúteo Mayor | Isquiosurales:secondary:0.5:,0,4,ORANGE,1.4_NONCANONICAL_MUSCLE | 3.1_IQR_EFC | 3.1_IQR_SSC | 3.1_IQR_TTC,"1.4_NONCANONICAL_MUSCLE: ""Glúteo Mayor"" no pertenece a los 17 padres de ExerciseAnatomy.kt. || 3.1_IQR_EFC: efc=2.8 es outlier IQR para tipo=Aislamiento, equipo=Máquina Smith (1.59–2.69). || 3.1_IQR_SSC: ssc=0.5 es outlier IQR para tipo=Aislamiento, equipo=Máquina Smith (-0.12–0.47). || 3.1_IQR_TTC: ttc=2.0 es outlier IQR para tipo=Aislamiento, equipo=Máquina Smith (1.27–1.88).",
846,glutes_zancada_cruzada_mancuernas,Zancada Cruzada (Curtsy Lunge) con Mancuernas,Accesorio,Mancuerna,Dominante Cadera Unilateral,,2.8,2.2,0.5,2.0,Glúteo Medio / Mayor,Glúteo Medio:primary:1.0:Glúteo Medio / Mayor | Glúteo Medio:secondary:0.8: | Cuádriceps:secondary:0.5:,0,4,ORANGE,1.1_ACTIVATION_ROLE | 1.3_DUPLICATE_MUSCLE | 1.4_NONCANONICAL_MUSCLE | 1.7_PARENT_SUM_GT_ONE,"1.1_ACTIVATION_ROLE: Glúteo Medio/secondary usa activation=0.8. || 1.3_DUPLICATE_MUSCLE: Músculo repetido: Glúteo Medio. || 1.4_NONCANONICAL_MUSCLE: ""Glúteo Medio"" no pertenece a los 17 padres de ExerciseAnatomy.kt. || 1.7_PARENT_SUM_GT_ONE: Suma por padre Glúteos=1.80; el runtime usa MAX y oculta el exceso.",
847,glutes_zancada_cruzada_kettlebell,Zancada Cruzada (Curtsy Lunge) con Kettlebells,Accesorio,Kettlebell,Dominante Cadera Unilateral,,2.8,2.2,0.5,2.0,Glúteo Medio / Mayor,Glúteo Medio:primary:1.0:Glúteo Medio / Mayor | Glúteo Medio:secondary:0.8: | Cuádriceps:secondary:0.5:,0,4,ORANGE,1.1_ACTIVATION_ROLE | 1.3_DUPLICATE_MUSCLE | 1.4_NONCANONICAL_MUSCLE | 1.7_PARENT_SUM_GT_ONE,"1.1_ACTIVATION_ROLE: Glúteo Medio/secondary usa activation=0.8. || 1.3_DUPLICATE_MUSCLE: Músculo repetido: Glúteo Medio. || 1.4_NONCANONICAL_MUSCLE: ""Glúteo Medio"" no pertenece a los 17 padres de ExerciseAnatomy.kt. || 1.7_PARENT_SUM_GT_ONE: Suma por padre Glúteos=1.80; el runtime usa MAX y oculta el exceso.",
848,glutes_zancada_cruzada_barra_recta,Zancada Cruzada (Curtsy Lunge) con Barra Recta,Accesorio,Barra,Dominante Cadera Unilateral,,2.8,2.2,0.5,2.0,Glúteo Medio / Mayor,Glúteo Medio:primary:1.0:Glúteo Medio / Mayor | Glúteo Medio:secondary:0.8: | Cuádriceps:secondary:0.5:,0,4,ORANGE,1.1_ACTIVATION_ROLE | 1.3_DUPLICATE_MUSCLE | 1.4_NONCANONICAL_MUSCLE | 1.7_PARENT_SUM_GT_ONE,"1.1_ACTIVATION_ROLE: Glúteo Medio/secondary usa activation=0.8. || 1.3_DUPLICATE_MUSCLE: Músculo repetido: Glúteo Medio. || 1.4_NONCANONICAL_MUSCLE: ""Glúteo Medio"" no pertenece a los 17 padres de ExerciseAnatomy.kt. || 1.7_PARENT_SUM_GT_ONE: Suma por padre Glúteos=1.80; el runtime usa MAX y oculta el exceso.",
849,glutes_zancada_cruzada_polea,Zancada Cruzada (Curtsy Lunge) en Polea,Accesorio,Polea,Dominante Cadera Unilateral,,2.8,2.2,0.5,2.0,Glúteo Medio / Mayor,Glúteo Medio:primary:1.0:Glúteo Medio / Mayor | Glúteo Medio:secondary:0.8: | Cuádriceps:secondary:0.5:,0,7,ORANGE,1.1_ACTIVATION_ROLE | 1.3_DUPLICATE_MUSCLE | 1.4_NONCANONICAL_MUSCLE | 1.7_PARENT_SUM_GT_ONE | 3.1_IQR_CNC | 3.1_IQR_EFC | 3.1_IQR_TTC,"1.1_ACTIVATION_ROLE: Glúteo Medio/secondary usa activation=0.8. || 1.3_DUPLICATE_MUSCLE: Músculo repetido: Glúteo Medio. || 1.4_NONCANONICAL_MUSCLE: ""Glúteo Medio"" no pertenece a los 17 padres de ExerciseAnatomy.kt. || 1.7_PARENT_SUM_GT_ONE: Suma por padre Glúteos=1.80; el runtime usa MAX y oculta el exceso. || 3.1_IQR_CNC: cnc=2.2 es outlier IQR para tipo=Accesorio, equipo=Polea (2.00–2.00). || 3.1_IQR_EFC: efc=2.8 es outlier IQR para tipo=Accesorio, equipo=Polea (2.50–2.50). || 3.1_IQR_TTC: ttc=2.0 es outlier IQR para tipo=Accesorio, equipo=Polea (1.80–1.80).",
850,glutes_zancada_cruzada_maquina_smith,Zancada Cruzada (Curtsy Lunge) en Máquina Smith,Accesorio,Máquina Smith,Dominante Cadera Unilateral,,2.8,2.2,0.5,2.0,Glúteo Medio / Mayor,Glúteo Medio:primary:1.0:Glúteo Medio / Mayor | Glúteo Medio:secondary:0.8: | Cuádriceps:secondary:0.5:,0,4,ORANGE,1.1_ACTIVATION_ROLE | 1.3_DUPLICATE_MUSCLE | 1.4_NONCANONICAL_MUSCLE | 1.7_PARENT_SUM_GT_ONE,"1.1_ACTIVATION_ROLE: Glúteo Medio/secondary usa activation=0.8. || 1.3_DUPLICATE_MUSCLE: Músculo repetido: Glúteo Medio. || 1.4_NONCANONICAL_MUSCLE: ""Glúteo Medio"" no pertenece a los 17 padres de ExerciseAnatomy.kt. || 1.7_PARENT_SUM_GT_ONE: Suma por padre Glúteos=1.80; el runtime usa MAX y oculta el exceso.",
851,glutes_zancada_cruzada_peso_corporal,Zancada Cruzada (Curtsy Lunge) con Peso Corporal,Accesorio,Peso Corporal,Dominante Cadera Unilateral,,2.8,2.2,0.5,2.0,Glúteo Medio / Mayor,Glúteo Medio:primary:1.0:Glúteo Medio / Mayor | Glúteo Medio:secondary:0.8:,0,4,ORANGE,1.1_ACTIVATION_ROLE | 1.3_DUPLICATE_MUSCLE | 1.4_NONCANONICAL_MUSCLE | 1.7_PARENT_SUM_GT_ONE,"1.1_ACTIVATION_ROLE: Glúteo Medio/secondary usa activation=0.8. || 1.3_DUPLICATE_MUSCLE: Músculo repetido: Glúteo Medio. || 1.4_NONCANONICAL_MUSCLE: ""Glúteo Medio"" no pertenece a los 17 padres de ExerciseAnatomy.kt. || 1.7_PARENT_SUM_GT_ONE: Suma por padre Glúteos=1.80; el runtime usa MAX y oculta el exceso.",
852,glutes_hiperextension_45_barra,Hiperextensión a 45º Enfocada en Glúteos Lastrada con Barra,Aislamiento,Barra,Extensión Cadera,,2.8,2.2,0.5,2.0,Glúteo Mayor,Glúteo Mayor:primary:1.0:Glúteo Mayor | Isquiosurales:secondary:0.5:,0,3,ORANGE,1.4_NONCANONICAL_MUSCLE | 3.1_IQR_CNC | 3.1_IQR_TTC,"1.4_NONCANONICAL_MUSCLE: ""Glúteo Mayor"" no pertenece a los 17 padres de ExerciseAnatomy.kt. || 3.1_IQR_CNC: cnc=2.2 es outlier IQR para tipo=Aislamiento, equipo=Barra (1.30–2.10). || 3.1_IQR_TTC: ttc=2.0 es outlier IQR para tipo=Aislamiento, equipo=Barra (1.35–1.75).",
853,glutes_hiperextension_45_polea,Hiperextensión a 45º Enfocada en Glúteos en Polea,Aislamiento,Polea,Extensión Cadera,,2.8,2.2,0.5,2.0,Glúteo Mayor,Glúteo Mayor:primary:1.0:Glúteo Mayor | Isquiosurales:secondary:0.5:,0,5,ORANGE,1.4_NONCANONICAL_MUSCLE | 3.1_IQR_CNC | 3.1_IQR_EFC | 3.1_IQR_SSC | 3.1_IQR_TTC,"1.4_NONCANONICAL_MUSCLE: ""Glúteo Mayor"" no pertenece a los 17 padres de ExerciseAnatomy.kt. || 3.1_IQR_CNC: cnc=2.2 es outlier IQR para tipo=Aislamiento, equipo=Polea (1.30–2.10). || 3.1_IQR_EFC: efc=2.8 es outlier IQR para tipo=Aislamiento, equipo=Polea (1.70–2.50). || 3.1_IQR_SSC: ssc=0.5 es outlier IQR para tipo=Aislamiento, equipo=Polea (-0.05–0.35). || 3.1_IQR_TTC: ttc=2.0 es outlier IQR para tipo=Aislamiento, equipo=Polea (1.35–1.75).",
854,glutes_reverse_hyper_maquina,Reverse Hyper en Máquina,Aislamiento,Máquina,Extensión Cadera Inversa,,2.8,2.2,0.5,2.0,Glúteo Mayor,Glúteo Mayor:primary:1.0:Glúteo Mayor | Isquiosurales:secondary:0.6: | Erectores Espinales:secondary:0.5:,0,1,ORANGE,1.4_NONCANONICAL_MUSCLE,"1.4_NONCANONICAL_MUSCLE: ""Glúteo Mayor"" no pertenece a los 17 padres de ExerciseAnatomy.kt.",
855,glutes_reverse_hyper_banco,Reverse Hyper en Banco Plano,Aislamiento,Peso Corporal,Extensión Cadera Inversa,,2.8,2.2,0.5,2.0,Glúteo Mayor,Glúteo Mayor:primary:1.0:Glúteo Mayor | Isquiosurales:secondary:0.6:,0,1,ORANGE,1.4_NONCANONICAL_MUSCLE,"1.4_NONCANONICAL_MUSCLE: ""Glúteo Mayor"" no pertenece a los 17 padres de ExerciseAnatomy.kt.",
856,hams_peso_muerto_convencional_barra_recta,Peso Muerto Convencional con Barra Recta,Accesorio,Barra,Bisagra Cadera / Tracción,,2.8,2.2,0.5,2.0,Cadena Posterior / Isquios,Isquiosurales:primary:1.0:Cadena Posterior / Isquios | Glúteo Mayor:secondary:0.8: | Erectores Espinales:secondary:0.8: | Cuádriceps:secondary:0.5:,0,5,RED,3.1_HINGE_LOW_SSC | 1.1_ACTIVATION_ROLE | 1.1_ACTIVATION_ROLE | 1.4_NONCANONICAL_MUSCLE | 1.5_FREE_EMPHASIS,"3.1_HINGE_LOW_SSC: Bisagra con barra usa ssc=0.5. || 1.1_ACTIVATION_ROLE: Glúteo Mayor/secondary usa activation=0.8. || 1.1_ACTIVATION_ROLE: Erectores Espinales/secondary usa activation=0.8. || 1.4_NONCANONICAL_MUSCLE: ""Glúteo Mayor"" no pertenece a los 17 padres de ExerciseAnatomy.kt. || 1.5_FREE_EMPHASIS: Emphasis ""Cadena Posterior / Isquios"" en un padre sin cabezas declaradas (Isquiosurales).",
857,hams_peso_muerto_sumo_barra_recta,Peso Muerto Sumo con Barra Recta,Accesorio,Barra,Bisagra Cadera / Tracción,,2.8,2.2,0.5,2.0,Glúteo Mayor / Isquios,Isquiosurales:primary:1.0:Glúteo Mayor / Isquios | Aductores:secondary:0.7: | Cuádriceps:secondary:0.6:,0,2,RED,3.1_HINGE_LOW_SSC | 1.5_FREE_EMPHASIS,"3.1_HINGE_LOW_SSC: Bisagra con barra usa ssc=0.5. || 1.5_FREE_EMPHASIS: Emphasis ""Glúteo Mayor / Isquios"" en un padre sin cabezas declaradas (Isquiosurales).",
858,hams_peso_muerto_barra_hexagonal,Peso Muerto con Barra Hexagonal (Trap Bar),Accesorio,Barra Hexagonal,Bisagra Cadera / Tracción,,2.8,2.2,0.5,2.0,Cuádriceps / Glúteo / Isquios,Isquiosurales:primary:1.0:Cuádriceps / Glúteo / Isquios | Glúteo Mayor:secondary:0.7: | Cuádriceps:secondary:0.6:,0,2,ORANGE,1.4_NONCANONICAL_MUSCLE | 1.5_FREE_EMPHASIS,"1.4_NONCANONICAL_MUSCLE: ""Glúteo Mayor"" no pertenece a los 17 padres de ExerciseAnatomy.kt. || 1.5_FREE_EMPHASIS: Emphasis ""Cuádriceps / Glúteo / Isquios"" en un padre sin cabezas declaradas (Isquiosurales).",
859,hams_peso_muerto_deficit_barra_recta,Peso Muerto en Déficit con Barra Recta,Accesorio,Barra,Bisagra Cadera / Tracción,,2.8,2.2,0.5,2.0,Isquiosurales / Glúteo,Isquiosurales:primary:1.0:Isquiosurales / Glúteo | Glúteo Mayor:secondary:0.8: | Erectores Espinales:secondary:0.8:,0,5,RED,3.1_HINGE_LOW_SSC | 1.1_ACTIVATION_ROLE | 1.1_ACTIVATION_ROLE | 1.4_NONCANONICAL_MUSCLE | 1.5_FREE_EMPHASIS,"3.1_HINGE_LOW_SSC: Bisagra con barra usa ssc=0.5. || 1.1_ACTIVATION_ROLE: Glúteo Mayor/secondary usa activation=0.8. || 1.1_ACTIVATION_ROLE: Erectores Espinales/secondary usa activation=0.8. || 1.4_NONCANONICAL_MUSCLE: ""Glúteo Mayor"" no pertenece a los 17 padres de ExerciseAnatomy.kt. || 1.5_FREE_EMPHASIS: Emphasis ""Isquiosurales / Glúteo"" en un padre sin cabezas declaradas (Isquiosurales).",
860,hams_pull_through_polea,Pull-Through en Polea Baja,Aislamiento,Polea,Bisagra Cadera,,2.8,2.2,0.5,2.0,Glúteo Mayor / Isquiosurales,Isquiosurales:primary:1.0:Glúteo Mayor / Isquiosurales | Isquiosurales:secondary:0.8:,0,8,ORANGE,1.1_ACTIVATION_ROLE | 1.3_DUPLICATE_MUSCLE | 1.7_PARENT_SUM_GT_ONE | 1.5_FREE_EMPHASIS | 3.1_IQR_CNC | 3.1_IQR_EFC | 3.1_IQR_SSC | 3.1_IQR_TTC,"1.1_ACTIVATION_ROLE: Isquiosurales/secondary usa activation=0.8. || 1.3_DUPLICATE_MUSCLE: Músculo repetido: Isquiosurales. || 1.7_PARENT_SUM_GT_ONE: Suma por padre Isquiosurales=1.80; el runtime usa MAX y oculta el exceso. || 1.5_FREE_EMPHASIS: Emphasis ""Glúteo Mayor / Isquiosurales"" en un padre sin cabezas declaradas (Isquiosurales). || 3.1_IQR_CNC: cnc=2.2 es outlier IQR para tipo=Aislamiento, equipo=Polea (1.30–2.10). || 3.1_IQR_EFC: efc=2.8 es outlier IQR para tipo=Aislamiento, equipo=Polea (1.70–2.50). || 3.1_IQR_SSC: ssc=0.5 es outlier IQR para tipo=Aislamiento, equipo=Polea (-0.05–0.35). || 3.1_IQR_TTC: ttc=2.0 es outlier IQR para tipo=Aislamiento, equipo=Polea (1.35–1.75).",
861,hams_pull_through_banda,Pull-Through con Banda Elástica,Aislamiento,Banda Elástica,Bisagra Cadera,,2.8,2.2,0.5,2.0,Glúteo Mayor / Isquiosurales,Isquiosurales:primary:1.0:Glúteo Mayor / Isquiosurales | Isquiosurales:secondary:0.8:,0,8,ORANGE,1.1_ACTIVATION_ROLE | 1.3_DUPLICATE_MUSCLE | 1.7_PARENT_SUM_GT_ONE | 1.5_FREE_EMPHASIS | 3.1_IQR_CNC | 3.1_IQR_EFC | 3.1_IQR_SSC | 3.1_IQR_TTC,"1.1_ACTIVATION_ROLE: Isquiosurales/secondary usa activation=0.8. || 1.3_DUPLICATE_MUSCLE: Músculo repetido: Isquiosurales. || 1.7_PARENT_SUM_GT_ONE: Suma por padre Isquiosurales=1.80; el runtime usa MAX y oculta el exceso. || 1.5_FREE_EMPHASIS: Emphasis ""Glúteo Mayor / Isquiosurales"" en un padre sin cabezas declaradas (Isquiosurales). || 3.1_IQR_CNC: cnc=2.2 es outlier IQR para tipo=Aislamiento, equipo=Banda Elástica (1.30–2.10). || 3.1_IQR_EFC: efc=2.8 es outlier IQR para tipo=Aislamiento, equipo=Banda Elástica (1.70–2.50). || 3.1_IQR_SSC: ssc=0.5 es outlier IQR para tipo=Aislamiento, equipo=Banda Elástica (-0.05–0.35). || 3.1_IQR_TTC: ttc=2.0 es outlier IQR para tipo=Aislamiento, equipo=Banda Elástica (1.35–1.75).",YES
862,hams_swing_kettlebell_dos_manos,Swing con Kettlebell a Dos Manos,Accesorio,Kettlebell,Bisagra Cadera Explosiva,,2.8,2.2,0.5,2.0,Isquiosurales / Glúteo,Isquiosurales:primary:1.0:Isquiosurales / Glúteo | Glúteo Mayor:secondary:0.8: | Erectores Espinales:secondary:0.6:,0,3,ORANGE,1.1_ACTIVATION_ROLE | 1.4_NONCANONICAL_MUSCLE | 1.5_FREE_EMPHASIS,"1.1_ACTIVATION_ROLE: Glúteo Mayor/secondary usa activation=0.8. || 1.4_NONCANONICAL_MUSCLE: ""Glúteo Mayor"" no pertenece a los 17 padres de ExerciseAnatomy.kt. || 1.5_FREE_EMPHASIS: Emphasis ""Isquiosurales / Glúteo"" en un padre sin cabezas declaradas (Isquiosurales).",
863,hams_swing_kettlebell_unilateral,Swing con Kettlebell a Una Mano,Accesorio,Kettlebell,Bisagra Cadera Explosiva,,2.8,2.2,0.5,2.0,Isquiosurales / Glúteo,Isquiosurales:primary:1.0:Isquiosurales / Glúteo | Glúteo Mayor:secondary:0.8: | Core:secondary:0.6:,0,3,ORANGE,1.1_ACTIVATION_ROLE | 1.4_NONCANONICAL_MUSCLE | 1.5_FREE_EMPHASIS,"1.1_ACTIVATION_ROLE: Glúteo Mayor/secondary usa activation=0.8. || 1.4_NONCANONICAL_MUSCLE: ""Glúteo Mayor"" no pertenece a los 17 padres de ExerciseAnatomy.kt. || 1.5_FREE_EMPHASIS: Emphasis ""Isquiosurales / Glúteo"" en un padre sin cabezas declaradas (Isquiosurales).",
864,hams_curl_femoral_sliders,Curl Femoral Deslizante con Sliders,Aislamiento,Sliders,Flexión Rodilla / Cadera,,2.8,2.2,0.5,2.0,Isquiosurales / Glúteo,Isquiosurales:primary:1.0:Isquiosurales / Glúteo | Glúteo Mayor:secondary:0.5:,0,2,ORANGE,1.4_NONCANONICAL_MUSCLE | 1.5_FREE_EMPHASIS,"1.4_NONCANONICAL_MUSCLE: ""Glúteo Mayor"" no pertenece a los 17 padres de ExerciseAnatomy.kt. || 1.5_FREE_EMPHASIS: Emphasis ""Isquiosurales / Glúteo"" en un padre sin cabezas declaradas (Isquiosurales).",YES
865,hams_curl_femoral_balon_suizo,Curl Femoral sobre Balón Suizo,Aislamiento,Balón Suizo,Flexión Rodilla / Cadera,,2.8,2.2,0.5,2.0,Isquiosurales / Glúteo,Isquiosurales:primary:1.0:Isquiosurales / Glúteo | Glúteo Mayor:secondary:0.5:,0,2,ORANGE,1.4_NONCANONICAL_MUSCLE | 1.5_FREE_EMPHASIS,"1.4_NONCANONICAL_MUSCLE: ""Glúteo Mayor"" no pertenece a los 17 padres de ExerciseAnatomy.kt. || 1.5_FREE_EMPHASIS: Emphasis ""Isquiosurales / Glúteo"" en un padre sin cabezas declaradas (Isquiosurales).",
866,hams_buenos_dias_sentado_barra_recta,Buenos Días Sentado con Barra Recta,Accesorio,Barra,Bisagra Cadera,,2.8,2.2,0.5,2.0,Isquiosurales / Erectores,Isquiosurales:primary:1.0:Isquiosurales / Erectores | Erectores Espinales:secondary:0.8:,0,3,RED,3.1_HINGE_LOW_SSC | 1.1_ACTIVATION_ROLE | 1.5_FREE_EMPHASIS,"3.1_HINGE_LOW_SSC: Bisagra con barra usa ssc=0.5. || 1.1_ACTIVATION_ROLE: Erectores Espinales/secondary usa activation=0.8. || 1.5_FREE_EMPHASIS: Emphasis ""Isquiosurales / Erectores"" en un padre sin cabezas declaradas (Isquiosurales).",
867,hams_buenos_dias_sentado_mancuernas,Buenos Días Sentado con Mancuernas,Accesorio,Mancuerna,Bisagra Cadera,,2.8,2.2,0.5,2.0,Isquiosurales / Erectores,Isquiosurales:primary:1.0:Isquiosurales / Erectores | Erectores Espinales:secondary:0.8:,0,2,ORANGE,1.1_ACTIVATION_ROLE | 1.5_FREE_EMPHASIS,"1.1_ACTIVATION_ROLE: Erectores Espinales/secondary usa activation=0.8. || 1.5_FREE_EMPHASIS: Emphasis ""Isquiosurales / Erectores"" en un padre sin cabezas declaradas (Isquiosurales).",
868,hams_peso_muerto_convencional_mancuernas,Peso Muerto Convencional con Mancuernas,Accesorio,Mancuerna,Bisagra Cadera / Tracción,,2.8,2.2,0.5,2.0,Cadena Posterior / Isquios,Isquiosurales:primary:1.0:Cadena Posterior / Isquios | Glúteo Mayor:secondary:0.8: | Erectores Espinales:secondary:0.8:,0,4,ORANGE,1.1_ACTIVATION_ROLE | 1.1_ACTIVATION_ROLE | 1.4_NONCANONICAL_MUSCLE | 1.5_FREE_EMPHASIS,"1.1_ACTIVATION_ROLE: Glúteo Mayor/secondary usa activation=0.8. || 1.1_ACTIVATION_ROLE: Erectores Espinales/secondary usa activation=0.8. || 1.4_NONCANONICAL_MUSCLE: ""Glúteo Mayor"" no pertenece a los 17 padres de ExerciseAnatomy.kt. || 1.5_FREE_EMPHASIS: Emphasis ""Cadena Posterior / Isquios"" en un padre sin cabezas declaradas (Isquiosurales).",
869,hams_peso_muerto_convencional_kettlebell,Peso Muerto Convencional con Kettlebells,Accesorio,Kettlebell,Bisagra Cadera / Tracción,,2.8,2.2,0.5,2.0,Cadena Posterior / Isquios,Isquiosurales:primary:1.0:Cadena Posterior / Isquios | Glúteo Mayor:secondary:0.8: | Erectores Espinales:secondary:0.8:,0,4,ORANGE,1.1_ACTIVATION_ROLE | 1.1_ACTIVATION_ROLE | 1.4_NONCANONICAL_MUSCLE | 1.5_FREE_EMPHASIS,"1.1_ACTIVATION_ROLE: Glúteo Mayor/secondary usa activation=0.8. || 1.1_ACTIVATION_ROLE: Erectores Espinales/secondary usa activation=0.8. || 1.4_NONCANONICAL_MUSCLE: ""Glúteo Mayor"" no pertenece a los 17 padres de ExerciseAnatomy.kt. || 1.5_FREE_EMPHASIS: Emphasis ""Cadena Posterior / Isquios"" en un padre sin cabezas declaradas (Isquiosurales).",YES
870,hams_peso_muerto_convencional_maquina_smith,Peso Muerto Convencional en Máquina Smith,Accesorio,Máquina Smith,Bisagra Cadera / Tracción,,2.8,2.2,0.5,2.0,Cadena Posterior / Isquios,Isquiosurales:primary:1.0:Cadena Posterior / Isquios | Glúteo Mayor:secondary:0.8: | Erectores Espinales:secondary:0.8:,0,4,ORANGE,1.1_ACTIVATION_ROLE | 1.1_ACTIVATION_ROLE | 1.4_NONCANONICAL_MUSCLE | 1.5_FREE_EMPHASIS,"1.1_ACTIVATION_ROLE: Glúteo Mayor/secondary usa activation=0.8. || 1.1_ACTIVATION_ROLE: Erectores Espinales/secondary usa activation=0.8. || 1.4_NONCANONICAL_MUSCLE: ""Glúteo Mayor"" no pertenece a los 17 padres de ExerciseAnatomy.kt. || 1.5_FREE_EMPHASIS: Emphasis ""Cadena Posterior / Isquios"" en un padre sin cabezas declaradas (Isquiosurales).",YES
871,hams_peso_muerto_sumo_mancuernas,Peso Muerto Sumo con Mancuernas,Accesorio,Mancuerna,Bisagra Cadera / Tracción,,2.8,2.2,0.5,2.0,Glúteo Mayor / Aductores,Isquiosurales:primary:1.0:Glúteo Mayor / Aductores | Aductores:secondary:0.8: | Glúteo Mayor:secondary:0.8: | Erectores Espinales:secondary:0.7:,0,4,ORANGE,1.1_ACTIVATION_ROLE | 1.1_ACTIVATION_ROLE | 1.4_NONCANONICAL_MUSCLE | 1.5_FREE_EMPHASIS,"1.1_ACTIVATION_ROLE: Aductores/secondary usa activation=0.8. || 1.1_ACTIVATION_ROLE: Glúteo Mayor/secondary usa activation=0.8. || 1.4_NONCANONICAL_MUSCLE: ""Glúteo Mayor"" no pertenece a los 17 padres de ExerciseAnatomy.kt. || 1.5_FREE_EMPHASIS: Emphasis ""Glúteo Mayor / Aductores"" en un padre sin cabezas declaradas (Isquiosurales).",
872,hams_peso_muerto_sumo_kettlebell,Peso Muerto Sumo con Kettlebell,Accesorio,Kettlebell,Bisagra Cadera / Tracción,,2.8,2.2,0.5,2.0,Glúteo Mayor / Aductores,Isquiosurales:primary:1.0:Glúteo Mayor / Aductores | Aductores:secondary:0.8: | Glúteo Mayor:secondary:0.8: | Erectores Espinales:secondary:0.7:,0,4,ORANGE,1.1_ACTIVATION_ROLE | 1.1_ACTIVATION_ROLE | 1.4_NONCANONICAL_MUSCLE | 1.5_FREE_EMPHASIS,"1.1_ACTIVATION_ROLE: Aductores/secondary usa activation=0.8. || 1.1_ACTIVATION_ROLE: Glúteo Mayor/secondary usa activation=0.8. || 1.4_NONCANONICAL_MUSCLE: ""Glúteo Mayor"" no pertenece a los 17 padres de ExerciseAnatomy.kt. || 1.5_FREE_EMPHASIS: Emphasis ""Glúteo Mayor / Aductores"" en un padre sin cabezas declaradas (Isquiosurales).",
873,hams_peso_muerto_sumo_maquina_smith,Peso Muerto Sumo en Máquina Smith,Accesorio,Máquina Smith,Bisagra Cadera / Tracción,,2.8,2.2,0.5,2.0,Glúteo Mayor / Aductores,Isquiosurales:primary:1.0:Glúteo Mayor / Aductores | Aductores:secondary:0.8: | Glúteo Mayor:secondary:0.8: | Erectores Espinales:secondary:0.7:,0,4,ORANGE,1.1_ACTIVATION_ROLE | 1.1_ACTIVATION_ROLE | 1.4_NONCANONICAL_MUSCLE | 1.5_FREE_EMPHASIS,"1.1_ACTIVATION_ROLE: Aductores/secondary usa activation=0.8. || 1.1_ACTIVATION_ROLE: Glúteo Mayor/secondary usa activation=0.8. || 1.4_NONCANONICAL_MUSCLE: ""Glúteo Mayor"" no pertenece a los 17 padres de ExerciseAnatomy.kt. || 1.5_FREE_EMPHASIS: Emphasis ""Glúteo Mayor / Aductores"" en un padre sin cabezas declaradas (Isquiosurales).",
874,hams_peso_muerto_unilateral_mancuerna,Peso Muerto Unilateral a 1 Pierna con Mancuerna,Accesorio,Mancuerna,Bisagra Cadera Unilateral,,2.8,2.2,0.5,2.0,Isquiosurales Unilateral,Isquiosurales:primary:1.0:Isquiosurales Unilateral | Glúteo Mayor:secondary:0.8:,0,3,ORANGE,1.1_ACTIVATION_ROLE | 1.4_NONCANONICAL_MUSCLE | 1.5_FREE_EMPHASIS,"1.1_ACTIVATION_ROLE: Glúteo Mayor/secondary usa activation=0.8. || 1.4_NONCANONICAL_MUSCLE: ""Glúteo Mayor"" no pertenece a los 17 padres de ExerciseAnatomy.kt. || 1.5_FREE_EMPHASIS: Emphasis ""Isquiosurales Unilateral"" en un padre sin cabezas declaradas (Isquiosurales).",
875,hams_peso_muerto_unilateral_kettlebell,Peso Muerto Unilateral a 1 Pierna con Kettlebell,Accesorio,Kettlebell,Bisagra Cadera Unilateral,,2.8,2.2,0.5,2.0,Isquiosurales Unilateral,Isquiosurales:primary:1.0:Isquiosurales Unilateral | Glúteo Mayor:secondary:0.8:,0,3,ORANGE,1.1_ACTIVATION_ROLE | 1.4_NONCANONICAL_MUSCLE | 1.5_FREE_EMPHASIS,"1.1_ACTIVATION_ROLE: Glúteo Mayor/secondary usa activation=0.8. || 1.4_NONCANONICAL_MUSCLE: ""Glúteo Mayor"" no pertenece a los 17 padres de ExerciseAnatomy.kt. || 1.5_FREE_EMPHASIS: Emphasis ""Isquiosurales Unilateral"" en un padre sin cabezas declaradas (Isquiosurales).",
876,hams_peso_muerto_unilateral_barra_recta,Peso Muerto Unilateral a 1 Pierna con Barra Recta,Accesorio,Barra,Bisagra Cadera Unilateral,,2.8,2.2,0.5,2.0,Isquiosurales Unilateral,Isquiosurales:primary:1.0:Isquiosurales Unilateral | Glúteo Mayor:secondary:0.8:,0,4,RED,3.1_HINGE_LOW_SSC | 1.1_ACTIVATION_ROLE | 1.4_NONCANONICAL_MUSCLE | 1.5_FREE_EMPHASIS,"3.1_HINGE_LOW_SSC: Bisagra con barra usa ssc=0.5. || 1.1_ACTIVATION_ROLE: Glúteo Mayor/secondary usa activation=0.8. || 1.4_NONCANONICAL_MUSCLE: ""Glúteo Mayor"" no pertenece a los 17 padres de ExerciseAnatomy.kt. || 1.5_FREE_EMPHASIS: Emphasis ""Isquiosurales Unilateral"" en un padre sin cabezas declaradas (Isquiosurales).",
877,hams_peso_muerto_unilateral_polea,Peso Muerto Unilateral a 1 Pierna en Polea,Accesorio,Polea,Bisagra Cadera Unilateral,,2.8,2.2,0.5,2.0,Isquiosurales Unilateral,Isquiosurales:primary:1.0:Isquiosurales Unilateral | Glúteo Mayor:secondary:0.8:,0,6,ORANGE,1.1_ACTIVATION_ROLE | 1.4_NONCANONICAL_MUSCLE | 1.5_FREE_EMPHASIS | 3.1_IQR_CNC | 3.1_IQR_EFC | 3.1_IQR_TTC,"1.1_ACTIVATION_ROLE: Glúteo Mayor/secondary usa activation=0.8. || 1.4_NONCANONICAL_MUSCLE: ""Glúteo Mayor"" no pertenece a los 17 padres de ExerciseAnatomy.kt. || 1.5_FREE_EMPHASIS: Emphasis ""Isquiosurales Unilateral"" en un padre sin cabezas declaradas (Isquiosurales). || 3.1_IQR_CNC: cnc=2.2 es outlier IQR para tipo=Accesorio, equipo=Polea (2.00–2.00). || 3.1_IQR_EFC: efc=2.8 es outlier IQR para tipo=Accesorio, equipo=Polea (2.50–2.50). || 3.1_IQR_TTC: ttc=2.0 es outlier IQR para tipo=Accesorio, equipo=Polea (1.80–1.80).",
878,hams_peso_muerto_unilateral_maquina_smith,Peso Muerto Unilateral a 1 Pierna en Máquina Smith,Accesorio,Máquina Smith,Bisagra Cadera Unilateral,,2.8,2.2,0.5,2.0,Isquiosurales Unilateral,Isquiosurales:primary:1.0:Isquiosurales Unilateral | Glúteo Mayor:secondary:0.8:,0,3,ORANGE,1.1_ACTIVATION_ROLE | 1.4_NONCANONICAL_MUSCLE | 1.5_FREE_EMPHASIS,"1.1_ACTIVATION_ROLE: Glúteo Mayor/secondary usa activation=0.8. || 1.4_NONCANONICAL_MUSCLE: ""Glúteo Mayor"" no pertenece a los 17 padres de ExerciseAnatomy.kt. || 1.5_FREE_EMPHASIS: Emphasis ""Isquiosurales Unilateral"" en un padre sin cabezas declaradas (Isquiosurales).",YES
879,hams_peso_muerto_rumano_sumo_barra_recta,Peso Muerto Rumano Estilo Sumo con Barra Recta,Accesorio,Barra,Bisagra Cadera / RDL,,2.8,2.2,0.5,2.0,Isquiosurales / Aductores / Glúteo,Isquiosurales:primary:1.0:Isquiosurales / Aductores / Glúteo | Glúteo Mayor:secondary:0.8: | Aductores:secondary:0.8: | Erectores Espinales:secondary:0.7:,0,5,RED,3.1_HINGE_LOW_SSC | 1.1_ACTIVATION_ROLE | 1.1_ACTIVATION_ROLE | 1.4_NONCANONICAL_MUSCLE | 1.5_FREE_EMPHASIS,"3.1_HINGE_LOW_SSC: Bisagra con barra usa ssc=0.5. || 1.1_ACTIVATION_ROLE: Glúteo Mayor/secondary usa activation=0.8. || 1.1_ACTIVATION_ROLE: Aductores/secondary usa activation=0.8. || 1.4_NONCANONICAL_MUSCLE: ""Glúteo Mayor"" no pertenece a los 17 padres de ExerciseAnatomy.kt. || 1.5_FREE_EMPHASIS: Emphasis ""Isquiosurales / Aductores / Glúteo"" en un padre sin cabezas declaradas (Isquiosurales).",
880,hams_peso_muerto_rumano_sumo_mancuernas,Peso Muerto Rumano Estilo Sumo con Mancuernas,Accesorio,Mancuerna,Bisagra Cadera / RDL,,2.8,2.2,0.5,2.0,Isquiosurales / Aductores / Glúteo,Isquiosurales:primary:1.0:Isquiosurales / Aductores / Glúteo | Glúteo Mayor:secondary:0.8: | Aductores:secondary:0.8: | Erectores Espinales:secondary:0.7:,0,4,ORANGE,1.1_ACTIVATION_ROLE | 1.1_ACTIVATION_ROLE | 1.4_NONCANONICAL_MUSCLE | 1.5_FREE_EMPHASIS,"1.1_ACTIVATION_ROLE: Glúteo Mayor/secondary usa activation=0.8. || 1.1_ACTIVATION_ROLE: Aductores/secondary usa activation=0.8. || 1.4_NONCANONICAL_MUSCLE: ""Glúteo Mayor"" no pertenece a los 17 padres de ExerciseAnatomy.kt. || 1.5_FREE_EMPHASIS: Emphasis ""Isquiosurales / Aductores / Glúteo"" en un padre sin cabezas declaradas (Isquiosurales).",
881,hams_peso_muerto_rumano_sumo_kettlebell,Peso Muerto Rumano Estilo Sumo con Kettlebells,Accesorio,Kettlebell,Bisagra Cadera / RDL,,2.8,2.2,0.5,2.0,Isquiosurales / Aductores / Glúteo,Isquiosurales:primary:1.0:Isquiosurales / Aductores / Glúteo | Glúteo Mayor:secondary:0.8: | Aductores:secondary:0.8: | Erectores Espinales:secondary:0.7:,0,4,ORANGE,1.1_ACTIVATION_ROLE | 1.1_ACTIVATION_ROLE | 1.4_NONCANONICAL_MUSCLE | 1.5_FREE_EMPHASIS,"1.1_ACTIVATION_ROLE: Glúteo Mayor/secondary usa activation=0.8. || 1.1_ACTIVATION_ROLE: Aductores/secondary usa activation=0.8. || 1.4_NONCANONICAL_MUSCLE: ""Glúteo Mayor"" no pertenece a los 17 padres de ExerciseAnatomy.kt. || 1.5_FREE_EMPHASIS: Emphasis ""Isquiosurales / Aductores / Glúteo"" en un padre sin cabezas declaradas (Isquiosurales).",
882,hams_peso_muerto_rumano_sumo_maquina_smith,Peso Muerto Rumano Estilo Sumo en Máquina Smith,Accesorio,Máquina Smith,Bisagra Cadera / RDL,,2.8,2.2,0.5,2.0,Isquiosurales / Aductores / Glúteo,Isquiosurales:primary:1.0:Isquiosurales / Aductores / Glúteo | Glúteo Mayor:secondary:0.8: | Aductores:secondary:0.8: | Erectores Espinales:secondary:0.7:,0,4,ORANGE,1.1_ACTIVATION_ROLE | 1.1_ACTIVATION_ROLE | 1.4_NONCANONICAL_MUSCLE | 1.5_FREE_EMPHASIS,"1.1_ACTIVATION_ROLE: Glúteo Mayor/secondary usa activation=0.8. || 1.1_ACTIVATION_ROLE: Aductores/secondary usa activation=0.8. || 1.4_NONCANONICAL_MUSCLE: ""Glúteo Mayor"" no pertenece a los 17 padres de ExerciseAnatomy.kt. || 1.5_FREE_EMPHASIS: Emphasis ""Isquiosurales / Aductores / Glúteo"" en un padre sin cabezas declaradas (Isquiosurales).",
883,glutes_puente_gluteos_maquina_smith,Puente de Glúteos en Suelo en Máquina Smith,Accesorio,Máquina Smith,Extensión Cadera,,2.8,2.2,0.5,2.0,Glúteo Mayor,Glúteo Mayor:primary:1.0:Glúteo Mayor | Isquiosurales:secondary:0.4:,0,1,ORANGE,1.4_NONCANONICAL_MUSCLE,"1.4_NONCANONICAL_MUSCLE: ""Glúteo Mayor"" no pertenece a los 17 padres de ExerciseAnatomy.kt.",
884,glutes_puente_gluteos_unilateral_maquina_smith,Puente de Glúteos Unilateral en Suelo en Máquina Smith,Accesorio,Máquina Smith,Extensión Cadera Unilateral,,2.8,2.2,0.5,2.0,Glúteo Mayor Unilateral,Glúteo Mayor:primary:1.0:Glúteo Mayor Unilateral | Isquiosurales:secondary:0.4:,0,1,ORANGE,1.4_NONCANONICAL_MUSCLE,"1.4_NONCANONICAL_MUSCLE: ""Glúteo Mayor"" no pertenece a los 17 padres de ExerciseAnatomy.kt.",
885,hams_peso_muerto_convencional_deficit_barra_recta,Peso Muerto Convencional en Déficit con Barra Recta,Accesorio,Barra,Bisagra Cadera / Déficit,,2.8,2.2,0.5,2.0,Isquiosurales / Estiramiento en Déficit,Isquiosurales:primary:1.0:Isquiosurales / Estiramiento en Déficit | Glúteo Mayor:secondary:0.8: | Erectores Espinales:secondary:0.8:,0,5,RED,3.1_HINGE_LOW_SSC | 1.1_ACTIVATION_ROLE | 1.1_ACTIVATION_ROLE | 1.4_NONCANONICAL_MUSCLE | 1.5_FREE_EMPHASIS,"3.1_HINGE_LOW_SSC: Bisagra con barra usa ssc=0.5. || 1.1_ACTIVATION_ROLE: Glúteo Mayor/secondary usa activation=0.8. || 1.1_ACTIVATION_ROLE: Erectores Espinales/secondary usa activation=0.8. || 1.4_NONCANONICAL_MUSCLE: ""Glúteo Mayor"" no pertenece a los 17 padres de ExerciseAnatomy.kt. || 1.5_FREE_EMPHASIS: Emphasis ""Isquiosurales / Estiramiento en Déficit"" en un padre sin cabezas declaradas (Isquiosurales).",
886,hams_peso_muerto_convencional_deficit_mancuernas,Peso Muerto Convencional en Déficit con Mancuernas,Accesorio,Mancuerna,Bisagra Cadera / Déficit,,2.8,2.2,0.5,2.0,Isquiosurales / Estiramiento en Déficit,Isquiosurales:primary:1.0:Isquiosurales / Estiramiento en Déficit | Glúteo Mayor:secondary:0.8: | Erectores Espinales:secondary:0.8:,0,4,ORANGE,1.1_ACTIVATION_ROLE | 1.1_ACTIVATION_ROLE | 1.4_NONCANONICAL_MUSCLE | 1.5_FREE_EMPHASIS,"1.1_ACTIVATION_ROLE: Glúteo Mayor/secondary usa activation=0.8. || 1.1_ACTIVATION_ROLE: Erectores Espinales/secondary usa activation=0.8. || 1.4_NONCANONICAL_MUSCLE: ""Glúteo Mayor"" no pertenece a los 17 padres de ExerciseAnatomy.kt. || 1.5_FREE_EMPHASIS: Emphasis ""Isquiosurales / Estiramiento en Déficit"" en un padre sin cabezas declaradas (Isquiosurales).",
887,hams_peso_muerto_convencional_deficit_kettlebell,Peso Muerto Convencional en Déficit con Kettlebells,Accesorio,Kettlebell,Bisagra Cadera / Déficit,,2.8,2.2,0.5,2.0,Isquiosurales / Estiramiento en Déficit,Isquiosurales:primary:1.0:Isquiosurales / Estiramiento en Déficit | Glúteo Mayor:secondary:0.8: | Erectores Espinales:secondary:0.8:,0,4,ORANGE,1.1_ACTIVATION_ROLE | 1.1_ACTIVATION_ROLE | 1.4_NONCANONICAL_MUSCLE | 1.5_FREE_EMPHASIS,"1.1_ACTIVATION_ROLE: Glúteo Mayor/secondary usa activation=0.8. || 1.1_ACTIVATION_ROLE: Erectores Espinales/secondary usa activation=0.8. || 1.4_NONCANONICAL_MUSCLE: ""Glúteo Mayor"" no pertenece a los 17 padres de ExerciseAnatomy.kt. || 1.5_FREE_EMPHASIS: Emphasis ""Isquiosurales / Estiramiento en Déficit"" en un padre sin cabezas declaradas (Isquiosurales).",
888,hams_peso_muerto_convencional_deficit_maquina_smith,Peso Muerto Convencional en Déficit en Máquina Smith,Accesorio,Máquina Smith,Bisagra Cadera / Déficit,,2.8,2.2,0.5,2.0,Isquiosurales / Estiramiento en Déficit,Isquiosurales:primary:1.0:Isquiosurales / Estiramiento en Déficit | Glúteo Mayor:secondary:0.8: | Erectores Espinales:secondary:0.8:,0,4,ORANGE,1.1_ACTIVATION_ROLE | 1.1_ACTIVATION_ROLE | 1.4_NONCANONICAL_MUSCLE | 1.5_FREE_EMPHASIS,"1.1_ACTIVATION_ROLE: Glúteo Mayor/secondary usa activation=0.8. || 1.1_ACTIVATION_ROLE: Erectores Espinales/secondary usa activation=0.8. || 1.4_NONCANONICAL_MUSCLE: ""Glúteo Mayor"" no pertenece a los 17 padres de ExerciseAnatomy.kt. || 1.5_FREE_EMPHASIS: Emphasis ""Isquiosurales / Estiramiento en Déficit"" en un padre sin cabezas declaradas (Isquiosurales).",YES
889,hams_peso_muerto_rumano_deficit_barra_recta,Peso Muerto Rumano en Déficit con Barra Recta,Accesorio,Barra,Bisagra Cadera / RDL,,2.8,2.2,0.5,2.0,Isquiosurales / Estiramiento en Déficit,Isquiosurales:primary:1.0:Isquiosurales / Estiramiento en Déficit | Glúteo Mayor:secondary:0.8: | Erectores Espinales:secondary:0.8:,0,5,RED,3.1_HINGE_LOW_SSC | 1.1_ACTIVATION_ROLE | 1.1_ACTIVATION_ROLE | 1.4_NONCANONICAL_MUSCLE | 1.5_FREE_EMPHASIS,"3.1_HINGE_LOW_SSC: Bisagra con barra usa ssc=0.5. || 1.1_ACTIVATION_ROLE: Glúteo Mayor/secondary usa activation=0.8. || 1.1_ACTIVATION_ROLE: Erectores Espinales/secondary usa activation=0.8. || 1.4_NONCANONICAL_MUSCLE: ""Glúteo Mayor"" no pertenece a los 17 padres de ExerciseAnatomy.kt. || 1.5_FREE_EMPHASIS: Emphasis ""Isquiosurales / Estiramiento en Déficit"" en un padre sin cabezas declaradas (Isquiosurales).",
890,hams_peso_muerto_rumano_deficit_mancuernas,Peso Muerto Rumano en Déficit con Mancuernas,Accesorio,Mancuerna,Bisagra Cadera / RDL,,2.8,2.2,0.5,2.0,Isquiosurales / Estiramiento en Déficit,Isquiosurales:primary:1.0:Isquiosurales / Estiramiento en Déficit | Glúteo Mayor:secondary:0.8: | Erectores Espinales:secondary:0.8:,0,4,ORANGE,1.1_ACTIVATION_ROLE | 1.1_ACTIVATION_ROLE | 1.4_NONCANONICAL_MUSCLE | 1.5_FREE_EMPHASIS,"1.1_ACTIVATION_ROLE: Glúteo Mayor/secondary usa activation=0.8. || 1.1_ACTIVATION_ROLE: Erectores Espinales/secondary usa activation=0.8. || 1.4_NONCANONICAL_MUSCLE: ""Glúteo Mayor"" no pertenece a los 17 padres de ExerciseAnatomy.kt. || 1.5_FREE_EMPHASIS: Emphasis ""Isquiosurales / Estiramiento en Déficit"" en un padre sin cabezas declaradas (Isquiosurales).",
891,hams_peso_muerto_rumano_deficit_kettlebell,Peso Muerto Rumano en Déficit con Kettlebells,Accesorio,Kettlebell,Bisagra Cadera / RDL,,2.8,2.2,0.5,2.0,Isquiosurales / Estiramiento en Déficit,Isquiosurales:primary:1.0:Isquiosurales / Estiramiento en Déficit | Glúteo Mayor:secondary:0.8: | Erectores Espinales:secondary:0.8:,0,4,ORANGE,1.1_ACTIVATION_ROLE | 1.1_ACTIVATION_ROLE | 1.4_NONCANONICAL_MUSCLE | 1.5_FREE_EMPHASIS,"1.1_ACTIVATION_ROLE: Glúteo Mayor/secondary usa activation=0.8. || 1.1_ACTIVATION_ROLE: Erectores Espinales/secondary usa activation=0.8. || 1.4_NONCANONICAL_MUSCLE: ""Glúteo Mayor"" no pertenece a los 17 padres de ExerciseAnatomy.kt. || 1.5_FREE_EMPHASIS: Emphasis ""Isquiosurales / Estiramiento en Déficit"" en un padre sin cabezas declaradas (Isquiosurales).",YES
892,hams_peso_muerto_rumano_deficit_maquina_smith,Peso Muerto Rumano en Déficit en Máquina Smith,Accesorio,Máquina Smith,Bisagra Cadera / RDL,,2.8,2.2,0.5,2.0,Isquiosurales / Estiramiento en Déficit,Isquiosurales:primary:1.0:Isquiosurales / Estiramiento en Déficit | Glúteo Mayor:secondary:0.8: | Erectores Espinales:secondary:0.8:,0,4,ORANGE,1.1_ACTIVATION_ROLE | 1.1_ACTIVATION_ROLE | 1.4_NONCANONICAL_MUSCLE | 1.5_FREE_EMPHASIS,"1.1_ACTIVATION_ROLE: Glúteo Mayor/secondary usa activation=0.8. || 1.1_ACTIVATION_ROLE: Erectores Espinales/secondary usa activation=0.8. || 1.4_NONCANONICAL_MUSCLE: ""Glúteo Mayor"" no pertenece a los 17 padres de ExerciseAnatomy.kt. || 1.5_FREE_EMPHASIS: Emphasis ""Isquiosurales / Estiramiento en Déficit"" en un padre sin cabezas declaradas (Isquiosurales).",
893,hams_peso_muerto_sumo_deficit_barra_recta,Peso Muerto Sumo en Déficit con Barra Recta,Accesorio,Barra,Bisagra Cadera / Déficit,,2.8,2.2,0.5,2.0,Isquiosurales / Aductores en Déficit,Isquiosurales:primary:1.0:Isquiosurales / Aductores en Déficit | Glúteo Mayor:secondary:0.8: | Aductores:secondary:0.8:,0,5,RED,3.1_HINGE_LOW_SSC | 1.1_ACTIVATION_ROLE | 1.1_ACTIVATION_ROLE | 1.4_NONCANONICAL_MUSCLE | 1.5_FREE_EMPHASIS,"3.1_HINGE_LOW_SSC: Bisagra con barra usa ssc=0.5. || 1.1_ACTIVATION_ROLE: Glúteo Mayor/secondary usa activation=0.8. || 1.1_ACTIVATION_ROLE: Aductores/secondary usa activation=0.8. || 1.4_NONCANONICAL_MUSCLE: ""Glúteo Mayor"" no pertenece a los 17 padres de ExerciseAnatomy.kt. || 1.5_FREE_EMPHASIS: Emphasis ""Isquiosurales / Aductores en Déficit"" en un padre sin cabezas declaradas (Isquiosurales).",
894,hams_peso_muerto_sumo_deficit_mancuernas,Peso Muerto Sumo en Déficit con Mancuernas,Accesorio,Mancuerna,Bisagra Cadera / Déficit,,2.8,2.2,0.5,2.0,Isquiosurales / Aductores en Déficit,Isquiosurales:primary:1.0:Isquiosurales / Aductores en Déficit | Glúteo Mayor:secondary:0.8: | Aductores:secondary:0.8:,0,4,ORANGE,1.1_ACTIVATION_ROLE | 1.1_ACTIVATION_ROLE | 1.4_NONCANONICAL_MUSCLE | 1.5_FREE_EMPHASIS,"1.1_ACTIVATION_ROLE: Glúteo Mayor/secondary usa activation=0.8. || 1.1_ACTIVATION_ROLE: Aductores/secondary usa activation=0.8. || 1.4_NONCANONICAL_MUSCLE: ""Glúteo Mayor"" no pertenece a los 17 padres de ExerciseAnatomy.kt. || 1.5_FREE_EMPHASIS: Emphasis ""Isquiosurales / Aductores en Déficit"" en un padre sin cabezas declaradas (Isquiosurales).",
895,hams_peso_muerto_sumo_deficit_kettlebell,Peso Muerto Sumo en Déficit con Kettlebell,Accesorio,Kettlebell,Bisagra Cadera / Déficit,,2.8,2.2,0.5,2.0,Isquiosurales / Aductores en Déficit,Isquiosurales:primary:1.0:Isquiosurales / Aductores en Déficit | Glúteo Mayor:secondary:0.8: | Aductores:secondary:0.8:,0,4,ORANGE,1.1_ACTIVATION_ROLE | 1.1_ACTIVATION_ROLE | 1.4_NONCANONICAL_MUSCLE | 1.5_FREE_EMPHASIS,"1.1_ACTIVATION_ROLE: Glúteo Mayor/secondary usa activation=0.8. || 1.1_ACTIVATION_ROLE: Aductores/secondary usa activation=0.8. || 1.4_NONCANONICAL_MUSCLE: ""Glúteo Mayor"" no pertenece a los 17 padres de ExerciseAnatomy.kt. || 1.5_FREE_EMPHASIS: Emphasis ""Isquiosurales / Aductores en Déficit"" en un padre sin cabezas declaradas (Isquiosurales).",
896,hams_peso_muerto_sumo_deficit_maquina_smith,Peso Muerto Sumo en Déficit en Máquina Smith,Accesorio,Máquina Smith,Bisagra Cadera / Déficit,,2.8,2.2,0.5,2.0,Isquiosurales / Aductores en Déficit,Isquiosurales:primary:1.0:Isquiosurales / Aductores en Déficit | Glúteo Mayor:secondary:0.8: | Aductores:secondary:0.8:,0,4,ORANGE,1.1_ACTIVATION_ROLE | 1.1_ACTIVATION_ROLE | 1.4_NONCANONICAL_MUSCLE | 1.5_FREE_EMPHASIS,"1.1_ACTIVATION_ROLE: Glúteo Mayor/secondary usa activation=0.8. || 1.1_ACTIVATION_ROLE: Aductores/secondary usa activation=0.8. || 1.4_NONCANONICAL_MUSCLE: ""Glúteo Mayor"" no pertenece a los 17 padres de ExerciseAnatomy.kt. || 1.5_FREE_EMPHASIS: Emphasis ""Isquiosurales / Aductores en Déficit"" en un padre sin cabezas declaradas (Isquiosurales).",
897,hams_peso_muerto_piernas_rigidas_deficit_barra_recta,Peso Muerto Piernas Rígidas en Déficit con Barra Recta,Accesorio,Barra,Bisagra Cadera / Déficit,,2.8,2.2,0.5,2.0,Isquiosurales / Estiramiento Máximo,Isquiosurales:primary:1.0:Isquiosurales / Estiramiento Máximo | Glúteo Mayor:secondary:0.7: | Erectores Espinales:secondary:0.8:,0,4,RED,3.1_HINGE_LOW_SSC | 1.1_ACTIVATION_ROLE | 1.4_NONCANONICAL_MUSCLE | 1.5_FREE_EMPHASIS,"3.1_HINGE_LOW_SSC: Bisagra con barra usa ssc=0.5. || 1.1_ACTIVATION_ROLE: Erectores Espinales/secondary usa activation=0.8. || 1.4_NONCANONICAL_MUSCLE: ""Glúteo Mayor"" no pertenece a los 17 padres de ExerciseAnatomy.kt. || 1.5_FREE_EMPHASIS: Emphasis ""Isquiosurales / Estiramiento Máximo"" en un padre sin cabezas declaradas (Isquiosurales).",
898,hams_peso_muerto_piernas_rigidas_deficit_mancuernas,Peso Muerto Piernas Rígidas en Déficit con Mancuernas,Accesorio,Mancuerna,Bisagra Cadera / Déficit,,2.8,2.2,0.5,2.0,Isquiosurales / Estiramiento Máximo,Isquiosurales:primary:1.0:Isquiosurales / Estiramiento Máximo | Glúteo Mayor:secondary:0.7: | Erectores Espinales:secondary:0.8:,0,3,ORANGE,1.1_ACTIVATION_ROLE | 1.4_NONCANONICAL_MUSCLE | 1.5_FREE_EMPHASIS,"1.1_ACTIVATION_ROLE: Erectores Espinales/secondary usa activation=0.8. || 1.4_NONCANONICAL_MUSCLE: ""Glúteo Mayor"" no pertenece a los 17 padres de ExerciseAnatomy.kt. || 1.5_FREE_EMPHASIS: Emphasis ""Isquiosurales / Estiramiento Máximo"" en un padre sin cabezas declaradas (Isquiosurales).",
899,hams_peso_muerto_piernas_rigidas_deficit_kettlebell,Peso Muerto Piernas Rígidas en Déficit con Kettlebell,Accesorio,Kettlebell,Bisagra Cadera / Déficit,,2.8,2.2,0.5,2.0,Isquiosurales / Estiramiento Máximo,Isquiosurales:primary:1.0:Isquiosurales / Estiramiento Máximo | Glúteo Mayor:secondary:0.7: | Erectores Espinales:secondary:0.8:,0,3,ORANGE,1.1_ACTIVATION_ROLE | 1.4_NONCANONICAL_MUSCLE | 1.5_FREE_EMPHASIS,"1.1_ACTIVATION_ROLE: Erectores Espinales/secondary usa activation=0.8. || 1.4_NONCANONICAL_MUSCLE: ""Glúteo Mayor"" no pertenece a los 17 padres de ExerciseAnatomy.kt. || 1.5_FREE_EMPHASIS: Emphasis ""Isquiosurales / Estiramiento Máximo"" en un padre sin cabezas declaradas (Isquiosurales).",
900,hams_peso_muerto_rumano_sumo_deficit_barra_recta,Peso Muerto Rumano Estilo Sumo en Déficit con Barra Recta,Accesorio,Barra,Bisagra Cadera / RDL Déficit,,2.8,2.2,0.5,2.0,Isquiosurales / Aductores en Déficit,Isquiosurales:primary:1.0:Isquiosurales / Aductores en Déficit | Glúteo Mayor:secondary:0.8: | Aductores:secondary:0.8:,0,5,RED,3.1_HINGE_LOW_SSC | 1.1_ACTIVATION_ROLE | 1.1_ACTIVATION_ROLE | 1.4_NONCANONICAL_MUSCLE | 1.5_FREE_EMPHASIS,"3.1_HINGE_LOW_SSC: Bisagra con barra usa ssc=0.5. || 1.1_ACTIVATION_ROLE: Glúteo Mayor/secondary usa activation=0.8. || 1.1_ACTIVATION_ROLE: Aductores/secondary usa activation=0.8. || 1.4_NONCANONICAL_MUSCLE: ""Glúteo Mayor"" no pertenece a los 17 padres de ExerciseAnatomy.kt. || 1.5_FREE_EMPHASIS: Emphasis ""Isquiosurales / Aductores en Déficit"" en un padre sin cabezas declaradas (Isquiosurales).",
901,hams_peso_muerto_rumano_sumo_deficit_mancuernas,Peso Muerto Rumano Estilo Sumo en Déficit con Mancuernas,Accesorio,Mancuerna,Bisagra Cadera / RDL Déficit,,2.8,2.2,0.5,2.0,Isquiosurales / Aductores en Déficit,Isquiosurales:primary:1.0:Isquiosurales / Aductores en Déficit | Glúteo Mayor:secondary:0.8: | Aductores:secondary:0.8:,0,4,ORANGE,1.1_ACTIVATION_ROLE | 1.1_ACTIVATION_ROLE | 1.4_NONCANONICAL_MUSCLE | 1.5_FREE_EMPHASIS,"1.1_ACTIVATION_ROLE: Glúteo Mayor/secondary usa activation=0.8. || 1.1_ACTIVATION_ROLE: Aductores/secondary usa activation=0.8. || 1.4_NONCANONICAL_MUSCLE: ""Glúteo Mayor"" no pertenece a los 17 padres de ExerciseAnatomy.kt. || 1.5_FREE_EMPHASIS: Emphasis ""Isquiosurales / Aductores en Déficit"" en un padre sin cabezas declaradas (Isquiosurales).",
902,hams_peso_muerto_rumano_sumo_deficit_kettlebell,Peso Muerto Rumano Estilo Sumo en Déficit con Kettlebells,Accesorio,Kettlebell,Bisagra Cadera / RDL Déficit,,2.8,2.2,0.5,2.0,Isquiosurales / Aductores en Déficit,Isquiosurales:primary:1.0:Isquiosurales / Aductores en Déficit | Glúteo Mayor:secondary:0.8: | Aductores:secondary:0.8:,0,4,ORANGE,1.1_ACTIVATION_ROLE | 1.1_ACTIVATION_ROLE | 1.4_NONCANONICAL_MUSCLE | 1.5_FREE_EMPHASIS,"1.1_ACTIVATION_ROLE: Glúteo Mayor/secondary usa activation=0.8. || 1.1_ACTIVATION_ROLE: Aductores/secondary usa activation=0.8. || 1.4_NONCANONICAL_MUSCLE: ""Glúteo Mayor"" no pertenece a los 17 padres de ExerciseAnatomy.kt. || 1.5_FREE_EMPHASIS: Emphasis ""Isquiosurales / Aductores en Déficit"" en un padre sin cabezas declaradas (Isquiosurales).",
903,glutes_hiperextension_45_banda,Hiperextensión a 45º en Banda Elástica,Accesorio,Banda Elástica,Extensión Cadera,,2.8,2.2,0.5,2.0,Glúteo Mayor / Isquiosurales,Glúteo Mayor:primary:1.0:Glúteo Mayor / Isquiosurales | Isquiosurales:secondary:0.6: | Erectores Espinales:secondary:0.6:,0,1,ORANGE,1.4_NONCANONICAL_MUSCLE,"1.4_NONCANONICAL_MUSCLE: ""Glúteo Mayor"" no pertenece a los 17 padres de ExerciseAnatomy.kt.",
904,glutes_hiperextension_45_zercher_barra_recta,Hiperextensión a 45º Zercher con Barra Recta,Accesorio,Barra,Extensión Cadera,,2.8,2.2,0.5,2.0,Glúteo Mayor / Core,Glúteo Mayor:primary:1.0:Glúteo Mayor / Core | Isquiosurales:secondary:0.6: | Core:secondary:0.6:,0,1,ORANGE,1.4_NONCANONICAL_MUSCLE,"1.4_NONCANONICAL_MUSCLE: ""Glúteo Mayor"" no pertenece a los 17 padres de ExerciseAnatomy.kt.",
905,glutes_hiperextension_45_maquina_smith,Hiperextensión a 45º en Máquina Smith,Accesorio,Máquina Smith,Extensión Cadera,,2.8,2.2,0.5,2.0,Glúteo Mayor / Isquiosurales,Glúteo Mayor:primary:1.0:Glúteo Mayor / Isquiosurales | Isquiosurales:secondary:0.6: | Erectores Espinales:secondary:0.6:,0,1,ORANGE,1.4_NONCANONICAL_MUSCLE,"1.4_NONCANONICAL_MUSCLE: ""Glúteo Mayor"" no pertenece a los 17 padres de ExerciseAnatomy.kt.",
906,glutes_hiperextension_45,Hiperextensión a 45º,Accesorio,Peso Corporal,Extensión Cadera,,2.8,2.2,0.5,2.0,Glúteo Mayor / Isquiosurales,Glúteo Mayor:primary:1.0:Glúteo Mayor / Isquiosurales | Isquiosurales:secondary:0.6: | Erectores Espinales:secondary:0.6:,0,1,ORANGE,1.4_NONCANONICAL_MUSCLE,"1.4_NONCANONICAL_MUSCLE: ""Glúteo Mayor"" no pertenece a los 17 padres de ExerciseAnatomy.kt.",
907,glutes_hiperextension_45_unilateral,Hiperextensión a 45º Unilateral,Accesorio,Peso Corporal,Extensión Cadera Unilateral,,2.8,2.2,0.5,2.0,Glúteo Mayor Unilateral,Glúteo Mayor:primary:1.0:Glúteo Mayor Unilateral | Isquiosurales:secondary:0.6: | Erectores Espinales:secondary:0.6:,0,1,ORANGE,1.4_NONCANONICAL_MUSCLE,"1.4_NONCANONICAL_MUSCLE: ""Glúteo Mayor"" no pertenece a los 17 padres de ExerciseAnatomy.kt.",
908,glutes_hiperextension_45_unilateral_barra,Hiperextensión a 45º Unilateral con Barra Recta,Accesorio,Barra,Extensión Cadera Unilateral,,2.8,2.2,0.5,2.0,Glúteo Mayor Unilateral / Isquiosurales,Glúteo Mayor:primary:1.0:Glúteo Mayor Unilateral / Isquiosurales | Isquiosurales:secondary:0.6: | Erectores Espinales:secondary:0.6:,0,1,ORANGE,1.4_NONCANONICAL_MUSCLE,"1.4_NONCANONICAL_MUSCLE: ""Glúteo Mayor"" no pertenece a los 17 padres de ExerciseAnatomy.kt.",
909,glutes_hiperextension_45_unilateral_zercher_barra,Hiperextensión a 45º Unilateral Zercher con Barra Recta,Accesorio,Barra,Extensión Cadera Unilateral,,2.8,2.2,0.5,2.0,Glúteo Mayor Unilateral / Core,Glúteo Mayor:primary:1.0:Glúteo Mayor Unilateral / Core | Isquiosurales:secondary:0.6: | Core:secondary:0.6:,0,1,ORANGE,1.4_NONCANONICAL_MUSCLE,"1.4_NONCANONICAL_MUSCLE: ""Glúteo Mayor"" no pertenece a los 17 padres de ExerciseAnatomy.kt.",
910,glutes_hiperextension_45_unilateral_polea,Hiperextensión a 45º Unilateral en Polea,Accesorio,Polea,Extensión Cadera Unilateral,,2.8,2.2,0.5,2.0,Glúteo Mayor Unilateral / Isquiosurales,Glúteo Mayor:primary:1.0:Glúteo Mayor Unilateral / Isquiosurales | Isquiosurales:secondary:0.6: | Erectores Espinales:secondary:0.6:,0,4,ORANGE,1.4_NONCANONICAL_MUSCLE | 3.1_IQR_CNC | 3.1_IQR_EFC | 3.1_IQR_TTC,"1.4_NONCANONICAL_MUSCLE: ""Glúteo Mayor"" no pertenece a los 17 padres de ExerciseAnatomy.kt. || 3.1_IQR_CNC: cnc=2.2 es outlier IQR para tipo=Accesorio, equipo=Polea (2.00–2.00). || 3.1_IQR_EFC: efc=2.8 es outlier IQR para tipo=Accesorio, equipo=Polea (2.50–2.50). || 3.1_IQR_TTC: ttc=2.0 es outlier IQR para tipo=Accesorio, equipo=Polea (1.80–1.80).",YES
911,glutes_hiperextension_45_unilateral_banda,Hiperextensión a 45º Unilateral en Banda Elástica,Accesorio,Banda Elástica,Extensión Cadera Unilateral,,2.8,2.2,0.5,2.0,Glúteo Mayor Unilateral / Isquiosurales,Glúteo Mayor:primary:1.0:Glúteo Mayor Unilateral / Isquiosurales | Isquiosurales:secondary:0.6: | Erectores Espinales:secondary:0.6:,0,1,ORANGE,1.4_NONCANONICAL_MUSCLE,"1.4_NONCANONICAL_MUSCLE: ""Glúteo Mayor"" no pertenece a los 17 padres de ExerciseAnatomy.kt.",YES
912,glutes_hiperextension_45_unilateral_maquina_smith,Hiperextensión a 45º Unilateral en Máquina Smith,Accesorio,Máquina Smith,Extensión Cadera Unilateral,,2.8,2.2,0.5,2.0,Glúteo Mayor Unilateral / Isquiosurales,Glúteo Mayor:primary:1.0:Glúteo Mayor Unilateral / Isquiosurales | Isquiosurales:secondary:0.6: | Erectores Espinales:secondary:0.6:,0,1,ORANGE,1.4_NONCANONICAL_MUSCLE,"1.4_NONCANONICAL_MUSCLE: ""Glúteo Mayor"" no pertenece a los 17 padres de ExerciseAnatomy.kt.",
913,glutes_hiperextension_45_zercher_maquina_smith,Hiperextensión a 45º Zercher en Máquina Smith,Accesorio,Máquina Smith,Extensión Cadera,,2.8,2.2,0.5,2.0,Glúteo Mayor / Core,Glúteo Mayor:primary:1.0:Glúteo Mayor / Core | Isquiosurales:secondary:0.6: | Core:secondary:0.6:,0,1,ORANGE,1.4_NONCANONICAL_MUSCLE,"1.4_NONCANONICAL_MUSCLE: ""Glúteo Mayor"" no pertenece a los 17 padres de ExerciseAnatomy.kt.",
914,glutes_hiperextension_45_unilateral_zercher_maquina_smith,Hiperextensión a 45º Unilateral Zercher en Máquina Smith,Accesorio,Máquina Smith,Extensión Cadera Unilateral,,2.8,2.2,0.5,2.0,Glúteo Mayor Unilateral / Core,Glúteo Mayor:primary:1.0:Glúteo Mayor Unilateral / Core | Isquiosurales:secondary:0.6: | Core:secondary:0.6:,0,1,ORANGE,1.4_NONCANONICAL_MUSCLE,"1.4_NONCANONICAL_MUSCLE: ""Glúteo Mayor"" no pertenece a los 17 padres de ExerciseAnatomy.kt.",
915,glutes_reverse_hyper_unilateral_maquina,Reverse Hyper Unilateral en Máquina,Accesorio,Máquina,Extensión Cadera Inversa Unilateral,,2.8,2.2,0.5,2.0,Glúteo Mayor Unilateral,Glúteo Mayor:primary:1.0:Glúteo Mayor Unilateral | Isquiosurales:secondary:0.6:,0,1,ORANGE,1.4_NONCANONICAL_MUSCLE,"1.4_NONCANONICAL_MUSCLE: ""Glúteo Mayor"" no pertenece a los 17 padres de ExerciseAnatomy.kt.",
916,glutes_reverse_hyper_unilateral_banco,Reverse Hyper Unilateral en Banco Plano,Accesorio,Peso Corporal,Extensión Cadera Inversa Unilateral,,2.8,2.2,0.5,2.0,Glúteo Mayor Unilateral,Glúteo Mayor:primary:1.0:Glúteo Mayor Unilateral | Isquiosurales:secondary:0.6:,0,1,ORANGE,1.4_NONCANONICAL_MUSCLE,"1.4_NONCANONICAL_MUSCLE: ""Glúteo Mayor"" no pertenece a los 17 padres de ExerciseAnatomy.kt.",
917,hams_glute_ham_raise_unilateral_ghd,Glute Ham Raise (GHR) Unilateral en Máquina GHD,Accesorio,Máquina GHD,Extensión Rodilla / Cadera Unilateral,,2.8,2.2,0.5,2.0,Isquiosurales Unilateral / Glúteos,Isquiosurales:primary:1.0:Isquiosurales Unilateral / Glúteos | Glúteo Mayor:secondary:0.7:,0,2,ORANGE,1.4_NONCANONICAL_MUSCLE | 1.5_FREE_EMPHASIS,"1.4_NONCANONICAL_MUSCLE: ""Glúteo Mayor"" no pertenece a los 17 padres de ExerciseAnatomy.kt. || 1.5_FREE_EMPHASIS: Emphasis ""Isquiosurales Unilateral / Glúteos"" en un padre sin cabezas declaradas (Isquiosurales).",
918,hams_glute_ham_raise_lastrado_disco,Glute Ham Raise (GHR) Lastrado con Disco en Máquina GHD,Accesorio,Disco,Extensión Rodilla / Cadera,,2.8,2.2,0.5,2.0,Isquiosurales / Glúteos,Isquiosurales:primary:1.0:Isquiosurales / Glúteos | Glúteo Mayor:secondary:0.7:,0,2,ORANGE,1.4_NONCANONICAL_MUSCLE | 1.5_FREE_EMPHASIS,"1.4_NONCANONICAL_MUSCLE: ""Glúteo Mayor"" no pertenece a los 17 padres de ExerciseAnatomy.kt. || 1.5_FREE_EMPHASIS: Emphasis ""Isquiosurales / Glúteos"" en un padre sin cabezas declaradas (Isquiosurales).",
919,adductors_aduccion_cadera_sentado_maquina,Aducción de Cadera Sentado en Máquina,Aislamiento,Máquina,Aducción Cadera,,2.0,1.5,0.2,1.5,Aductores,Aductores:primary:1.0:Aductores | Glúteo Mayor:secondary:0.2:,0,3,ORANGE,1.1_ACTIVATION_ROLE | 1.4_NONCANONICAL_MUSCLE | 1.5_FREE_EMPHASIS,"1.1_ACTIVATION_ROLE: Glúteo Mayor/secondary usa activation=0.2. || 1.4_NONCANONICAL_MUSCLE: ""Glúteo Mayor"" no pertenece a los 17 padres de ExerciseAnatomy.kt. || 1.5_FREE_EMPHASIS: Emphasis ""Aductores"" en un padre sin cabezas declaradas (Aductores).",
920,adductors_aduccion_cadera_polea,Aducción de Cadera de Pie en Polea,Aislamiento,Polea,Aducción Cadera,,2.0,1.5,0.2,1.5,Aductores,Aductores:primary:1.0:Aductores | Glúteo Mayor:secondary:0.2:,0,3,ORANGE,1.1_ACTIVATION_ROLE | 1.4_NONCANONICAL_MUSCLE | 1.5_FREE_EMPHASIS,"1.1_ACTIVATION_ROLE: Glúteo Mayor/secondary usa activation=0.2. || 1.4_NONCANONICAL_MUSCLE: ""Glúteo Mayor"" no pertenece a los 17 padres de ExerciseAnatomy.kt. || 1.5_FREE_EMPHASIS: Emphasis ""Aductores"" en un padre sin cabezas declaradas (Aductores).",YES
921,adductors_aduccion_cadera_polea_unilateral,Aducción de Cadera de Pie en Polea Unilateral,Aislamiento,Polea,Aducción Cadera,,2.0,1.5,0.2,1.5,Aductores,Aductores:primary:1.0:Aductores | Glúteo Mayor:secondary:0.2:,0,3,ORANGE,1.1_ACTIVATION_ROLE | 1.4_NONCANONICAL_MUSCLE | 1.5_FREE_EMPHASIS,"1.1_ACTIVATION_ROLE: Glúteo Mayor/secondary usa activation=0.2. || 1.4_NONCANONICAL_MUSCLE: ""Glúteo Mayor"" no pertenece a los 17 padres de ExerciseAnatomy.kt. || 1.5_FREE_EMPHASIS: Emphasis ""Aductores"" en un padre sin cabezas declaradas (Aductores).",
922,adductors_aduccion_cadera_banda,Aducción de Cadera en Banda Elástica,Aislamiento,Banda Elástica,Aducción Cadera,,2.0,1.5,0.2,1.5,Aductores,Aductores:primary:1.0:Aductores | Glúteo Mayor:secondary:0.2:,0,3,ORANGE,1.1_ACTIVATION_ROLE | 1.4_NONCANONICAL_MUSCLE | 1.5_FREE_EMPHASIS,"1.1_ACTIVATION_ROLE: Glúteo Mayor/secondary usa activation=0.2. || 1.4_NONCANONICAL_MUSCLE: ""Glúteo Mayor"" no pertenece a los 17 padres de ExerciseAnatomy.kt. || 1.5_FREE_EMPHASIS: Emphasis ""Aductores"" en un padre sin cabezas declaradas (Aductores).",
923,adductors_plancha_copenhagen_peso_corporal,Plancha Copenhagen (Copenhagen Plank),Aislamiento,Peso Corporal,Aducción Isométrica,,2.0,1.5,0.2,1.5,Aductores / Core,Aductores:primary:1.0:Aductores / Core | Core:secondary:0.6:,0,1,BLUE,1.5_FREE_EMPHASIS,"1.5_FREE_EMPHASIS: Emphasis ""Aductores / Core"" en un padre sin cabezas declaradas (Aductores).",
924,adductors_plancha_copenhagen_dinamica,Plancha Copenhagen Dinámica,Aislamiento,Peso Corporal,Aducción Dinámica,,2.0,1.5,0.2,1.5,Aductores / Core,Aductores:primary:1.0:Aductores / Core | Core:secondary:0.6:,0,1,BLUE,1.5_FREE_EMPHASIS,"1.5_FREE_EMPHASIS: Emphasis ""Aductores / Core"" en un padre sin cabezas declaradas (Aductores).",
925,calves_elevacion_talones_de_pie_maquina,Elevación de Talones de Pie en Máquina,Aislamiento,Máquina,Flexión Plantar,,2.0,1.5,0.2,1.5,Gastrocnemio,Pantorrillas:primary:1.0:Gastrocnemio | Sóleo:secondary:0.7:,0,2,ORANGE,1.4_NONCANONICAL_MUSCLE | 1.7_PARENT_SUM_GT_ONE,"1.4_NONCANONICAL_MUSCLE: ""Sóleo"" no pertenece a los 17 padres de ExerciseAnatomy.kt. || 1.7_PARENT_SUM_GT_ONE: Suma por padre Pantorrillas=1.70; el runtime usa MAX y oculta el exceso.",
926,calves_elevacion_talones_de_pie_maquina_smith,Elevación de Talones de Pie en Máquina Smith,Aislamiento,Máquina Smith,Flexión Plantar,,2.0,1.5,0.2,1.5,Gastrocnemio,Pantorrillas:primary:1.0:Gastrocnemio | Sóleo:secondary:0.7:,0,2,ORANGE,1.4_NONCANONICAL_MUSCLE | 1.7_PARENT_SUM_GT_ONE,"1.4_NONCANONICAL_MUSCLE: ""Sóleo"" no pertenece a los 17 padres de ExerciseAnatomy.kt. || 1.7_PARENT_SUM_GT_ONE: Suma por padre Pantorrillas=1.70; el runtime usa MAX y oculta el exceso.",
927,calves_elevacion_talones_de_pie_mancuernas,Elevación de Talones de Pie con Mancuernas,Aislamiento,Mancuerna,Flexión Plantar,,2.0,1.5,0.2,1.5,Gastrocnemio,Pantorrillas:primary:1.0:Gastrocnemio | Sóleo:secondary:0.7:,0,2,ORANGE,1.4_NONCANONICAL_MUSCLE | 1.7_PARENT_SUM_GT_ONE,"1.4_NONCANONICAL_MUSCLE: ""Sóleo"" no pertenece a los 17 padres de ExerciseAnatomy.kt. || 1.7_PARENT_SUM_GT_ONE: Suma por padre Pantorrillas=1.70; el runtime usa MAX y oculta el exceso.",
928,calves_elevacion_talones_de_pie_kettlebell,Elevación de Talones de Pie con Kettlebell,Aislamiento,Kettlebell,Flexión Plantar,,2.0,1.5,0.2,1.5,Gastrocnemio,Pantorrillas:primary:1.0:Gastrocnemio | Sóleo:secondary:0.7:,0,2,ORANGE,1.4_NONCANONICAL_MUSCLE | 1.7_PARENT_SUM_GT_ONE,"1.4_NONCANONICAL_MUSCLE: ""Sóleo"" no pertenece a los 17 padres de ExerciseAnatomy.kt. || 1.7_PARENT_SUM_GT_ONE: Suma por padre Pantorrillas=1.70; el runtime usa MAX y oculta el exceso.",
929,calves_elevacion_talones_de_pie_barra_recta,Elevación de Talones de Pie con Barra Recta,Aislamiento,Barra,Flexión Plantar,,2.0,1.5,0.2,1.5,Gastrocnemio,Pantorrillas:primary:1.0:Gastrocnemio | Sóleo:secondary:0.7:,0,2,ORANGE,1.4_NONCANONICAL_MUSCLE | 1.7_PARENT_SUM_GT_ONE,"1.4_NONCANONICAL_MUSCLE: ""Sóleo"" no pertenece a los 17 padres de ExerciseAnatomy.kt. || 1.7_PARENT_SUM_GT_ONE: Suma por padre Pantorrillas=1.70; el runtime usa MAX y oculta el exceso.",
930,calves_elevacion_talones_de_pie_unilateral_mancuerna,Elevación de Talones de Pie Unilateral con Mancuerna,Aislamiento,Mancuerna,Flexión Plantar Unilateral,,2.0,1.5,0.2,1.5,Gastrocnemio Unilateral,Pantorrillas:primary:1.0:Gastrocnemio Unilateral | Sóleo:secondary:0.7:,0,2,ORANGE,1.4_NONCANONICAL_MUSCLE | 1.7_PARENT_SUM_GT_ONE,"1.4_NONCANONICAL_MUSCLE: ""Sóleo"" no pertenece a los 17 padres de ExerciseAnatomy.kt. || 1.7_PARENT_SUM_GT_ONE: Suma por padre Pantorrillas=1.70; el runtime usa MAX y oculta el exceso.",
931,calves_elevacion_talones_de_pie_unilateral_peso_corporal,Elevación de Talones de Pie Unilateral con Peso Corporal,Aislamiento,Peso Corporal,Flexión Plantar Unilateral,,2.0,1.5,0.2,1.5,Gastrocnemio Unilateral,Pantorrillas:primary:1.0:Gastrocnemio Unilateral | Sóleo:secondary:0.7:,0,2,ORANGE,1.4_NONCANONICAL_MUSCLE | 1.7_PARENT_SUM_GT_ONE,"1.4_NONCANONICAL_MUSCLE: ""Sóleo"" no pertenece a los 17 padres de ExerciseAnatomy.kt. || 1.7_PARENT_SUM_GT_ONE: Suma por padre Pantorrillas=1.70; el runtime usa MAX y oculta el exceso.",
932,calves_elevacion_talones_prensa_piernas,Elevación de Talones en Prensa de Piernas,Aislamiento,Máquina,Flexión Plantar,,2.0,1.5,0.2,1.5,Gastrocnemio,Pantorrillas:primary:1.0:Gastrocnemio | Sóleo:secondary:0.7:,0,2,ORANGE,1.4_NONCANONICAL_MUSCLE | 1.7_PARENT_SUM_GT_ONE,"1.4_NONCANONICAL_MUSCLE: ""Sóleo"" no pertenece a los 17 padres de ExerciseAnatomy.kt. || 1.7_PARENT_SUM_GT_ONE: Suma por padre Pantorrillas=1.70; el runtime usa MAX y oculta el exceso.",
933,calves_elevacion_talones_donkey_maquina,Elevación de Talones Burro (Donkey Calf Raise) en Máquina,Aislamiento,Máquina,Flexión Plantar,,2.0,1.5,0.2,1.5,Gastrocnemio / Estiramiento,Pantorrillas:primary:1.0:Gastrocnemio / Estiramiento | Sóleo:secondary:0.7:,0,2,ORANGE,1.4_NONCANONICAL_MUSCLE | 1.7_PARENT_SUM_GT_ONE,"1.4_NONCANONICAL_MUSCLE: ""Sóleo"" no pertenece a los 17 padres de ExerciseAnatomy.kt. || 1.7_PARENT_SUM_GT_ONE: Suma por padre Pantorrillas=1.70; el runtime usa MAX y oculta el exceso.",
934,calves_elevacion_talones_sentado_maquina,Elevación de Talones Sentado en Máquina,Aislamiento,Máquina,Flexión Plantar Sóleo,,2.0,1.5,0.2,1.5,Sóleo,Pantorrillas:primary:1.0:Sóleo | Gastrocnemio:secondary:0.3:,0,2,ORANGE,1.4_NONCANONICAL_MUSCLE | 1.7_PARENT_SUM_GT_ONE,"1.4_NONCANONICAL_MUSCLE: ""Gastrocnemio"" no pertenece a los 17 padres de ExerciseAnatomy.kt. || 1.7_PARENT_SUM_GT_ONE: Suma por padre Pantorrillas=1.30; el runtime usa MAX y oculta el exceso.",
935,calves_elevacion_talones_sentado_barra_recta,Elevación de Talones Sentado con Barra Recta,Aislamiento,Barra,Flexión Plantar Sóleo,,2.0,1.5,0.2,1.5,Sóleo,Pantorrillas:primary:1.0:Sóleo | Gastrocnemio:secondary:0.3:,0,2,ORANGE,1.4_NONCANONICAL_MUSCLE | 1.7_PARENT_SUM_GT_ONE,"1.4_NONCANONICAL_MUSCLE: ""Gastrocnemio"" no pertenece a los 17 padres de ExerciseAnatomy.kt. || 1.7_PARENT_SUM_GT_ONE: Suma por padre Pantorrillas=1.30; el runtime usa MAX y oculta el exceso.",
936,calves_elevacion_talones_sentado_mancuernas,Elevación de Talones Sentado con Mancuernas,Aislamiento,Mancuerna,Flexión Plantar Sóleo,,2.0,1.5,0.2,1.5,Sóleo,Pantorrillas:primary:1.0:Sóleo | Gastrocnemio:secondary:0.3:,0,2,ORANGE,1.4_NONCANONICAL_MUSCLE | 1.7_PARENT_SUM_GT_ONE,"1.4_NONCANONICAL_MUSCLE: ""Gastrocnemio"" no pertenece a los 17 padres de ExerciseAnatomy.kt. || 1.7_PARENT_SUM_GT_ONE: Suma por padre Pantorrillas=1.30; el runtime usa MAX y oculta el exceso.",YES
937,calves_elevacion_talones_sentado_disco,Elevación de Talones Sentado con Disco,Aislamiento,Disco,Flexión Plantar Sóleo,,2.0,1.5,0.2,1.5,Sóleo,Pantorrillas:primary:1.0:Sóleo | Gastrocnemio:secondary:0.3:,0,2,ORANGE,1.4_NONCANONICAL_MUSCLE | 1.7_PARENT_SUM_GT_ONE,"1.4_NONCANONICAL_MUSCLE: ""Gastrocnemio"" no pertenece a los 17 padres de ExerciseAnatomy.kt. || 1.7_PARENT_SUM_GT_ONE: Suma por padre Pantorrillas=1.30; el runtime usa MAX y oculta el exceso.",
938,calves_elevacion_talones_sentado_unilateral_mancuerna,Elevación de Talones Sentado Unilateral con Mancuerna,Aislamiento,Mancuerna,Flexión Plantar Sóleo Unilateral,,2.0,1.5,0.2,1.5,Sóleo Unilateral,Pantorrillas:primary:1.0:Sóleo Unilateral | Gastrocnemio:secondary:0.3:,0,2,ORANGE,1.4_NONCANONICAL_MUSCLE | 1.7_PARENT_SUM_GT_ONE,"1.4_NONCANONICAL_MUSCLE: ""Gastrocnemio"" no pertenece a los 17 padres de ExerciseAnatomy.kt. || 1.7_PARENT_SUM_GT_ONE: Suma por padre Pantorrillas=1.30; el runtime usa MAX y oculta el exceso.",
939,calves_elevacion_tibial_anterior_de_pie_pared,Elevación Tibial de Pie apoya en Pared,Aislamiento,Peso Corporal,Flexión Dorsal,,2.0,1.5,0.2,1.5,Tibial Anterior,Pantorrillas:primary:1.0:Tibial Anterior,0,2,RED,2.1_PATTERN_PRIMARY | 1.5_FREE_EMPHASIS,"2.1_PATTERN_PRIMARY: Flexión Dorsal espera ['Tibial Anterior'], pero primary=['Pantorrillas']. || 1.5_FREE_EMPHASIS: Emphasis libre ""Tibial Anterior"" en Pantorrillas.",
940,calves_elevacion_tibial_anterior_sentado_disco,Elevación Tibial Sentado con Disco,Aislamiento,Disco,Flexión Dorsal,,2.0,1.5,0.2,1.5,Tibial Anterior,Pantorrillas:primary:1.0:Tibial Anterior,0,2,RED,2.1_PATTERN_PRIMARY | 1.5_FREE_EMPHASIS,"2.1_PATTERN_PRIMARY: Flexión Dorsal espera ['Tibial Anterior'], pero primary=['Pantorrillas']. || 1.5_FREE_EMPHASIS: Emphasis libre ""Tibial Anterior"" en Pantorrillas.",
941,calves_elevacion_tibial_anterior_polea,Elevación Tibial en Polea,Aislamiento,Polea,Flexión Dorsal,,2.0,1.5,0.2,1.5,Tibial Anterior,Pantorrillas:primary:1.0:Tibial Anterior,0,2,RED,2.1_PATTERN_PRIMARY | 1.5_FREE_EMPHASIS,"2.1_PATTERN_PRIMARY: Flexión Dorsal espera ['Tibial Anterior'], pero primary=['Pantorrillas']. || 1.5_FREE_EMPHASIS: Emphasis libre ""Tibial Anterior"" en Pantorrillas.",
942,calves_elevacion_tibial_anterior_banda,Elevación Tibial en Banda Elástica,Aislamiento,Banda Elástica,Flexión Dorsal,,2.0,1.5,0.2,1.5,Tibial Anterior,Pantorrillas:primary:1.0:Tibial Anterior,0,2,RED,2.1_PATTERN_PRIMARY | 1.5_FREE_EMPHASIS,"2.1_PATTERN_PRIMARY: Flexión Dorsal espera ['Tibial Anterior'], pero primary=['Pantorrillas']. || 1.5_FREE_EMPHASIS: Emphasis libre ""Tibial Anterior"" en Pantorrillas.",
943,calves_elevacion_tibial_anterior_maquina,Elevación Tibial en Máquina Tibialis,Aislamiento,Máquina,Flexión Dorsal,,2.0,1.5,0.2,1.5,Tibial Anterior,Pantorrillas:primary:1.0:Tibial Anterior,0,2,RED,2.1_PATTERN_PRIMARY | 1.5_FREE_EMPHASIS,"2.1_PATTERN_PRIMARY: Flexión Dorsal espera ['Tibial Anterior'], pero primary=['Pantorrillas']. || 1.5_FREE_EMPHASIS: Emphasis libre ""Tibial Anterior"" en Pantorrillas.",
944,forearms_curl_muneca_sentado_barra_recta,Curl de Muñeca Sentado con Barra Recta,Aislamiento,Barra,Flexión Muñeca,,2.0,1.5,0.2,1.5,Flexores de Muñeca,Antebrazo:primary:1.0:Flexores de Muñeca | Bíceps:secondary:0.2:,0,2,ORANGE,1.1_ACTIVATION_ROLE | 1.5_FREE_EMPHASIS,"1.1_ACTIVATION_ROLE: Bíceps/secondary usa activation=0.2. || 1.5_FREE_EMPHASIS: Emphasis libre ""Flexores de Muñeca"" en Antebrazo.",
945,forearms_curl_muneca_sentado_mancuernas,Curl de Muñeca Sentado con Mancuernas,Aislamiento,Mancuerna,Flexión Muñeca,,2.0,1.5,0.2,1.5,Flexores de Muñeca,Antebrazo:primary:1.0:Flexores de Muñeca | Bíceps:secondary:0.2:,0,2,ORANGE,1.1_ACTIVATION_ROLE | 1.5_FREE_EMPHASIS,"1.1_ACTIVATION_ROLE: Bíceps/secondary usa activation=0.2. || 1.5_FREE_EMPHASIS: Emphasis libre ""Flexores de Muñeca"" en Antebrazo.",
946,forearms_curl_muneca_sentado_polea,Curl de Muñeca Sentado en Polea,Aislamiento,Polea,Flexión Muñeca,,2.0,1.5,0.2,1.5,Flexores de Muñeca,Antebrazo:primary:1.0:Flexores de Muñeca | Bíceps:secondary:0.2:,0,2,ORANGE,1.1_ACTIVATION_ROLE | 1.5_FREE_EMPHASIS,"1.1_ACTIVATION_ROLE: Bíceps/secondary usa activation=0.2. || 1.5_FREE_EMPHASIS: Emphasis libre ""Flexores de Muñeca"" en Antebrazo.",YES
947,forearms_curl_muneca_de_pie_tras_espalda_barra,Curl de Muñeca de Pie Tras Espalda con Barra,Aislamiento,Barra,Flexión Muñeca,,2.0,1.5,0.2,1.5,Flexores de Muñeca,Antebrazo:primary:1.0:Flexores de Muñeca | Bíceps:secondary:0.2:,0,2,ORANGE,1.1_ACTIVATION_ROLE | 1.5_FREE_EMPHASIS,"1.1_ACTIVATION_ROLE: Bíceps/secondary usa activation=0.2. || 1.5_FREE_EMPHASIS: Emphasis libre ""Flexores de Muñeca"" en Antebrazo.",
948,forearms_curl_muneca_inverso_sentado_barra_recta,Curl de Muñeca Inverso Sentado con Barra Recta,Aislamiento,Barra,Extensión Muñeca,,2.0,1.5,0.2,1.5,Extensores de Muñeca,Antebrazo:primary:1.0:Extensores de Muñeca,0,1,BLUE,1.5_FREE_EMPHASIS,"1.5_FREE_EMPHASIS: Emphasis libre ""Extensores de Muñeca"" en Antebrazo.",
949,forearms_curl_muneca_inverso_sentado_barra_ez,Curl de Muñeca Inverso Sentado con Barra EZ,Aislamiento,Barra EZ,Extensión Muñeca,,2.0,1.5,0.2,1.5,Extensores de Muñeca,Antebrazo:primary:1.0:Extensores de Muñeca,0,1,BLUE,1.5_FREE_EMPHASIS,"1.5_FREE_EMPHASIS: Emphasis libre ""Extensores de Muñeca"" en Antebrazo.",
950,forearms_curl_muneca_inverso_sentado_mancuernas,Curl de Muñeca Inverso Sentado con Mancuernas,Aislamiento,Mancuerna,Extensión Muñeca,,2.0,1.5,0.2,1.5,Extensores de Muñeca,Antebrazo:primary:1.0:Extensores de Muñeca,0,1,BLUE,1.5_FREE_EMPHASIS,"1.5_FREE_EMPHASIS: Emphasis libre ""Extensores de Muñeca"" en Antebrazo.",
951,forearms_curl_muneca_inverso_sentado_polea,Curl de Muñeca Inverso Sentado en Polea,Aislamiento,Polea,Extensión Muñeca,,2.0,1.5,0.2,1.5,Extensores de Muñeca,Antebrazo:primary:1.0:Extensores de Muñeca,0,1,BLUE,1.5_FREE_EMPHASIS,"1.5_FREE_EMPHASIS: Emphasis libre ""Extensores de Muñeca"" en Antebrazo.",
952,forearms_paseo_del_granjero_mancuernas,Paseo del Granjero (Farmer Walk) con Mancuernas,Aislamiento,Mancuerna,Fuerza Agarre Isométrica,,2.0,1.5,0.2,1.5,Fuerza de Agarre / Antebrazo,Antebrazo:primary:1.0:Fuerza de Agarre / Antebrazo | Trapecio:secondary:0.7: | Core:secondary:0.6:,0,1,BLUE,1.5_FREE_EMPHASIS,"1.5_FREE_EMPHASIS: Emphasis libre ""Fuerza de Agarre / Antebrazo"" en Antebrazo.",
953,forearms_paseo_del_granjero_kettlebells,Paseo del Granjero (Farmer Walk) con Kettlebells,Aislamiento,Kettlebell,Fuerza Agarre Isométrica,,2.0,1.5,0.2,1.5,Fuerza de Agarre / Antebrazo,Antebrazo:primary:1.0:Fuerza de Agarre / Antebrazo | Trapecio:secondary:0.7: | Core:secondary:0.6:,0,1,BLUE,1.5_FREE_EMPHASIS,"1.5_FREE_EMPHASIS: Emphasis libre ""Fuerza de Agarre / Antebrazo"" en Antebrazo.",
954,forearms_paseo_del_granjero_barras_trap,Paseo del Granjero con Barra Hexagonal / Agarres,Aislamiento,Barra Hexagonal,Fuerza Agarre Isométrica,,2.0,1.5,0.2,1.5,Fuerza de Agarre / Antebrazo,Antebrazo:primary:1.0:Fuerza de Agarre / Antebrazo | Trapecio:secondary:0.7: | Core:secondary:0.6:,0,1,BLUE,1.5_FREE_EMPHASIS,"1.5_FREE_EMPHASIS: Emphasis libre ""Fuerza de Agarre / Antebrazo"" en Antebrazo.",YES
955,forearms_enrollamiento_muneca_rodillo,Enrollamiento de Muñeca con Rodillo y Cuerda,Aislamiento,Rodillo de Muñeca,Flexión/Extensión Muñeca,,2.0,1.5,0.2,1.5,Antebrazo Completo,Antebrazo:primary:1.0:Antebrazo Completo,0,1,BLUE,1.5_FREE_EMPHASIS,"1.5_FREE_EMPHASIS: Emphasis libre ""Antebrazo Completo"" en Antebrazo.",
956,forearms_suspension_isometrica_barra_fija,Suspensión Isométrica en Barra Fija (Dead Hang),Aislamiento,Peso Corporal,Fuerza Agarre Isométrica,,2.0,1.5,0.2,1.5,Fuerza de Agarre / Antebrazo,Antebrazo:primary:1.0:Fuerza de Agarre / Antebrazo | Dorsales:secondary:0.3:,0,1,BLUE,1.5_FREE_EMPHASIS,"1.5_FREE_EMPHASIS: Emphasis libre ""Fuerza de Agarre / Antebrazo"" en Antebrazo.",
957,neck_flexion_cuello_recostado_disco,Flexión de Cuello Recostado con Disco,Aislamiento,Disco,Flexión Cuello,,2.0,1.5,0.2,1.5,Flexores de Cuello,Cuello:primary:1.0:Flexores de Cuello,0,1,BLUE,1.5_FREE_EMPHASIS,"1.5_FREE_EMPHASIS: Emphasis ""Flexores de Cuello"" en un padre sin cabezas declaradas (Cuello).",
958,neck_flexion_cuello_recostado_peso_corporal,Flexión de Cuello Recostado con Peso Corporal,Aislamiento,Peso Corporal,Flexión Cuello,,2.0,1.5,0.2,1.5,Flexores de Cuello,Cuello:primary:1.0:Flexores de Cuello,0,1,BLUE,1.5_FREE_EMPHASIS,"1.5_FREE_EMPHASIS: Emphasis ""Flexores de Cuello"" en un padre sin cabezas declaradas (Cuello).",YES
959,neck_flexion_cuello_arnes_polea,Flexión de Cuello con Arnés en Polea,Aislamiento,Polea,Flexión Cuello,,2.0,1.5,0.2,1.5,Flexores de Cuello,Cuello:primary:1.0:Flexores de Cuello,0,1,BLUE,1.5_FREE_EMPHASIS,"1.5_FREE_EMPHASIS: Emphasis ""Flexores de Cuello"" en un padre sin cabezas declaradas (Cuello).",
960,neck_extension_cuello_boca_abajo_disco,Extensión de Cuello Boca Abajo con Disco,Aislamiento,Disco,Extensión Cuello,,2.0,1.5,0.2,1.5,Extensores de Cuello,Cuello:primary:1.0:Extensores de Cuello | Trapecio Superior:secondary:0.5:,0,2,ORANGE,1.4_NONCANONICAL_MUSCLE | 1.5_FREE_EMPHASIS,"1.4_NONCANONICAL_MUSCLE: ""Trapecio Superior"" no pertenece a los 17 padres de ExerciseAnatomy.kt. || 1.5_FREE_EMPHASIS: Emphasis ""Extensores de Cuello"" en un padre sin cabezas declaradas (Cuello).",
961,neck_extension_cuello_boca_abajo_peso_corporal,Extensión de Cuello Boca Abajo con Peso Corporal,Aislamiento,Peso Corporal,Extensión Cuello,,2.0,1.5,0.2,1.5,Extensores de Cuello,Cuello:primary:1.0:Extensores de Cuello | Trapecio Superior:secondary:0.5:,0,2,ORANGE,1.4_NONCANONICAL_MUSCLE | 1.5_FREE_EMPHASIS,"1.4_NONCANONICAL_MUSCLE: ""Trapecio Superior"" no pertenece a los 17 padres de ExerciseAnatomy.kt. || 1.5_FREE_EMPHASIS: Emphasis ""Extensores de Cuello"" en un padre sin cabezas declaradas (Cuello).",
962,neck_extension_cuello_arnes_polea,Extensión de Cuello con Arnés en Polea,Aislamiento,Polea,Extensión Cuello,,2.0,1.5,0.2,1.5,Extensores de Cuello,Cuello:primary:1.0:Extensores de Cuello | Trapecio Superior:secondary:0.5:,0,2,ORANGE,1.4_NONCANONICAL_MUSCLE | 1.5_FREE_EMPHASIS,"1.4_NONCANONICAL_MUSCLE: ""Trapecio Superior"" no pertenece a los 17 padres de ExerciseAnatomy.kt. || 1.5_FREE_EMPHASIS: Emphasis ""Extensores de Cuello"" en un padre sin cabezas declaradas (Cuello).",
963,neck_flexion_lateral_cuello_disco,Flexión Lateral de Cuello con Disco,Aislamiento,Disco,Flexión Lateral Cuello,,2.0,1.5,0.2,1.5,Esternocleidomastoideo / Cuello Lateral,Cuello:primary:1.0:Esternocleidomastoideo / Cuello Lateral,0,1,BLUE,1.5_FREE_EMPHASIS,"1.5_FREE_EMPHASIS: Emphasis ""Esternocleidomastoideo / Cuello Lateral"" en un padre sin cabezas declaradas (Cuello).",
964,neck_flexion_lateral_cuello_banda,Flexión Lateral de Cuello con Banda Elástica,Aislamiento,Banda Elástica,Flexión Lateral Cuello,,2.0,1.5,0.2,1.5,Esternocleidomastoideo / Cuello Lateral,Cuello:primary:1.0:Esternocleidomastoideo / Cuello Lateral,0,1,BLUE,1.5_FREE_EMPHASIS,"1.5_FREE_EMPHASIS: Emphasis ""Esternocleidomastoideo / Cuello Lateral"" en un padre sin cabezas declaradas (Cuello).",
965,core_crunch_en_polea_alta,Crunch Abdominal de Rodillas en Polea Alta,Aislamiento,Polea,Flexión Tronco,,2.0,1.5,0.2,1.5,Recto Abdominal,Abdomen:primary:1.0:Recto Abdominal | Oblicuos:secondary:0.4:,0,3,ORANGE,1.4_NONCANONICAL_MUSCLE | 1.7_PARENT_SUM_GT_ONE | 1.5_FREE_EMPHASIS,"1.4_NONCANONICAL_MUSCLE: ""Oblicuos"" no pertenece a los 17 padres de ExerciseAnatomy.kt. || 1.7_PARENT_SUM_GT_ONE: Suma por padre Abdomen=1.40; el runtime usa MAX y oculta el exceso. || 1.5_FREE_EMPHASIS: Emphasis ""Recto Abdominal"" en un padre sin cabezas declaradas (Abdomen).",
966,core_crunch_maquina,Crunch Abdominal en Máquina,Aislamiento,Máquina,Flexión Tronco,,2.0,1.5,0.2,1.5,Recto Abdominal,Abdomen:primary:1.0:Recto Abdominal | Oblicuos:secondary:0.4:,0,3,ORANGE,1.4_NONCANONICAL_MUSCLE | 1.7_PARENT_SUM_GT_ONE | 1.5_FREE_EMPHASIS,"1.4_NONCANONICAL_MUSCLE: ""Oblicuos"" no pertenece a los 17 padres de ExerciseAnatomy.kt. || 1.7_PARENT_SUM_GT_ONE: Suma por padre Abdomen=1.40; el runtime usa MAX y oculta el exceso. || 1.5_FREE_EMPHASIS: Emphasis ""Recto Abdominal"" en un padre sin cabezas declaradas (Abdomen).",
967,core_crunch_banco_declinado_lastrado_disco,Crunch Abdominal en Banco Declinado Lastrado con Disco,Aislamiento,Disco,Flexión Tronco,,2.0,1.5,0.2,1.5,Recto Abdominal,Abdomen:primary:1.0:Recto Abdominal | Oblicuos:secondary:0.4:,0,3,ORANGE,1.4_NONCANONICAL_MUSCLE | 1.7_PARENT_SUM_GT_ONE | 1.5_FREE_EMPHASIS,"1.4_NONCANONICAL_MUSCLE: ""Oblicuos"" no pertenece a los 17 padres de ExerciseAnatomy.kt. || 1.7_PARENT_SUM_GT_ONE: Suma por padre Abdomen=1.40; el runtime usa MAX y oculta el exceso. || 1.5_FREE_EMPHASIS: Emphasis ""Recto Abdominal"" en un padre sin cabezas declaradas (Abdomen).",
968,core_crunch_suelo_peso_corporal,Crunch Abdominal en Suelo,Aislamiento,Peso Corporal,Flexión Tronco,,2.0,1.5,0.2,1.5,Recto Abdominal,Abdomen:primary:1.0:Recto Abdominal,0,1,BLUE,1.5_FREE_EMPHASIS,"1.5_FREE_EMPHASIS: Emphasis ""Recto Abdominal"" en un padre sin cabezas declaradas (Abdomen).",
969,core_rueda_abdominal_rodillas,Rueda Abdominal (Ab Wheel) de Rodillas,Aislamiento,Rueda Abdominal,Anti-Extensión Tronco,,2.0,1.5,0.2,1.5,Recto Abdominal / Core,Abdomen:primary:1.0:Recto Abdominal / Core | Transverso:secondary:0.7: | Dorsales:secondary:0.4:,0,2,ORANGE,1.4_NONCANONICAL_MUSCLE | 1.5_FREE_EMPHASIS,"1.4_NONCANONICAL_MUSCLE: ""Transverso"" no pertenece a los 17 padres de ExerciseAnatomy.kt. || 1.5_FREE_EMPHASIS: Emphasis ""Recto Abdominal / Core"" en un padre sin cabezas declaradas (Abdomen).",
970,core_rueda_abdominal_de_pie,Rueda Abdominal (Ab Wheel) de Pie,Aislamiento,Rueda Abdominal,Anti-Extensión Tronco,,2.0,1.5,0.2,1.5,Recto Abdominal / Core,Abdomen:primary:1.0:Recto Abdominal / Core | Transverso:secondary:0.8: | Dorsales:secondary:0.4:,0,3,ORANGE,1.1_ACTIVATION_ROLE | 1.4_NONCANONICAL_MUSCLE | 1.5_FREE_EMPHASIS,"1.1_ACTIVATION_ROLE: Transverso/secondary usa activation=0.8. || 1.4_NONCANONICAL_MUSCLE: ""Transverso"" no pertenece a los 17 padres de ExerciseAnatomy.kt. || 1.5_FREE_EMPHASIS: Emphasis ""Recto Abdominal / Core"" en un padre sin cabezas declaradas (Abdomen).",
971,core_elevacion_piernas_colgado_barra,Elevación de Piernas Colgado en Barra,Aislamiento,Peso Corporal,Flexión Pelvis / Cadera,,2.0,1.5,0.2,1.5,Abdomen Inferior / Core,Abdomen:primary:1.0:Abdomen Inferior / Core | Flexores Cadera:secondary:0.6:,0,2,ORANGE,1.4_NONCANONICAL_MUSCLE | 1.5_FREE_EMPHASIS,"1.4_NONCANONICAL_MUSCLE: ""Flexores Cadera"" no pertenece a los 17 padres de ExerciseAnatomy.kt. || 1.5_FREE_EMPHASIS: Emphasis ""Abdomen Inferior / Core"" en un padre sin cabezas declaradas (Abdomen).",
972,core_elevacion_rodillas_colgado_barra,Elevación de Rodillas Colgado en Barra,Aislamiento,Peso Corporal,Flexión Pelvis / Cadera,,2.0,1.5,0.2,1.5,Abdomen Inferior / Core,Abdomen:primary:1.0:Abdomen Inferior / Core | Flexores Cadera:secondary:0.6:,0,2,ORANGE,1.4_NONCANONICAL_MUSCLE | 1.5_FREE_EMPHASIS,"1.4_NONCANONICAL_MUSCLE: ""Flexores Cadera"" no pertenece a los 17 padres de ExerciseAnatomy.kt. || 1.5_FREE_EMPHASIS: Emphasis ""Abdomen Inferior / Core"" en un padre sin cabezas declaradas (Abdomen).",
973,core_elevacion_piernas_paralelas,Elevación de Piernas en Paralelas (Silla Romana),Aislamiento,Peso Corporal,Flexión Pelvis / Cadera,,2.0,1.5,0.2,1.5,Abdomen Inferior / Core,Abdomen:primary:1.0:Abdomen Inferior / Core | Flexores Cadera:secondary:0.6:,0,2,ORANGE,1.4_NONCANONICAL_MUSCLE | 1.5_FREE_EMPHASIS,"1.4_NONCANONICAL_MUSCLE: ""Flexores Cadera"" no pertenece a los 17 padres de ExerciseAnatomy.kt. || 1.5_FREE_EMPHASIS: Emphasis ""Abdomen Inferior / Core"" en un padre sin cabezas declaradas (Abdomen).",
974,core_elevacion_piernas_banco_plano,Elevación de Piernas Tumbado en Banco Plano,Aislamiento,Peso Corporal,Flexión Pelvis / Cadera,,2.0,1.5,0.2,1.5,Abdomen Inferior / Core,Abdomen:primary:1.0:Abdomen Inferior / Core | Flexores Cadera:secondary:0.6:,0,2,ORANGE,1.4_NONCANONICAL_MUSCLE | 1.5_FREE_EMPHASIS,"1.4_NONCANONICAL_MUSCLE: ""Flexores Cadera"" no pertenece a los 17 padres de ExerciseAnatomy.kt. || 1.5_FREE_EMPHASIS: Emphasis ""Abdomen Inferior / Core"" en un padre sin cabezas declaradas (Abdomen).",
975,core_dragon_flag_banco_plano,Dragon Flag en Banco Plano,Aislamiento,Peso Corporal,Anti-Extensión / Control Pelvis,,2.0,1.5,0.2,1.5,Recto Abdominal / Core,Abdomen:primary:1.0:Recto Abdominal / Core | Transverso:secondary:0.8:,0,3,ORANGE,1.1_ACTIVATION_ROLE | 1.4_NONCANONICAL_MUSCLE | 1.5_FREE_EMPHASIS,"1.1_ACTIVATION_ROLE: Transverso/secondary usa activation=0.8. || 1.4_NONCANONICAL_MUSCLE: ""Transverso"" no pertenece a los 17 padres de ExerciseAnatomy.kt. || 1.5_FREE_EMPHASIS: Emphasis ""Recto Abdominal / Core"" en un padre sin cabezas declaradas (Abdomen).",
976,core_press_pallof_polea,Press Pallof en Polea,Aislamiento,Polea,Anti-Rotación Tronco,,2.0,1.5,0.2,1.5,Oblicuos / Transverso,Abdomen:primary:1.0:Oblicuos / Transverso | Core:secondary:0.8:,0,2,ORANGE,1.1_ACTIVATION_ROLE | 1.5_FREE_EMPHASIS,"1.1_ACTIVATION_ROLE: Core/secondary usa activation=0.8. || 1.5_FREE_EMPHASIS: Emphasis ""Oblicuos / Transverso"" en un padre sin cabezas declaradas (Abdomen).",
977,core_press_pallof_banda,Press Pallof con Banda Elástica,Aislamiento,Banda Elástica,Anti-Rotación Tronco,,2.0,1.5,0.2,1.5,Oblicuos / Transverso,Abdomen:primary:1.0:Oblicuos / Transverso | Core:secondary:0.8:,0,2,ORANGE,1.1_ACTIVATION_ROLE | 1.5_FREE_EMPHASIS,"1.1_ACTIVATION_ROLE: Core/secondary usa activation=0.8. || 1.5_FREE_EMPHASIS: Emphasis ""Oblicuos / Transverso"" en un padre sin cabezas declaradas (Abdomen).",
978,core_lenador_polea_alta_baja,Leñador en Polea (Woodchopper) de Alta a Baja,Aislamiento,Polea,Rotación Tronco,,2.0,1.5,0.2,1.5,Oblicuos,Abdomen:primary:1.0:Oblicuos | Recto Abdominal:secondary:0.5:,0,3,ORANGE,1.4_NONCANONICAL_MUSCLE | 1.7_PARENT_SUM_GT_ONE | 1.5_FREE_EMPHASIS,"1.4_NONCANONICAL_MUSCLE: ""Recto Abdominal"" no pertenece a los 17 padres de ExerciseAnatomy.kt. || 1.7_PARENT_SUM_GT_ONE: Suma por padre Abdomen=1.50; el runtime usa MAX y oculta el exceso. || 1.5_FREE_EMPHASIS: Emphasis ""Oblicuos"" en un padre sin cabezas declaradas (Abdomen).",
979,core_lenador_polea_baja_alta,Leñador en Polea (Woodchopper) de Baja a Alta,Aislamiento,Polea,Rotación Tronco,,2.0,1.5,0.2,1.5,Oblicuos,Abdomen:primary:1.0:Oblicuos | Recto Abdominal:secondary:0.5:,0,3,ORANGE,1.4_NONCANONICAL_MUSCLE | 1.7_PARENT_SUM_GT_ONE | 1.5_FREE_EMPHASIS,"1.4_NONCANONICAL_MUSCLE: ""Recto Abdominal"" no pertenece a los 17 padres de ExerciseAnatomy.kt. || 1.7_PARENT_SUM_GT_ONE: Suma por padre Abdomen=1.50; el runtime usa MAX y oculta el exceso. || 1.5_FREE_EMPHASIS: Emphasis ""Oblicuos"" en un padre sin cabezas declaradas (Abdomen).",
980,core_inclinacion_lateral_mancuerna,Inclinación Lateral de Torso con Mancuerna,Aislamiento,Mancuerna,Flexión Lateral Tronco,,2.0,1.5,0.2,1.5,Oblicuos,Abdomen:primary:1.0:Oblicuos,0,1,BLUE,1.5_FREE_EMPHASIS,"1.5_FREE_EMPHASIS: Emphasis ""Oblicuos"" en un padre sin cabezas declaradas (Abdomen).",
981,core_inclinacion_lateral_polea,Inclinación Lateral de Torso en Polea,Aislamiento,Polea,Flexión Lateral Tronco,,2.0,1.5,0.2,1.5,Oblicuos,Abdomen:primary:1.0:Oblicuos,0,1,BLUE,1.5_FREE_EMPHASIS,"1.5_FREE_EMPHASIS: Emphasis ""Oblicuos"" en un padre sin cabezas declaradas (Abdomen).",
982,core_plancha_frontal_iso,Plancha Frontal Isométrica,Aislamiento,Peso Corporal,Anti-Extensión Isométrica,,2.0,1.5,0.2,1.5,Transverso Abdominal / Core,Abdomen:primary:1.0:Transverso Abdominal / Core | Recto Abdominal:secondary:0.6:,0,3,ORANGE,1.4_NONCANONICAL_MUSCLE | 1.7_PARENT_SUM_GT_ONE | 1.5_FREE_EMPHASIS,"1.4_NONCANONICAL_MUSCLE: ""Recto Abdominal"" no pertenece a los 17 padres de ExerciseAnatomy.kt. || 1.7_PARENT_SUM_GT_ONE: Suma por padre Abdomen=1.60; el runtime usa MAX y oculta el exceso. || 1.5_FREE_EMPHASIS: Emphasis ""Transverso Abdominal / Core"" en un padre sin cabezas declaradas (Abdomen).",
983,core_plancha_lateral_iso,Plancha Lateral Isométrica,Aislamiento,Peso Corporal,Anti-Flexión Lateral Isométrica,,2.0,1.5,0.2,1.5,Oblicuos / Core,Abdomen:primary:1.0:Oblicuos / Core | Transverso:secondary:0.6:,0,2,ORANGE,1.4_NONCANONICAL_MUSCLE | 1.5_FREE_EMPHASIS,"1.4_NONCANONICAL_MUSCLE: ""Transverso"" no pertenece a los 17 padres de ExerciseAnatomy.kt. || 1.5_FREE_EMPHASIS: Emphasis ""Oblicuos / Core"" en un padre sin cabezas declaradas (Abdomen).",
984,forearms_pinza_de_discos_dos_manos,Pinza de Discos a Dos Manos (Plate Pinch),Aislamiento,Disco,Fuerza Agarre Pinza,,2.0,1.5,0.2,1.5,Fuerza de Agarre / Antebrazo,Antebrazo:primary:1.0:Fuerza de Agarre / Antebrazo,0,1,BLUE,1.5_FREE_EMPHASIS,"1.5_FREE_EMPHASIS: Emphasis libre ""Fuerza de Agarre / Antebrazo"" en Antebrazo.",
985,forearms_pinza_de_discos_unilateral,Pinza de Discos Unilateral (Single-Hand Plate Pinch),Aislamiento,Disco,Fuerza Agarre Pinza,,2.0,1.5,0.2,1.5,Fuerza de Agarre / Antebrazo,Antebrazo:primary:1.0:Fuerza de Agarre / Antebrazo,0,1,BLUE,1.5_FREE_EMPHASIS,"1.5_FREE_EMPHASIS: Emphasis libre ""Fuerza de Agarre / Antebrazo"" en Antebrazo.",
986,calves_elevacion_talones_prensa_45,Elevación de Talones en Prensa a 45º,Aislamiento,Máquina,Flexión Plantar,,2.0,1.5,0.2,1.5,Gastrocnemio,Pantorrillas:primary:1.0:Gastrocnemio | Sóleo:secondary:0.7:,0,2,ORANGE,1.4_NONCANONICAL_MUSCLE | 1.7_PARENT_SUM_GT_ONE,"1.4_NONCANONICAL_MUSCLE: ""Sóleo"" no pertenece a los 17 padres de ExerciseAnatomy.kt. || 1.7_PARENT_SUM_GT_ONE: Suma por padre Pantorrillas=1.70; el runtime usa MAX y oculta el exceso.",
987,calves_elevacion_talones_prensa_horizontal,Elevación de Talones en Prensa Horizontal,Aislamiento,Máquina,Flexión Plantar,,2.0,1.5,0.2,1.5,Gastrocnemio,Pantorrillas:primary:1.0:Gastrocnemio | Sóleo:secondary:0.7:,0,2,ORANGE,1.4_NONCANONICAL_MUSCLE | 1.7_PARENT_SUM_GT_ONE,"1.4_NONCANONICAL_MUSCLE: ""Sóleo"" no pertenece a los 17 padres de ExerciseAnatomy.kt. || 1.7_PARENT_SUM_GT_ONE: Suma por padre Pantorrillas=1.70; el runtime usa MAX y oculta el exceso.",YES
988,calves_elevacion_talones_prensa_vertical,Elevación de Talones en Prensa Vertical,Aislamiento,Máquina,Flexión Plantar,,2.0,1.5,0.2,1.5,Gastrocnemio,Pantorrillas:primary:1.0:Gastrocnemio | Sóleo:secondary:0.7:,0,2,ORANGE,1.4_NONCANONICAL_MUSCLE | 1.7_PARENT_SUM_GT_ONE,"1.4_NONCANONICAL_MUSCLE: ""Sóleo"" no pertenece a los 17 padres de ExerciseAnatomy.kt. || 1.7_PARENT_SUM_GT_ONE: Suma por padre Pantorrillas=1.70; el runtime usa MAX y oculta el exceso.",
989,calves_elevacion_talones_unilateral_prensa_45,Elevación de Talones Unilateral en Prensa a 45º,Aislamiento,Máquina,Flexión Plantar Unilateral,,2.0,1.5,0.2,1.5,Gastrocnemio Unilateral,Pantorrillas:primary:1.0:Gastrocnemio Unilateral | Sóleo:secondary:0.7:,0,2,ORANGE,1.4_NONCANONICAL_MUSCLE | 1.7_PARENT_SUM_GT_ONE,"1.4_NONCANONICAL_MUSCLE: ""Sóleo"" no pertenece a los 17 padres de ExerciseAnatomy.kt. || 1.7_PARENT_SUM_GT_ONE: Suma por padre Pantorrillas=1.70; el runtime usa MAX y oculta el exceso.",
990,calves_elevacion_talones_unilateral_prensa_horizontal,Elevación de Talones Unilateral en Prensa Horizontal,Aislamiento,Máquina,Flexión Plantar Unilateral,,2.0,1.5,0.2,1.5,Gastrocnemio Unilateral,Pantorrillas:primary:1.0:Gastrocnemio Unilateral | Sóleo:secondary:0.7:,0,2,ORANGE,1.4_NONCANONICAL_MUSCLE | 1.7_PARENT_SUM_GT_ONE,"1.4_NONCANONICAL_MUSCLE: ""Sóleo"" no pertenece a los 17 padres de ExerciseAnatomy.kt. || 1.7_PARENT_SUM_GT_ONE: Suma por padre Pantorrillas=1.70; el runtime usa MAX y oculta el exceso.",
991,calves_elevacion_talones_de_pie_polea,Elevación de Talones de Pie en Polea,Aislamiento,Polea,Flexión Plantar,,2.0,1.5,0.2,1.5,Gastrocnemio,Pantorrillas:primary:1.0:Gastrocnemio | Sóleo:secondary:0.7:,0,2,ORANGE,1.4_NONCANONICAL_MUSCLE | 1.7_PARENT_SUM_GT_ONE,"1.4_NONCANONICAL_MUSCLE: ""Sóleo"" no pertenece a los 17 padres de ExerciseAnatomy.kt. || 1.7_PARENT_SUM_GT_ONE: Suma por padre Pantorrillas=1.70; el runtime usa MAX y oculta el exceso.",
992,calves_elevacion_talones_de_pie_maquina_hack,Elevación de Talones de Pie en Máquina Hack,Aislamiento,Máquina Hack,Flexión Plantar,,2.0,1.5,0.2,1.5,Gastrocnemio,Pantorrillas:primary:1.0:Gastrocnemio | Sóleo:secondary:0.7:,0,2,ORANGE,1.4_NONCANONICAL_MUSCLE | 1.7_PARENT_SUM_GT_ONE,"1.4_NONCANONICAL_MUSCLE: ""Sóleo"" no pertenece a los 17 padres de ExerciseAnatomy.kt. || 1.7_PARENT_SUM_GT_ONE: Suma por padre Pantorrillas=1.70; el runtime usa MAX y oculta el exceso.",
993,calves_elevacion_talones_de_pie_maquina_v_squat,Elevación de Talones de Pie en Máquina V-Squat,Aislamiento,Máquina V-Squat,Flexión Plantar,,2.0,1.5,0.2,1.5,Gastrocnemio,Pantorrillas:primary:1.0:Gastrocnemio | Sóleo:secondary:0.7:,0,2,ORANGE,1.4_NONCANONICAL_MUSCLE | 1.7_PARENT_SUM_GT_ONE,"1.4_NONCANONICAL_MUSCLE: ""Sóleo"" no pertenece a los 17 padres de ExerciseAnatomy.kt. || 1.7_PARENT_SUM_GT_ONE: Suma por padre Pantorrillas=1.70; el runtime usa MAX y oculta el exceso.",
994,calves_elevacion_talones_de_pie_maquina_belt_squat,Elevación de Talones de Pie en Máquina Belt Squat,Aislamiento,Máquina Belt Squat,Flexión Plantar,,2.0,1.5,0.2,1.5,Gastrocnemio,Pantorrillas:primary:1.0:Gastrocnemio | Sóleo:secondary:0.7:,0,2,ORANGE,1.4_NONCANONICAL_MUSCLE | 1.7_PARENT_SUM_GT_ONE,"1.4_NONCANONICAL_MUSCLE: ""Sóleo"" no pertenece a los 17 padres de ExerciseAnatomy.kt. || 1.7_PARENT_SUM_GT_ONE: Suma por padre Pantorrillas=1.70; el runtime usa MAX y oculta el exceso.",YES
995,calves_elevacion_talones_de_pie_unilateral_kettlebell,Elevación de Talones de Pie Unilateral con Kettlebell,Aislamiento,Kettlebell,Flexión Plantar Unilateral,,2.0,1.5,0.2,1.5,Gastrocnemio Unilateral,Pantorrillas:primary:1.0:Gastrocnemio Unilateral | Sóleo:secondary:0.7:,0,2,ORANGE,1.4_NONCANONICAL_MUSCLE | 1.7_PARENT_SUM_GT_ONE,"1.4_NONCANONICAL_MUSCLE: ""Sóleo"" no pertenece a los 17 padres de ExerciseAnatomy.kt. || 1.7_PARENT_SUM_GT_ONE: Suma por padre Pantorrillas=1.70; el runtime usa MAX y oculta el exceso.",
996,calves_elevacion_talones_de_pie_unilateral_polea,Elevación de Talones de Pie Unilateral en Polea,Aislamiento,Polea,Flexión Plantar Unilateral,,2.0,1.5,0.2,1.5,Gastrocnemio Unilateral,Pantorrillas:primary:1.0:Gastrocnemio Unilateral | Sóleo:secondary:0.7:,0,2,ORANGE,1.4_NONCANONICAL_MUSCLE | 1.7_PARENT_SUM_GT_ONE,"1.4_NONCANONICAL_MUSCLE: ""Sóleo"" no pertenece a los 17 padres de ExerciseAnatomy.kt. || 1.7_PARENT_SUM_GT_ONE: Suma por padre Pantorrillas=1.70; el runtime usa MAX y oculta el exceso.",
997,calves_elevacion_talones_sentado_polea,Elevación de Talones Sentado en Polea,Aislamiento,Polea,Flexión Plantar Sóleo,,2.0,1.5,0.2,1.5,Sóleo,Pantorrillas:primary:1.0:Sóleo | Gastrocnemio:secondary:0.3:,0,2,ORANGE,1.4_NONCANONICAL_MUSCLE | 1.7_PARENT_SUM_GT_ONE,"1.4_NONCANONICAL_MUSCLE: ""Gastrocnemio"" no pertenece a los 17 padres de ExerciseAnatomy.kt. || 1.7_PARENT_SUM_GT_ONE: Suma por padre Pantorrillas=1.30; el runtime usa MAX y oculta el exceso.",
998,calves_elevacion_talones_sentado_kettlebell,Elevación de Talones Sentado con Kettlebell,Aislamiento,Kettlebell,Flexión Plantar Sóleo,,2.0,1.5,0.2,1.5,Sóleo,Pantorrillas:primary:1.0:Sóleo | Gastrocnemio:secondary:0.3:,0,2,ORANGE,1.4_NONCANONICAL_MUSCLE | 1.7_PARENT_SUM_GT_ONE,"1.4_NONCANONICAL_MUSCLE: ""Gastrocnemio"" no pertenece a los 17 padres de ExerciseAnatomy.kt. || 1.7_PARENT_SUM_GT_ONE: Suma por padre Pantorrillas=1.30; el runtime usa MAX y oculta el exceso.",
999,calves_elevacion_talones_unilateral_prensa_vertical,Elevación de Talones Unilateral en Prensa Vertical,Aislamiento,Máquina,Flexión Plantar Unilateral,,2.0,1.5,0.2,1.5,Gastrocnemio Unilateral,Pantorrillas:primary:1.0:Gastrocnemio Unilateral | Sóleo:secondary:0.7:,0,2,ORANGE,1.4_NONCANONICAL_MUSCLE | 1.7_PARENT_SUM_GT_ONE,"1.4_NONCANONICAL_MUSCLE: ""Sóleo"" no pertenece a los 17 padres de ExerciseAnatomy.kt. || 1.7_PARENT_SUM_GT_ONE: Suma por padre Pantorrillas=1.70; el runtime usa MAX y oculta el exceso.",
1000,calves_elevacion_talones_de_pie_unilateral_maquina,Elevación de Talones de Pie Unilateral en Máquina,Aislamiento,Máquina,Flexión Plantar Unilateral,,2.0,1.5,0.2,1.5,Gastrocnemio Unilateral,Pantorrillas:primary:1.0:Gastrocnemio Unilateral | Sóleo:secondary:0.7:,0,2,ORANGE,1.4_NONCANONICAL_MUSCLE | 1.7_PARENT_SUM_GT_ONE,"1.4_NONCANONICAL_MUSCLE: ""Sóleo"" no pertenece a los 17 padres de ExerciseAnatomy.kt. || 1.7_PARENT_SUM_GT_ONE: Suma por padre Pantorrillas=1.70; el runtime usa MAX y oculta el exceso.",
1001,calves_elevacion_talones_de_pie_unilateral_maquina_smith,Elevación de Talones de Pie Unilateral en Máquina Smith,Aislamiento,Máquina Smith,Flexión Plantar Unilateral,,2.0,1.5,0.2,1.5,Gastrocnemio Unilateral,Pantorrillas:primary:1.0:Gastrocnemio Unilateral | Sóleo:secondary:0.7:,0,2,ORANGE,1.4_NONCANONICAL_MUSCLE | 1.7_PARENT_SUM_GT_ONE,"1.4_NONCANONICAL_MUSCLE: ""Sóleo"" no pertenece a los 17 padres de ExerciseAnatomy.kt. || 1.7_PARENT_SUM_GT_ONE: Suma por padre Pantorrillas=1.70; el runtime usa MAX y oculta el exceso.",
1002,calves_elevacion_talones_de_pie_unilateral_barra_recta,Elevación de Talones de Pie Unilateral con Barra Recta,Aislamiento,Barra,Flexión Plantar Unilateral,,2.0,1.5,0.2,1.5,Gastrocnemio Unilateral,Pantorrillas:primary:1.0:Gastrocnemio Unilateral | Sóleo:secondary:0.7:,0,2,ORANGE,1.4_NONCANONICAL_MUSCLE | 1.7_PARENT_SUM_GT_ONE,"1.4_NONCANONICAL_MUSCLE: ""Sóleo"" no pertenece a los 17 padres de ExerciseAnatomy.kt. || 1.7_PARENT_SUM_GT_ONE: Suma por padre Pantorrillas=1.70; el runtime usa MAX y oculta el exceso.",YES
1003,calves_elevacion_talones_de_pie_unilateral_maquina_hack,Elevación de Talones de Pie Unilateral en Máquina Hack,Aislamiento,Máquina Hack,Flexión Plantar Unilateral,,2.0,1.5,0.2,1.5,Gastrocnemio Unilateral,Pantorrillas:primary:1.0:Gastrocnemio Unilateral | Sóleo:secondary:0.7:,0,2,ORANGE,1.4_NONCANONICAL_MUSCLE | 1.7_PARENT_SUM_GT_ONE,"1.4_NONCANONICAL_MUSCLE: ""Sóleo"" no pertenece a los 17 padres de ExerciseAnatomy.kt. || 1.7_PARENT_SUM_GT_ONE: Suma por padre Pantorrillas=1.70; el runtime usa MAX y oculta el exceso.",
1004,calves_elevacion_talones_de_pie_unilateral_maquina_v_squat,Elevación de Talones de Pie Unilateral en Máquina V-Squat,Aislamiento,Máquina V-Squat,Flexión Plantar Unilateral,,2.0,1.5,0.2,1.5,Gastrocnemio Unilateral,Pantorrillas:primary:1.0:Gastrocnemio Unilateral | Sóleo:secondary:0.7:,0,2,ORANGE,1.4_NONCANONICAL_MUSCLE | 1.7_PARENT_SUM_GT_ONE,"1.4_NONCANONICAL_MUSCLE: ""Sóleo"" no pertenece a los 17 padres de ExerciseAnatomy.kt. || 1.7_PARENT_SUM_GT_ONE: Suma por padre Pantorrillas=1.70; el runtime usa MAX y oculta el exceso.",
1005,calves_elevacion_talones_de_pie_unilateral_maquina_belt_squat,Elevación de Talones de Pie Unilateral en Máquina Belt Squat,Aislamiento,Máquina Belt Squat,Flexión Plantar Unilateral,,2.0,1.5,0.2,1.5,Gastrocnemio Unilateral,Pantorrillas:primary:1.0:Gastrocnemio Unilateral | Sóleo:secondary:0.7:,0,2,ORANGE,1.4_NONCANONICAL_MUSCLE | 1.7_PARENT_SUM_GT_ONE,"1.4_NONCANONICAL_MUSCLE: ""Sóleo"" no pertenece a los 17 padres de ExerciseAnatomy.kt. || 1.7_PARENT_SUM_GT_ONE: Suma por padre Pantorrillas=1.70; el runtime usa MAX y oculta el exceso.",
1006,calves_elevacion_talones_donkey_unilateral_maquina,Elevación de Talones Burro (Donkey Calf Raise) Unilateral en Máquina,Aislamiento,Máquina,Flexión Plantar Unilateral,,2.0,1.5,0.2,1.5,Gastrocnemio Unilateral,Pantorrillas:primary:1.0:Gastrocnemio Unilateral | Sóleo:secondary:0.7:,0,2,ORANGE,1.4_NONCANONICAL_MUSCLE | 1.7_PARENT_SUM_GT_ONE,"1.4_NONCANONICAL_MUSCLE: ""Sóleo"" no pertenece a los 17 padres de ExerciseAnatomy.kt. || 1.7_PARENT_SUM_GT_ONE: Suma por padre Pantorrillas=1.70; el runtime usa MAX y oculta el exceso.",
1007,calves_elevacion_talones_sentado_unilateral_maquina,Elevación de Talones Sentado Unilateral en Máquina,Aislamiento,Máquina,Flexión Plantar Sóleo Unilateral,,2.0,1.5,0.2,1.5,Sóleo Unilateral,Pantorrillas:primary:1.0:Sóleo Unilateral | Gastrocnemio:secondary:0.3:,0,2,ORANGE,1.4_NONCANONICAL_MUSCLE | 1.7_PARENT_SUM_GT_ONE,"1.4_NONCANONICAL_MUSCLE: ""Gastrocnemio"" no pertenece a los 17 padres de ExerciseAnatomy.kt. || 1.7_PARENT_SUM_GT_ONE: Suma por padre Pantorrillas=1.30; el runtime usa MAX y oculta el exceso.",
1008,calves_elevacion_talones_sentado_unilateral_barra_recta,Elevación de Talones Sentado Unilateral con Barra Recta,Aislamiento,Barra,Flexión Plantar Sóleo Unilateral,,2.0,1.5,0.2,1.5,Sóleo Unilateral,Pantorrillas:primary:1.0:Sóleo Unilateral | Gastrocnemio:secondary:0.3:,0,2,ORANGE,1.4_NONCANONICAL_MUSCLE | 1.7_PARENT_SUM_GT_ONE,"1.4_NONCANONICAL_MUSCLE: ""Gastrocnemio"" no pertenece a los 17 padres de ExerciseAnatomy.kt. || 1.7_PARENT_SUM_GT_ONE: Suma por padre Pantorrillas=1.30; el runtime usa MAX y oculta el exceso.",
1009,calves_elevacion_talones_sentado_unilateral_disco,Elevación de Talones Sentado Unilateral con Disco,Aislamiento,Disco,Flexión Plantar Sóleo Unilateral,,2.0,1.5,0.2,1.5,Sóleo Unilateral,Pantorrillas:primary:1.0:Sóleo Unilateral | Gastrocnemio:secondary:0.3:,0,2,ORANGE,1.4_NONCANONICAL_MUSCLE | 1.7_PARENT_SUM_GT_ONE,"1.4_NONCANONICAL_MUSCLE: ""Gastrocnemio"" no pertenece a los 17 padres de ExerciseAnatomy.kt. || 1.7_PARENT_SUM_GT_ONE: Suma por padre Pantorrillas=1.30; el runtime usa MAX y oculta el exceso.",
1010,calves_elevacion_talones_sentado_unilateral_polea,Elevación de Talones Sentado Unilateral en Polea,Aislamiento,Polea,Flexión Plantar Sóleo Unilateral,,2.0,1.5,0.2,1.5,Sóleo Unilateral,Pantorrillas:primary:1.0:Sóleo Unilateral | Gastrocnemio:secondary:0.3:,0,2,ORANGE,1.4_NONCANONICAL_MUSCLE | 1.7_PARENT_SUM_GT_ONE,"1.4_NONCANONICAL_MUSCLE: ""Gastrocnemio"" no pertenece a los 17 padres de ExerciseAnatomy.kt. || 1.7_PARENT_SUM_GT_ONE: Suma por padre Pantorrillas=1.30; el runtime usa MAX y oculta el exceso.",YES
1011,calves_elevacion_talones_sentado_unilateral_kettlebell,Elevación de Talones Sentado Unilateral con Kettlebell,Aislamiento,Kettlebell,Flexión Plantar Sóleo Unilateral,,2.0,1.5,0.2,1.5,Sóleo Unilateral,Pantorrillas:primary:1.0:Sóleo Unilateral | Gastrocnemio:secondary:0.3:,0,2,ORANGE,1.4_NONCANONICAL_MUSCLE | 1.7_PARENT_SUM_GT_ONE,"1.4_NONCANONICAL_MUSCLE: ""Gastrocnemio"" no pertenece a los 17 padres de ExerciseAnatomy.kt. || 1.7_PARENT_SUM_GT_ONE: Suma por padre Pantorrillas=1.30; el runtime usa MAX y oculta el exceso.",
1012,calves_elevacion_tibial_anterior_de_pie_unilateral_pared,Elevación Tibial de Pie Unilateral en Pared,Aislamiento,Peso Corporal,Flexión Dorsal Unilateral,,2.0,1.5,0.2,1.5,Tibial Anterior Unilateral,Tibial Anterior:primary:1.0:Tibial Anterior Unilateral,0,2,ORANGE,1.4_NONCANONICAL_MUSCLE | 1.5_FREE_EMPHASIS,"1.4_NONCANONICAL_MUSCLE: ""Tibial Anterior"" no pertenece a los 17 padres de ExerciseAnatomy.kt. || 1.5_FREE_EMPHASIS: Emphasis ""Tibial Anterior Unilateral"" en un padre sin cabezas declaradas (Tibial Anterior).",
1013,calves_elevacion_tibial_anterior_sentado_unilateral_disco,Elevación Tibial Sentado Unilateral con Disco,Aislamiento,Disco,Flexión Dorsal Unilateral,,2.0,1.5,0.2,1.5,Tibial Anterior Unilateral,Tibial Anterior:primary:1.0:Tibial Anterior Unilateral,0,2,ORANGE,1.4_NONCANONICAL_MUSCLE | 1.5_FREE_EMPHASIS,"1.4_NONCANONICAL_MUSCLE: ""Tibial Anterior"" no pertenece a los 17 padres de ExerciseAnatomy.kt. || 1.5_FREE_EMPHASIS: Emphasis ""Tibial Anterior Unilateral"" en un padre sin cabezas declaradas (Tibial Anterior).",
1014,calves_elevacion_tibial_anterior_sentado_mancuerna,Elevación Tibial Sentado con Mancuerna entre Pies,Aislamiento,Mancuerna,Flexión Dorsal,,2.0,1.5,0.2,1.5,Tibial Anterior,Tibial Anterior:primary:1.0:Tibial Anterior,0,2,ORANGE,1.4_NONCANONICAL_MUSCLE | 1.5_FREE_EMPHASIS,"1.4_NONCANONICAL_MUSCLE: ""Tibial Anterior"" no pertenece a los 17 padres de ExerciseAnatomy.kt. || 1.5_FREE_EMPHASIS: Emphasis ""Tibial Anterior"" en un padre sin cabezas declaradas (Tibial Anterior).",YES
1015,calves_elevacion_tibial_anterior_sentado_unilateral_mancuerna,Elevación Tibial Sentado Unilateral con Mancuerna,Aislamiento,Mancuerna,Flexión Dorsal Unilateral,,2.0,1.5,0.2,1.5,Tibial Anterior Unilateral,Tibial Anterior:primary:1.0:Tibial Anterior Unilateral,0,2,ORANGE,1.4_NONCANONICAL_MUSCLE | 1.5_FREE_EMPHASIS,"1.4_NONCANONICAL_MUSCLE: ""Tibial Anterior"" no pertenece a los 17 padres de ExerciseAnatomy.kt. || 1.5_FREE_EMPHASIS: Emphasis ""Tibial Anterior Unilateral"" en un padre sin cabezas declaradas (Tibial Anterior).",
1016,calves_elevacion_tibial_anterior_unilateral_polea,Elevación Tibial Unilateral en Polea,Aislamiento,Polea,Flexión Dorsal Unilateral,,2.0,1.5,0.2,1.5,Tibial Anterior Unilateral,Tibial Anterior:primary:1.0:Tibial Anterior Unilateral,0,2,ORANGE,1.4_NONCANONICAL_MUSCLE | 1.5_FREE_EMPHASIS,"1.4_NONCANONICAL_MUSCLE: ""Tibial Anterior"" no pertenece a los 17 padres de ExerciseAnatomy.kt. || 1.5_FREE_EMPHASIS: Emphasis ""Tibial Anterior Unilateral"" en un padre sin cabezas declaradas (Tibial Anterior).",
1017,calves_elevacion_tibial_anterior_unilateral_banda,Elevación Tibial Unilateral en Banda Elástica,Aislamiento,Banda Elástica,Flexión Dorsal Unilateral,,2.0,1.5,0.2,1.5,Tibial Anterior Unilateral,Tibial Anterior:primary:1.0:Tibial Anterior Unilateral,0,2,ORANGE,1.4_NONCANONICAL_MUSCLE | 1.5_FREE_EMPHASIS,"1.4_NONCANONICAL_MUSCLE: ""Tibial Anterior"" no pertenece a los 17 padres de ExerciseAnatomy.kt. || 1.5_FREE_EMPHASIS: Emphasis ""Tibial Anterior Unilateral"" en un padre sin cabezas declaradas (Tibial Anterior).",
1018,calves_elevacion_tibial_anterior_unilateral_maquina,Elevación Tibial Unilateral en Máquina Tibialis,Aislamiento,Máquina,Flexión Dorsal Unilateral,,2.0,1.5,0.2,1.5,Tibial Anterior Unilateral,Tibial Anterior:primary:1.0:Tibial Anterior Unilateral,0,2,ORANGE,1.4_NONCANONICAL_MUSCLE | 1.5_FREE_EMPHASIS,"1.4_NONCANONICAL_MUSCLE: ""Tibial Anterior"" no pertenece a los 17 padres de ExerciseAnatomy.kt. || 1.5_FREE_EMPHASIS: Emphasis ""Tibial Anterior Unilateral"" en un padre sin cabezas declaradas (Tibial Anterior).",
1019,calves_elevacion_tibial_anterior_tib_bar,Elevación Tibial con Barra Tibialis Solo (Tib Bar),Aislamiento,Barra Tibialis,Flexión Dorsal,,2.0,1.5,0.2,1.5,Tibial Anterior,Tibial Anterior:primary:1.0:Tibial Anterior,0,2,ORANGE,1.4_NONCANONICAL_MUSCLE | 1.5_FREE_EMPHASIS,"1.4_NONCANONICAL_MUSCLE: ""Tibial Anterior"" no pertenece a los 17 padres de ExerciseAnatomy.kt. || 1.5_FREE_EMPHASIS: Emphasis ""Tibial Anterior"" en un padre sin cabezas declaradas (Tibial Anterior).",
1020,calves_elevacion_tibial_anterior_unilateral_tib_bar,Elevación Tibial Unilateral con Barra Tibialis Solo (Solo Tib Bar),Aislamiento,Barra Tibialis,Flexión Dorsal Unilateral,,2.0,1.5,0.2,1.5,Tibial Anterior Unilateral,Tibial Anterior:primary:1.0:Tibial Anterior Unilateral,0,2,ORANGE,1.4_NONCANONICAL_MUSCLE | 1.5_FREE_EMPHASIS,"1.4_NONCANONICAL_MUSCLE: ""Tibial Anterior"" no pertenece a los 17 padres de ExerciseAnatomy.kt. || 1.5_FREE_EMPHASIS: Emphasis ""Tibial Anterior Unilateral"" en un padre sin cabezas declaradas (Tibial Anterior).",
