#
# A fatal error has been detected by the Java Runtime Environment:
#
#  SIGSEGV (0xb) at pc=0x0000000102396bfb, pid=62254, tid=126479
#
# JRE version: OpenJDK Runtime Environment (21.0.10) (build 21.0.10+-117844309-b1163.108)
# Java VM: OpenJDK 64-Bit Server VM (21.0.10+-117844309-b1163.108, mixed mode, tiered, compressed oops, compressed class ptrs, g1 gc, bsd-amd64)
# Problematic frame:
# V  [libjvm.dylib+0x958bfb]  SharedRuntime::generate_class_cast_message(Klass*, Klass*, Symbol*)+0x6b
#
# No core dump will be written. Core dumps have been disabled. To enable core dumping, try "ulimit -c unlimited" before starting Java again
#
# If you would like to submit a bug report, please visit:
#   https://youtrack.jetbrains.com/issues/JBR
#

---------------  S U M M A R Y ------------

Command Line: --add-opens=java.base/java.lang=ALL-UNNAMED --add-opens=java.base/java.lang.invoke=ALL-UNNAMED --add-opens=java.base/java.util=ALL-UNNAMED --add-opens=java.prefs/java.util.prefs=ALL-UNNAMED --add-exports=jdk.compiler/com.sun.tools.javac.api=ALL-UNNAMED --add-exports=jdk.compiler/com.sun.tools.javac.util=ALL-UNNAMED --add-opens=java.base/java.util=ALL-UNNAMED --add-opens=java.prefs/java.util.prefs=ALL-UNNAMED --add-opens=java.base/java.nio.charset=ALL-UNNAMED --add-opens=java.base/java.net=ALL-UNNAMED --add-opens=java.base/java.util.concurrent=ALL-UNNAMED --add-opens=java.base/java.util.concurrent.atomic=ALL-UNNAMED --add-opens=java.xml/javax.xml.namespace=ALL-UNNAMED --add-opens=java.base/java.time=ALL-UNNAMED -Xmx4096m -Dfile.encoding=UTF-8 -Duser.country=419 -Duser.language=es -Duser.variant -javaagent:/Users/imacmantra/.gradle/wrapper/dists/gradle-9.4.1-bin/arn2x92ynaizyzdaamcbpbhtj/gradle-9.4.1/lib/agents/gradle-instrumentation-agent-9.4.1.jar org.gradle.launcher.daemon.bootstrap.GradleDaemon 9.4.1

Host: "iMac18,3" x86_64 3500 MHz, 4 cores, 24G, Darwin 22.6.0, macOS 13.7.8 (22H730)
Time: Tue Jul 21 21:04:24 2026 -04 elapsed time: 1285.489271 seconds (0d 0h 21m 25s)

---------------  T H R E A D  ---------------

Current thread (0x00007fbf67b69a00):  JavaThread "WorkerExecutor Queue"        [_thread_in_vm, id=126479, stack(0x00007000051dd000,0x00007000052dd000) (1024K)]

Stack: [0x00007000051dd000,0x00007000052dd000],  sp=0x00007000052d8d40,  free space=1007k
Native frames: (J=compiled Java code, j=interpreted, Vv=VM code, C=native code)
V  [libjvm.dylib+0x958bfb]  SharedRuntime::generate_class_cast_message(Klass*, Klass*, Symbol*)+0x6b
V  [libjvm.dylib+0x958b67]  SharedRuntime::generate_class_cast_message(JavaThread*, Klass*)+0x117
V  [libjvm.dylib+0x547db4]  InterpreterRuntime::throw_ClassCastException(JavaThread*, oopDesc*)+0x64
j  ksp.com.intellij.psi.stubs.MaterialStubList.get(I)Lksp/com/intellij/psi/stubs/StubBase;+8
j  ksp.com.intellij.psi.stubs.MaterialStubList.get(I)Ljava/lang/Object;+2
j  ksp.com.intellij.psi.stubs.StubList$1.get(I)Lksp/com/intellij/psi/stubs/StubBase;+68
J 41151 c1 ksp.com.intellij.psi.stubs.StubList$1.get(I)Ljava/lang/Object; (6 bytes) @ 0x0000000107582dbc [0x0000000107582d40+0x000000000000007c]
J 40156 c2 java.util.AbstractList$Itr.next()Ljava/lang/Object; java.base@21.0.10 (46 bytes) @ 0x000000010f35210c [0x000000010f3520a0+0x000000000000006c]
J 50848 c1 ksp.org.jetbrains.kotlin.analysis.api.standalone.base.declarations.KotlinStandaloneDeclarationProviderKt.cloneStubRecursively(Lksp/com/intellij/psi/stubs/StubElement;Lksp/com/intellij/psi/stubs/StubElement;Lksp/com/intellij/util/io/UnsyncByteArrayOutputStream;Lksp/com/intellij/util/io/AbstractStringEnumerator;)Lksp/com/intellij/psi/stubs/StubElement; (266 bytes) @ 0x000000010735b7ac [0x000000010735a3e0+0x00000000000013cc]
J 50848 c1 ksp.org.jetbrains.kotlin.analysis.api.standalone.base.declarations.KotlinStandaloneDeclarationProviderKt.cloneStubRecursively(Lksp/com/intellij/psi/stubs/StubElement;Lksp/com/intellij/psi/stubs/StubElement;Lksp/com/intellij/util/io/UnsyncByteArrayOutputStream;Lksp/com/intellij/util/io/AbstractStringEnumerator;)Lksp/com/intellij/psi/stubs/StubElement; (266 bytes) @ 0x000000010735b834 [0x000000010735a3e0+0x0000000000001454]
J 50848 c1 ksp.org.jetbrains.kotlin.analysis.api.standalone.base.declarations.KotlinStandaloneDeclarationProviderKt.cloneStubRecursively(Lksp/com/intellij/psi/stubs/StubElement;Lksp/com/intellij/psi/stubs/StubElement;Lksp/com/intellij/util/io/UnsyncByteArrayOutputStream;Lksp/com/intellij/util/io/AbstractStringEnumerator;)Lksp/com/intellij/psi/stubs/StubElement; (266 bytes) @ 0x000000010735b834 [0x000000010735a3e0+0x0000000000001454]
J 50848 c1 ksp.org.jetbrains.kotlin.analysis.api.standalone.base.declarations.KotlinStandaloneDeclarationProviderKt.cloneStubRecursively(Lksp/com/intellij/psi/stubs/StubElement;Lksp/com/intellij/psi/stubs/StubElement;Lksp/com/intellij/util/io/UnsyncByteArrayOutputStream;Lksp/com/intellij/util/io/AbstractStringEnumerator;)Lksp/com/intellij/psi/stubs/StubElement; (266 bytes) @ 0x000000010735b834 [0x000000010735a3e0+0x0000000000001454]
J 50848 c1 ksp.org.jetbrains.kotlin.analysis.api.standalone.base.declarations.KotlinStandaloneDeclarationProviderKt.cloneStubRecursively(Lksp/com/intellij/psi/stubs/StubElement;Lksp/com/intellij/psi/stubs/StubElement;Lksp/com/intellij/util/io/UnsyncByteArrayOutputStream;Lksp/com/intellij/util/io/AbstractStringEnumerator;)Lksp/com/intellij/psi/stubs/StubElement; (266 bytes) @ 0x000000010735b834 [0x000000010735a3e0+0x0000000000001454]
J 50848 c1 ksp.org.jetbrains.kotlin.analysis.api.standalone.base.declarations.KotlinStandaloneDeclarationProviderKt.cloneStubRecursively(Lksp/com/intellij/psi/stubs/StubElement;Lksp/com/intellij/psi/stubs/StubElement;Lksp/com/intellij/util/io/UnsyncByteArrayOutputStream;Lksp/com/intellij/util/io/AbstractStringEnumerator;)Lksp/com/intellij/psi/stubs/StubElement; (266 bytes) @ 0x000000010735b834 [0x000000010735a3e0+0x0000000000001454]
J 50848 c1 ksp.org.jetbrains.kotlin.analysis.api.standalone.base.declarations.KotlinStandaloneDeclarationProviderKt.cloneStubRecursively(Lksp/com/intellij/psi/stubs/StubElement;Lksp/com/intellij/psi/stubs/StubElement;Lksp/com/intellij/util/io/UnsyncByteArrayOutputStream;Lksp/com/intellij/util/io/AbstractStringEnumerator;)Lksp/com/intellij/psi/stubs/StubElement; (266 bytes) @ 0x000000010735b834 [0x000000010735a3e0+0x0000000000001454]
J 50848 c1 ksp.org.jetbrains.kotlin.analysis.api.standalone.base.declarations.KotlinStandaloneDeclarationProviderKt.cloneStubRecursively(Lksp/com/intellij/psi/stubs/StubElement;Lksp/com/intellij/psi/stubs/StubElement;Lksp/com/intellij/util/io/UnsyncByteArrayOutputStream;Lksp/com/intellij/util/io/AbstractStringEnumerator;)Lksp/com/intellij/psi/stubs/StubElement; (266 bytes) @ 0x000000010735b834 [0x000000010735a3e0+0x0000000000001454]
j  ksp.org.jetbrains.kotlin.analysis.api.standalone.base.declarations.KotlinStandaloneDeclarationProviderKt.access$cloneStubRecursively(Lksp/com/intellij/psi/stubs/StubElement;Lksp/com/intellij/psi/stubs/StubElement;Lksp/com/intellij/util/io/UnsyncByteArrayOutputStream;Lksp/com/intellij/util/io/AbstractStringEnumerator;)Lksp/com/intellij/psi/stubs/StubElement;+4
j  ksp.org.jetbrains.kotlin.analysis.api.standalone.base.declarations.KotlinStandaloneDeclarationProviderFactory.registerStub(Lksp/org/jetbrains/kotlin/psi/stubs/impl/KotlinFileStubImpl;Lksp/com/intellij/openapi/vfs/VirtualFile;Z)Lksp/org/jetbrains/kotlin/psi/stubs/impl/KotlinFileStubImpl;+47
j  ksp.org.jetbrains.kotlin.analysis.api.standalone.base.declarations.KotlinStandaloneDeclarationProviderFactory.loadBuiltIns()Ljava/util/Collection;+170
j  ksp.org.jetbrains.kotlin.analysis.api.standalone.base.declarations.KotlinStandaloneDeclarationProviderFactory.<init>(Lksp/com/intellij/openapi/project/Project;Lksp/com/intellij/core/CoreApplicationEnvironment;Ljava/util/Collection;Ljava/util/List;Ljava/util/List;ZZZ)V+122
j  ksp.org.jetbrains.kotlin.analysis.api.standalone.base.declarations.KotlinStandaloneDeclarationProviderFactory.<init>(Lksp/com/intellij/openapi/project/Project;Lksp/com/intellij/core/CoreApplicationEnvironment;Ljava/util/Collection;Ljava/util/List;Ljava/util/List;ZZZILkotlin/jvm/internal/DefaultConstructorMarker;)V+74
j  com.google.devtools.ksp.standalone.IncrementalKotlinDeclarationProviderFactory.update(Ljava/util/Collection;)V+49
j  com.google.devtools.ksp.impl.KotlinSymbolProcessing.prepareAllKSFiles(Lksp/org/jetbrains/kotlin/cli/jvm/compiler/KotlinCoreProjectEnvironment;Ljava/util/List;Lcom/google/devtools/ksp/standalone/IncrementalJavaFileManager;)Ljava/util/List;+301
j  com.google.devtools.ksp.impl.KotlinSymbolProcessing.execute()Lcom/google/devtools/ksp/impl/KotlinSymbolProcessing$ExitCode;+158
j  com.google.devtools.ksp.impl.KSPLoader$Companion.loadAndRunKSP([BLjava/util/List;I)I+125
j  com.google.devtools.ksp.impl.KSPLoader.loadAndRunKSP([BLjava/util/List;I)I+6
j  java.lang.invoke.DirectMethodHandle$Holder.invokeStatic(Ljava/lang/Object;Ljava/lang/Object;Ljava/lang/Object;I)I+14 java.base@21.0.10
j  java.lang.invoke.LambdaForm$MH+0x0000000801713400.invoke(Ljava/lang/Object;Ljava/lang/Object;Ljava/lang/Object;Ljava/lang/Object;Ljava/lang/Object;)Ljava/lang/Object;+74 java.base@21.0.10
J 47319 c2 java.lang.reflect.Method.invoke(Ljava/lang/Object;[Ljava/lang/Object;)Ljava/lang/Object; java.base@21.0.10 (108 bytes) @ 0x000000010e85d534 [0x000000010e85cca0+0x0000000000000894]
j  com.google.devtools.ksp.gradle.KspAAWorkerAction.execute()V+1605
j  org.gradle.workers.internal.DefaultWorkerServer.execute(Lorg/gradle/workers/internal/SimpleActionExecutionSpec;)Lorg/gradle/workers/internal/DefaultWorkResult;+123
j  org.gradle.workers.internal.NoIsolationWorkerFactory$1$1.create()Lorg/gradle/workers/internal/DefaultWorkResult;+29
j  org.gradle.workers.internal.NoIsolationWorkerFactory$1$1.create()Ljava/lang/Object;+1
j  org.gradle.internal.classloader.ClassLoaderUtils.executeInClassloader(Ljava/lang/ClassLoader;Lorg/gradle/internal/Factory;)Ljava/lang/Object;+15
j  org.gradle.workers.internal.NoIsolationWorkerFactory$1.lambda$execute$0(Ljava/lang/ClassLoader;Lorg/gradle/workers/WorkerExecutor;Lorg/gradle/workers/internal/IsolatedParametersActionExecutionSpec;)Lorg/gradle/workers/internal/DefaultWorkResult;+10
j  org.gradle.workers.internal.NoIsolationWorkerFactory$1$$Lambda+0x000000080112ab88.execute(Lorg/gradle/workers/internal/IsolatedParametersActionExecutionSpec;)Lorg/gradle/workers/internal/DefaultWorkResult;+13
j  org.gradle.workers.internal.AbstractWorker$1.call(Lorg/gradle/internal/operations/BuildOperationContext;)Lorg/gradle/workers/internal/DefaultWorkResult;+8
j  org.gradle.workers.internal.AbstractWorker$1.call(Lorg/gradle/internal/operations/BuildOperationContext;)Ljava/lang/Object;+2
J 9787 c1 org.gradle.internal.operations.DefaultBuildOperationRunner$CallableBuildOperationWorker.execute(Lorg/gradle/internal/operations/BuildOperation;Lorg/gradle/internal/operations/BuildOperationContext;)V (10 bytes) @ 0x0000000106c08d94 [0x0000000106c08b40+0x0000000000000254]
J 49068 c2 org.gradle.internal.operations.DefaultBuildOperationRunner.execute(Lorg/gradle/internal/operations/BuildOperation;Lorg/gradle/internal/operations/BuildOperationWorker;)V (22 bytes) @ 0x000000010df3f8d8 [0x000000010df3f000+0x00000000000008d8]
J 9843 c1 org.gradle.internal.operations.DefaultBuildOperationRunner.call(Lorg/gradle/internal/operations/CallableBuildOperation;)Ljava/lang/Object; (20 bytes) @ 0x0000000106c279f4 [0x0000000106c27860+0x0000000000000194]
j  org.gradle.workers.internal.AbstractWorker.executeWrappedInBuildOperation(Lorg/gradle/workers/internal/IsolatedParametersActionExecutionSpec;Lorg/gradle/internal/operations/BuildOperationRef;Lorg/gradle/workers/internal/AbstractWorker$Work;)Lorg/gradle/workers/internal/DefaultWorkResult;+15
j  org.gradle.workers.internal.NoIsolationWorkerFactory$1.execute(Lorg/gradle/workers/internal/IsolatedParametersActionExecutionSpec;Lorg/gradle/internal/operations/BuildOperationRef;)Lorg/gradle/workers/internal/DefaultWorkResult;+17
j  org.gradle.workers.internal.DefaultWorkerExecutor.lambda$submitWork$0(Lorg/gradle/workers/internal/WorkerFactory;Lorg/gradle/workers/internal/WorkerRequirement;Lorg/gradle/workers/internal/IsolatedParametersActionExecutionSpec;Lorg/gradle/internal/operations/BuildOperationRef;)Lorg/gradle/workers/internal/DefaultWorkResult;+13
j  org.gradle.workers.internal.DefaultWorkerExecutor$$Lambda+0x000000080111fc98.call()Ljava/lang/Object;+16
J 44294 c1 java.util.concurrent.FutureTask.run()V java.base@21.0.10 (123 bytes) @ 0x000000010900a984 [0x000000010900a7e0+0x00000000000001a4]
j  org.gradle.internal.work.DefaultConditionalExecutionQueue$ExecutionRunner.runExecution(Lorg/gradle/internal/work/ConditionalExecution;)V+6
j  org.gradle.internal.work.DefaultConditionalExecutionQueue$ExecutionRunner.access$700(Lorg/gradle/internal/work/DefaultConditionalExecutionQueue$ExecutionRunner;Lorg/gradle/internal/work/ConditionalExecution;)V+2
j  org.gradle.internal.work.DefaultConditionalExecutionQueue$ExecutionRunner$1.run()V+14
j  org.gradle.internal.Factories$1.create()Ljava/lang/Object;+4
J 25150 c1 org.gradle.internal.work.DefaultWorkerLeaseService$$Lambda+0x0000000800389698.create()Ljava/lang/Object; (16 bytes) @ 0x0000000108799e7c [0x0000000108799de0+0x000000000000009c]
J 15515 c1 org.gradle.internal.work.DefaultWorkerLeaseService.withLocksAcquired(Ljava/util/Collection;Lorg/gradle/internal/Factory;)Ljava/lang/Object; (27 bytes) @ 0x00000001067e691c [0x00000001067e6680+0x000000000000029c]
J 15075 c1 org.gradle.internal.work.DefaultWorkerLeaseService.runAsWorkerThread(Lorg/gradle/internal/Factory;)Ljava/lang/Object; (37 bytes) @ 0x00000001074719d4 [0x00000001074717c0+0x0000000000000214]
j  org.gradle.internal.work.DefaultWorkerLeaseService.runAsWorkerThread(Ljava/lang/Runnable;)V+5
j  org.gradle.internal.work.DefaultConditionalExecutionQueue$ExecutionRunner.runBatch(Lorg/gradle/internal/work/ConditionalExecution;)V+16
j  org.gradle.internal.work.DefaultConditionalExecutionQueue$ExecutionRunner.run()V+11
J 37332 c1 java.util.concurrent.Executors$RunnableAdapter.call()Ljava/lang/Object; java.base@21.0.10 (14 bytes) @ 0x00000001086cc6dc [0x00000001086cc5c0+0x000000000000011c]
J 48773 c2 org.gradle.internal.concurrent.ExecutorPolicy$CatchAndRecordFailures.onExecute(Ljava/lang/Runnable;)V (29 bytes) @ 0x000000010dd4d224 [0x000000010dd4cf40+0x00000000000002e4]
J 48429 c1 org.gradle.internal.concurrent.AbstractManagedExecutor$1.run()V (57 bytes) @ 0x00000001068825dc [0x0000000106882400+0x00000000000001dc]
J 48431 c1 java.util.concurrent.ThreadPoolExecutor.runWorker(Ljava/util/concurrent/ThreadPoolExecutor$Worker;)V java.base@21.0.10 (187 bytes) @ 0x00000001088b7d4c [0x00000001088b73c0+0x000000000000098c]
J 48430 c1 java.util.concurrent.ThreadPoolExecutor$Worker.run()V java.base@21.0.10 (9 bytes) @ 0x000000010724eacc [0x000000010724ea40+0x000000000000008c]
J 48425 c1 java.lang.Thread.run()V java.base@21.0.10 (23 bytes) @ 0x0000000107899074 [0x0000000107898e60+0x0000000000000214]
v  ~StubRoutines::call_stub 0x000000010d366cc6
V  [libjvm.dylib+0x5532a7]  JavaCalls::call_helper(JavaValue*, methodHandle const&, JavaCallArguments*, JavaThread*)+0x2d7
V  [libjvm.dylib+0x55232f]  JavaCalls::call_virtual(JavaValue*, Klass*, Symbol*, Symbol*, JavaCallArguments*, JavaThread*)+0x12f
V  [libjvm.dylib+0x5523f3]  JavaCalls::call_virtual(JavaValue*, Handle, Klass*, Symbol*, Symbol*, JavaThread*)+0x63
V  [libjvm.dylib+0x613068]  thread_entry(JavaThread*, JavaThread*)+0x98
V  [libjvm.dylib+0x565064]  JavaThread::thread_main_inner()+0x94
V  [libjvm.dylib+0xa571f8]  Thread::call_run()+0xa8
V  [libjvm.dylib+0x8be519]  thread_native_entry(Thread*)+0x109
C  [libsystem_pthread.dylib+0x61d3]  _pthread_start+0x7d
C  [libsystem_pthread.dylib+0x1bd3]  thread_start+0xf
Java frames: (J=compiled Java code, j=interpreted, Vv=VM code)
j  ksp.com.intellij.psi.stubs.MaterialStubList.get(I)Lksp/com/intellij/psi/stubs/StubBase;+8
j  ksp.com.intellij.psi.stubs.MaterialStubList.get(I)Ljava/lang/Object;+2
j  ksp.com.intellij.psi.stubs.StubList$1.get(I)Lksp/com/intellij/psi/stubs/StubBase;+68
J 41151 c1 ksp.com.intellij.psi.stubs.StubList$1.get(I)Ljava/lang/Object; (6 bytes) @ 0x0000000107582dbc [0x0000000107582d40+0x000000000000007c]
J 40156 c2 java.util.AbstractList$Itr.next()Ljava/lang/Object; java.base@21.0.10 (46 bytes) @ 0x000000010f35210c [0x000000010f3520a0+0x000000000000006c]
J 50848 c1 ksp.org.jetbrains.kotlin.analysis.api.standalone.base.declarations.KotlinStandaloneDeclarationProviderKt.cloneStubRecursively(Lksp/com/intellij/psi/stubs/StubElement;Lksp/com/intellij/psi/stubs/StubElement;Lksp/com/intellij/util/io/UnsyncByteArrayOutputStream;Lksp/com/intellij/util/io/AbstractStringEnumerator;)Lksp/com/intellij/psi/stubs/StubElement; (266 bytes) @ 0x000000010735b7ac [0x000000010735a3e0+0x00000000000013cc]
J 50848 c1 ksp.org.jetbrains.kotlin.analysis.api.standalone.base.declarations.KotlinStandaloneDeclarationProviderKt.cloneStubRecursively(Lksp/com/intellij/psi/stubs/StubElement;Lksp/com/intellij/psi/stubs/StubElement;Lksp/com/intellij/util/io/UnsyncByteArrayOutputStream;Lksp/com/intellij/util/io/AbstractStringEnumerator;)Lksp/com/intellij/psi/stubs/StubElement; (266 bytes) @ 0x000000010735b834 [0x000000010735a3e0+0x0000000000001454]
J 50848 c1 ksp.org.jetbrains.kotlin.analysis.api.standalone.base.declarations.KotlinStandaloneDeclarationProviderKt.cloneStubRecursively(Lksp/com/intellij/psi/stubs/StubElement;Lksp/com/intellij/psi/stubs/StubElement;Lksp/com/intellij/util/io/UnsyncByteArrayOutputStream;Lksp/com/intellij/util/io/AbstractStringEnumerator;)Lksp/com/intellij/psi/stubs/StubElement; (266 bytes) @ 0x000000010735b834 [0x000000010735a3e0+0x0000000000001454]
J 50848 c1 ksp.org.jetbrains.kotlin.analysis.api.standalone.base.declarations.KotlinStandaloneDeclarationProviderKt.cloneStubRecursively(Lksp/com/intellij/psi/stubs/StubElement;Lksp/com/intellij/psi/stubs/StubElement;Lksp/com/intellij/util/io/UnsyncByteArrayOutputStream;Lksp/com/intellij/util/io/AbstractStringEnumerator;)Lksp/com/intellij/psi/stubs/StubElement; (266 bytes) @ 0x000000010735b834 [0x000000010735a3e0+0x0000000000001454]
J 50848 c1 ksp.org.jetbrains.kotlin.analysis.api.standalone.base.declarations.KotlinStandaloneDeclarationProviderKt.cloneStubRecursively(Lksp/com/intellij/psi/stubs/StubElement;Lksp/com/intellij/psi/stubs/StubElement;Lksp/com/intellij/util/io/UnsyncByteArrayOutputStream;Lksp/com/intellij/util/io/AbstractStringEnumerator;)Lksp/com/intellij/psi/stubs/StubElement; (266 bytes) @ 0x000000010735b834 [0x000000010735a3e0+0x0000000000001454]
J 50848 c1 ksp.org.jetbrains.kotlin.analysis.api.standalone.base.declarations.KotlinStandaloneDeclarationProviderKt.cloneStubRecursively(Lksp/com/intellij/psi/stubs/StubElement;Lksp/com/intellij/psi/stubs/StubElement;Lksp/com/intellij/util/io/UnsyncByteArrayOutputStream;Lksp/com/intellij/util/io/AbstractStringEnumerator;)Lksp/com/intellij/psi/stubs/StubElement; (266 bytes) @ 0x000000010735b834 [0x000000010735a3e0+0x0000000000001454]
J 50848 c1 ksp.org.jetbrains.kotlin.analysis.api.standalone.base.declarations.KotlinStandaloneDeclarationProviderKt.cloneStubRecursively(Lksp/com/intellij/psi/stubs/StubElement;Lksp/com/intellij/psi/stubs/StubElement;Lksp/com/intellij/util/io/UnsyncByteArrayOutputStream;Lksp/com/intellij/util/io/AbstractStringEnumerator;)Lksp/com/intellij/psi/stubs/StubElement; (266 bytes) @ 0x000000010735b834 [0x000000010735a3e0+0x0000000000001454]
J 50848 c1 ksp.org.jetbrains.kotlin.analysis.api.standalone.base.declarations.KotlinStandaloneDeclarationProviderKt.cloneStubRecursively(Lksp/com/intellij/psi/stubs/StubElement;Lksp/com/intellij/psi/stubs/StubElement;Lksp/com/intellij/util/io/UnsyncByteArrayOutputStream;Lksp/com/intellij/util/io/AbstractStringEnumerator;)Lksp/com/intellij/psi/stubs/StubElement; (266 bytes) @ 0x000000010735b834 [0x000000010735a3e0+0x0000000000001454]
j  ksp.org.jetbrains.kotlin.analysis.api.standalone.base.declarations.KotlinStandaloneDeclarationProviderKt.access$cloneStubRecursively(Lksp/com/intellij/psi/stubs/StubElement;Lksp/com/intellij/psi/stubs/StubElement;Lksp/com/intellij/util/io/UnsyncByteArrayOutputStream;Lksp/com/intellij/util/io/AbstractStringEnumerator;)Lksp/com/intellij/psi/stubs/StubElement;+4
j  ksp.org.jetbrains.kotlin.analysis.api.standalone.base.declarations.KotlinStandaloneDeclarationProviderFactory.registerStub(Lksp/org/jetbrains/kotlin/psi/stubs/impl/KotlinFileStubImpl;Lksp/com/intellij/openapi/vfs/VirtualFile;Z)Lksp/org/jetbrains/kotlin/psi/stubs/impl/KotlinFileStubImpl;+47
j  ksp.org.jetbrains.kotlin.analysis.api.standalone.base.declarations.KotlinStandaloneDeclarationProviderFactory.loadBuiltIns()Ljava/util/Collection;+170
j  ksp.org.jetbrains.kotlin.analysis.api.standalone.base.declarations.KotlinStandaloneDeclarationProviderFactory.<init>(Lksp/com/intellij/openapi/project/Project;Lksp/com/intellij/core/CoreApplicationEnvironment;Ljava/util/Collection;Ljava/util/List;Ljava/util/List;ZZZ)V+122
j  ksp.org.jetbrains.kotlin.analysis.api.standalone.base.declarations.KotlinStandaloneDeclarationProviderFactory.<init>(Lksp/com/intellij/openapi/project/Project;Lksp/com/intellij/core/CoreApplicationEnvironment;Ljava/util/Collection;Ljava/util/List;Ljava/util/List;ZZZILkotlin/jvm/internal/DefaultConstructorMarker;)V+74
j  com.google.devtools.ksp.standalone.IncrementalKotlinDeclarationProviderFactory.update(Ljava/util/Collection;)V+49
j  com.google.devtools.ksp.impl.KotlinSymbolProcessing.prepareAllKSFiles(Lksp/org/jetbrains/kotlin/cli/jvm/compiler/KotlinCoreProjectEnvironment;Ljava/util/List;Lcom/google/devtools/ksp/standalone/IncrementalJavaFileManager;)Ljava/util/List;+301
j  com.google.devtools.ksp.impl.KotlinSymbolProcessing.execute()Lcom/google/devtools/ksp/impl/KotlinSymbolProcessing$ExitCode;+158
j  com.google.devtools.ksp.impl.KSPLoader$Companion.loadAndRunKSP([BLjava/util/List;I)I+125
j  com.google.devtools.ksp.impl.KSPLoader.loadAndRunKSP([BLjava/util/List;I)I+6
j  java.lang.invoke.DirectMethodHandle$Holder.invokeStatic(Ljava/lang/Object;Ljava/lang/Object;Ljava/lang/Object;I)I+14 java.base@21.0.10
j  java.lang.invoke.LambdaForm$MH+0x0000000801713400.invoke(Ljava/lang/Object;Ljava/lang/Object;Ljava/lang/Object;Ljava/lang/Object;Ljava/lang/Object;)Ljava/lang/Object;+74 java.base@21.0.10
J 47319 c2 java.lang.reflect.Method.invoke(Ljava/lang/Object;[Ljava/lang/Object;)Ljava/lang/Object; java.base@21.0.10 (108 bytes) @ 0x000000010e85d534 [0x000000010e85cca0+0x0000000000000894]
j  com.google.devtools.ksp.gradle.KspAAWorkerAction.execute()V+1605
j  org.gradle.workers.internal.DefaultWorkerServer.execute(Lorg/gradle/workers/internal/SimpleActionExecutionSpec;)Lorg/gradle/workers/internal/DefaultWorkResult;+123
j  org.gradle.workers.internal.NoIsolationWorkerFactory$1$1.create()Lorg/gradle/workers/internal/DefaultWorkResult;+29
j  org.gradle.workers.internal.NoIsolationWorkerFactory$1$1.create()Ljava/lang/Object;+1
j  org.gradle.internal.classloader.ClassLoaderUtils.executeInClassloader(Ljava/lang/ClassLoader;Lorg/gradle/internal/Factory;)Ljava/lang/Object;+15
j  org.gradle.workers.internal.NoIsolationWorkerFactory$1.lambda$execute$0(Ljava/lang/ClassLoader;Lorg/gradle/workers/WorkerExecutor;Lorg/gradle/workers/internal/IsolatedParametersActionExecutionSpec;)Lorg/gradle/workers/internal/DefaultWorkResult;+10
j  org.gradle.workers.internal.NoIsolationWorkerFactory$1$$Lambda+0x000000080112ab88.execute(Lorg/gradle/workers/internal/IsolatedParametersActionExecutionSpec;)Lorg/gradle/workers/internal/DefaultWorkResult;+13
j  org.gradle.workers.internal.AbstractWorker$1.call(Lorg/gradle/internal/operations/BuildOperationContext;)Lorg/gradle/workers/internal/DefaultWorkResult;+8
j  org.gradle.workers.internal.AbstractWorker$1.call(Lorg/gradle/internal/operations/BuildOperationContext;)Ljava/lang/Object;+2
J 9787 c1 org.gradle.internal.operations.DefaultBuildOperationRunner$CallableBuildOperationWorker.execute(Lorg/gradle/internal/operations/BuildOperation;Lorg/gradle/internal/operations/BuildOperationContext;)V (10 bytes) @ 0x0000000106c08d94 [0x0000000106c08b40+0x0000000000000254]
J 49068 c2 org.gradle.internal.operations.DefaultBuildOperationRunner.execute(Lorg/gradle/internal/operations/BuildOperation;Lorg/gradle/internal/operations/BuildOperationWorker;)V (22 bytes) @ 0x000000010df3f8d8 [0x000000010df3f000+0x00000000000008d8]
J 9843 c1 org.gradle.internal.operations.DefaultBuildOperationRunner.call(Lorg/gradle/internal/operations/CallableBuildOperation;)Ljava/lang/Object; (20 bytes) @ 0x0000000106c279f4 [0x0000000106c27860+0x0000000000000194]
j  org.gradle.workers.internal.AbstractWorker.executeWrappedInBuildOperation(Lorg/gradle/workers/internal/IsolatedParametersActionExecutionSpec;Lorg/gradle/internal/operations/BuildOperationRef;Lorg/gradle/workers/internal/AbstractWorker$Work;)Lorg/gradle/workers/internal/DefaultWorkResult;+15
j  org.gradle.workers.internal.NoIsolationWorkerFactory$1.execute(Lorg/gradle/workers/internal/IsolatedParametersActionExecutionSpec;Lorg/gradle/internal/operations/BuildOperationRef;)Lorg/gradle/workers/internal/DefaultWorkResult;+17
j  org.gradle.workers.internal.DefaultWorkerExecutor.lambda$submitWork$0(Lorg/gradle/workers/internal/WorkerFactory;Lorg/gradle/workers/internal/WorkerRequirement;Lorg/gradle/workers/internal/IsolatedParametersActionExecutionSpec;Lorg/gradle/internal/operations/BuildOperationRef;)Lorg/gradle/workers/internal/DefaultWorkResult;+13
j  org.gradle.workers.internal.DefaultWorkerExecutor$$Lambda+0x000000080111fc98.call()Ljava/lang/Object;+16
J 44294 c1 java.util.concurrent.FutureTask.run()V java.base@21.0.10 (123 bytes) @ 0x000000010900a984 [0x000000010900a7e0+0x00000000000001a4]
j  org.gradle.internal.work.DefaultConditionalExecutionQueue$ExecutionRunner.runExecution(Lorg/gradle/internal/work/ConditionalExecution;)V+6
j  org.gradle.internal.work.DefaultConditionalExecutionQueue$ExecutionRunner.access$700(Lorg/gradle/internal/work/DefaultConditionalExecutionQueue$ExecutionRunner;Lorg/gradle/internal/work/ConditionalExecution;)V+2
j  org.gradle.internal.work.DefaultConditionalExecutionQueue$ExecutionRunner$1.run()V+14
j  org.gradle.internal.Factories$1.create()Ljava/lang/Object;+4
J 25150 c1 org.gradle.internal.work.DefaultWorkerLeaseService$$Lambda+0x0000000800389698.create()Ljava/lang/Object; (16 bytes) @ 0x0000000108799e7c [0x0000000108799de0+0x000000000000009c]
J 15515 c1 org.gradle.internal.work.DefaultWorkerLeaseService.withLocksAcquired(Ljava/util/Collection;Lorg/gradle/internal/Factory;)Ljava/lang/Object; (27 bytes) @ 0x00000001067e691c [0x00000001067e6680+0x000000000000029c]
J 15075 c1 org.gradle.internal.work.DefaultWorkerLeaseService.runAsWorkerThread(Lorg/gradle/internal/Factory;)Ljava/lang/Object; (37 bytes) @ 0x00000001074719d4 [0x00000001074717c0+0x0000000000000214]
j  org.gradle.internal.work.DefaultWorkerLeaseService.runAsWorkerThread(Ljava/lang/Runnable;)V+5
j  org.gradle.internal.work.DefaultConditionalExecutionQueue$ExecutionRunner.runBatch(Lorg/gradle/internal/work/ConditionalExecution;)V+16
j  org.gradle.internal.work.DefaultConditionalExecutionQueue$ExecutionRunner.run()V+11
J 37332 c1 java.util.concurrent.Executors$RunnableAdapter.call()Ljava/lang/Object; java.base@21.0.10 (14 bytes) @ 0x00000001086cc6dc [0x00000001086cc5c0+0x000000000000011c]
J 48773 c2 org.gradle.internal.concurrent.ExecutorPolicy$CatchAndRecordFailures.onExecute(Ljava/lang/Runnable;)V (29 bytes) @ 0x000000010dd4d224 [0x000000010dd4cf40+0x00000000000002e4]
J 48429 c1 org.gradle.internal.concurrent.AbstractManagedExecutor$1.run()V (57 bytes) @ 0x00000001068825dc [0x0000000106882400+0x00000000000001dc]
J 48431 c1 java.util.concurrent.ThreadPoolExecutor.runWorker(Ljava/util/concurrent/ThreadPoolExecutor$Worker;)V java.base@21.0.10 (187 bytes) @ 0x00000001088b7d4c [0x00000001088b73c0+0x000000000000098c]
J 48430 c1 java.util.concurrent.ThreadPoolExecutor$Worker.run()V java.base@21.0.10 (9 bytes) @ 0x000000010724eacc [0x000000010724ea40+0x000000000000008c]
J 48425 c1 java.lang.Thread.run()V java.base@21.0.10 (23 bytes) @ 0x0000000107899074 [0x0000000107898e60+0x0000000000000214]
v  ~StubRoutines::call_stub 0x000000010d366cc6

siginfo: si_signo: 11 (SIGSEGV), si_code: 1 (SEGV_MAPERR), si_addr: 0x0000000000000088

Registers:
RAX=0x0000000000000000, RBX=0x00007fbf69eb0180, RCX=0x0000000000000000, RDX=0x00007fbf69eb0180
RSP=0x00007000052d8d40, RBP=0x00007000052d8d90, RSI=0x000000000000c0c8, RDI=0x0000000800000000
R8 =0x0000000000000000, R9 =0x0000000000000000, R10=0x0000000800000000, R11=0x0000000000001330
R12=0x0000000000000009, R13=0x0000000800000000, R14=0x0000000102556abd, R15=0x0000000801874c30
RIP=0x0000000102396bfb, EFLAGS=0x0000000000010206, ERR=0x0000000000000004
  TRAPNO=0x000000000000000e


Register to memory mapping:

RAX=0x0 is null
RBX=0x00007fbf69eb0180 points into unknown readable memory: 0x2e6d6f632e70736b | 6b 73 70 2e 63 6f 6d 2e
RCX=0x0 is null
RDX=0x00007fbf69eb0180 points into unknown readable memory: 0x2e6d6f632e70736b | 6b 73 70 2e 63 6f 6d 2e
RSP=0x00007000052d8d40 is pointing into the stack for thread: 0x00007fbf67b69a00
RBP=0x00007000052d8d90 is pointing into the stack for thread: 0x00007fbf67b69a00
RSI=0x000000000000c0c8 is an unknown value
RDI=0x0000000800000000 is pointing into metadata
R8 =0x0 is null
R9 =0x0 is null
R10=0x0000000800000000 is pointing into metadata
R11=0x0000000000001330 is an unknown value
R12=0x0000000000000009 is an unknown value
R13=0x0000000800000000 is pointing into metadata
R14=0x0000000102556abd: <offset 0xb18abd> in /Applications/Android Studio.app/Contents/jbr/Contents/Home/lib/server/libjvm.dylib at 0x0000000101a3e000
R15=0x0000000801874c30 is a pointer to class: 
ksp.com.intellij.psi.stubs.StubBase {0x0000000801874c30}
 - instance size:     4
 - klass size:        136
 - access:            public synchronized abstract 
 - flags:             rewritten has_nonstatic_fields should_verify_class has_nonstatic_concrete_methods has_localvariable_table has_miranda_methods has_final_method 
 - state:             fully_initialized
 - name:              'ksp/com/intellij/psi/stubs/StubBase'
 - super:             'ksp/com/intellij/psi/stubs/ObjectStubBase'
 - sub:               'ksp/com/intellij/psi/impl/java/stubs/impl/PsiTypeParameterStubImpl'   'ksp/com/intellij/psi/impl/java/stubs/impl/PsiFieldStubImpl'   'ksp/com/intellij/psi/impl/java/stubs/impl/PsiAnnotationStubImpl'   'ksp/com/intellij/psi/impl/java/stubs/impl/PsiParameterStubImpl'   (8 more klasses...)
 - arrays:            'ksp/com/intellij/psi/stubs/StubBase'[]
 - methods:           Array<T>(0x0000000127706f38)
 - method ordering:   Array<T>(0x000000011c000018)
 - local interfaces:  Array<T>(0x0000000127706f28)
 - trans. interfaces: Array<T>(0x0000000127709988)
 - secondary supers: Array<T>(0x00000001277099f0)
 - hash_slot:         7
 - bitmap:            0x0000008101084000
 - constants:         constant pool [362] {0x00000001277062a8} for 'ksp/com/intellij/psi/stubs/StubBase' cache=0x0000000127e4c6c0
 - class loader data:  loader data: 0x0000600005b9f5c0 for instance a 'java/net/URLClassLoader'{0x000000074c5a7638}
 - source file:       'StubBase.java'
 - generic signature: '<T::Lksp/com/intellij/psi/PsiElement;>Lksp/com/intellij/psi/stubs/ObjectStubBase<Lksp/com/intellij/psi/stubs/StubElement<*>;>;Lksp/com/intellij/psi/stubs/StubElement<TT;>;'
 - inner classes:     Array<T>(0x000000011c000028)
 - nest members:     Array<T>(0x000000011c000028)
 - permitted subclasses:     Array<T>(0x000000011c000028)
 - java mirror:       a 'java/lang/Class'{0x000000074e15e9d0} = 'ksp/com/intellij/psi/stubs/StubBase'
 - vtable length      40  (start addr: 0x0000000801874e30)
 - itable length      30 (start addr: 0x0000000801874f70)
 - ---- static fields (1 words):
 - private static final 'myPsiUpdater' 'Ljava/util/concurrent/atomic/AtomicReferenceFieldUpdater;' @112 
 - static final synthetic '$assertionsDisabled' 'Z' @116 
 - ---- non-static fields (5 words):
 - private volatile 'value' 'Ljava/lang/Object;' @12 
 - 'id' 'I' @16 
 - protected final 'myParent' 'Lksp/com/intellij/psi/stubs/Stub;' @20 
 - 'myStubList' 'Lksp/com/intellij/psi/stubs/StubList;' @24 
 - private volatile 'myPsi' 'Lksp/com/intellij/psi/PsiElement;' @28 
 - non-static oop maps: 12-12 20-28 

Top of Stack: (sp=0x00007000052d8d40)
0x00007000052d8d40:   0000000000000023 0000000102556abd
0x00007000052d8d50:   00007fbf69eb0180 00007000052da128
0x00007000052d8d60:   0000000800000000 0000000800000000
0x00007000052d8d70:   0000000127e4b430 0000000127e4bf58
0x00007000052d8d80:   0000000127e4bf58 000000010270c200
0x00007000052d8d90:   00007000052da0c0 0000000102396b67
0x00007000052d8da0:   00007000052da128 000000010d371404
0x00007000052d8db0:   000000010d36da90 0000000000000000
0x00007000052d8dc0:   0000700000000000 00007000052da170
0x00007000052d8dd0:   00007000052da128 00007fbf67b69a00
0x00007000052d8de0:   0000600002c8b460 0000000000000010
0x00007000052d8df0:   0000000000000000 0000000000000007
0x00007000052d8e00:   00007000052d7b20 0000000101b959c0
0x00007000052d8e10:   00007000052d8de0 00007000052da0d0
0x00007000052d8e20:   00007000052d7b20 00000001023c1335
0x00007000052d8e30:   00007000052d7b20 0000600004d83390
0x00007000052d8e40:   00000000ffffffff 0000600002c8b1e0
0x00007000052d8e50:   00007000052da1b0 0000000101dd0e1c
0x00007000052d8e60:   00007000052da230 000000010f4f1744
0x00007000052d8e70:   000000010f4f1390 0000000000000000
0x00007000052d8e80:   0000000000000000 00000000e62bf509
0x00007000052d8e90:   00007000052da230 00007fbf67b69a00
0x00007000052d8ea0:   8437adb764800000 00007fbf67b69a00
0x00007000052d8eb0:   00007000052d7cf0 00007fbf67b69a00
0x00007000052d8ec0:   00007fbf67b69a00 00007000052d8df0
0x00007000052d8ed0:   00007000052d8df4 00000001021b239f
0x00007000052d8ee0:   0000000126dae480 00007000052da250
0x00007000052d8ef0:   00007000052da250 00000000000000b8
0x00007000052d8f00:   00007000052d9fa0 00007000052d9fa4
0x00007000052d8f10:   0000000000000000 00007000052d4490
0x00007000052d8f20:   00007000052d7e28 0000000000000001
0x00007000052d8f30:   00007000052d4400 00000001021b23ef 

Instructions: (pc=0x0000000102396bfb)
0x0000000102396afb:   0f 49 8b 4f 08 48 98 4c 89 24 c1 4c 8d 3d f3 56
0x0000000102396b0b:   37 00 41 f6 87 80 01 00 00 80 41 0f b7 46 01 75
0x0000000102396b1b:   04 66 c1 c0 08 0f b7 f0 48 8d 7d d0 e8 64 c0 a0
0x0000000102396b2b:   ff 48 85 c0 74 0a 48 89 df 48 89 c6 31 d2 eb 27
0x0000000102396b3b:   48 8b 7d d0 41 f6 87 80 01 00 00 80 41 0f b7 46
0x0000000102396b4b:   01 75 04 66 c1 c0 08 0f b7 f0 e8 96 c6 a0 ff 48
0x0000000102396b5b:   89 df 31 f6 48 89 c2 e8 29 00 00 00 48 89 c3 48
0x0000000102396b6b:   8d 7d d0 e8 ed fb b9 ff 48 89 d8 48 81 c4 00 13
0x0000000102396b7b:   00 00 5b 41 5c 41 5e 41 5f 5d c3 66 2e 0f 1f 84
0x0000000102396b8b:   00 00 00 00 00 55 48 89 e5 41 57 41 56 41 55 41
0x0000000102396b9b:   54 53 48 83 ec 28 48 89 d3 49 89 f7 49 89 fd e8
0x0000000102396bab:   d1 10 de ff 49 89 c6 4d 85 ff 74 0a 4c 89 ff e8
0x0000000102396bbb:   c1 10 de ff eb 08 48 89 df e8 f7 7d 0b 00 48 89
0x0000000102396bcb:   c3 4c 89 f7 e8 d6 5c 1b 00 49 89 c4 48 89 df e8
0x0000000102396bdb:   cb 5c 1b 00 4d 85 ff 4c 89 75 b8 4c 89 6d d0 48
0x0000000102396beb:   89 5d c0 48 89 45 b0 74 48 49 8b 45 00 4c 89 ef
0x0000000102396bfb:   ff 90 88 00 00 00 48 89 c3 49 8b 07 4c 89 ff ff
0x0000000102396c0b:   90 88 00 00 00 4c 89 ef 48 39 c3 74 32 31 f6 31
0x0000000102396c1b:   d2 e8 9f 3c de ff 48 89 c3 4c 89 ff 31 f6 31 d2
0x0000000102396c2b:   e8 90 3c de ff 49 89 c7 4c 8d 2d 3e b5 1c 00 eb
0x0000000102396c3b:   25 4c 89 ef 31 f6 31 d2 e8 78 3c de ff eb 0a 4c
0x0000000102396c4b:   89 fe 31 d2 e8 dc 3b de ff 48 89 c3 4c 8d 3d 7a
0x0000000102396c5b:   6d 1b 00 4d 89 fd 48 89 5d c8 48 89 df e8 3d 5c
0x0000000102396c6b:   1b 00 48 89 c3 4c 89 ff e8 32 5c 1b 00 49 89 c6
0x0000000102396c7b:   4c 89 ef e8 27 5c 1b 00 4c 03 65 b0 49 01 dc 4d
0x0000000102396c8b:   01 f4 4a 8d 1c 20 48 83 c3 23 48 89 df be 01 00
0x0000000102396c9b:   00 00 e8 0e 86 fe ff 48 85 c0 74 3d 49 89 c4 48
0x0000000102396cab:   8d 15 6b 45 22 00 48 89 c7 48 89 de 48 8b 4d b8
0x0000000102396cbb:   4c 8b 45 c0 4c 8b 4d c8 31 c0 41 57 41 55 e8 f2
0x0000000102396ccb:   67 ca ff 48 83 c4 10 4c 89 e0 48 83 c4 28 5b 41
0x0000000102396cdb:   5c 41 5d 41 5e 41 5f 5d c3 48 8b 7d d0 48 83 c4
0x0000000102396ceb:   28 5b 41 5c 41 5d 41 5e 41 5f 5d e9 85 0f de ff 


Stack slot to memory mapping:

stack at sp + 0 slots: 0x0000000000000023 is an unknown value
stack at sp + 1 slots: 0x0000000102556abd: <offset 0xb18abd> in /Applications/Android Studio.app/Contents/jbr/Contents/Home/lib/server/libjvm.dylib at 0x0000000101a3e000
stack at sp + 2 slots: 0x00007fbf69eb0180 points into unknown readable memory: 0x2e6d6f632e70736b | 6b 73 70 2e 63 6f 6d 2e
stack at sp + 3 slots: 0x00007000052da128 is pointing into the stack for thread: 0x00007fbf67b69a00
stack at sp + 4 slots: 0x0000000800000000 is pointing into metadata
stack at sp + 5 slots: 0x0000000800000000 is pointing into metadata
stack at sp + 6 slots: 0x0000000127e4b430 is pointing into metadata
stack at sp + 7 slots: 0x0000000127e4bf58 is pointing into metadata


Compiled method (c1) 1285508 41151       3       ksp.com.intellij.psi.stubs.StubList$1::get (6 bytes)
 total in heap  [0x0000000107582b90,0x0000000107582ef0] = 864
 relocation     [0x0000000107582ce8,0x0000000107582d28] = 64
 main code      [0x0000000107582d40,0x0000000107582e38] = 248
 stub code      [0x0000000107582e38,0x0000000107582e78] = 64
 oops           [0x0000000107582e78,0x0000000107582e80] = 8
 metadata       [0x0000000107582e80,0x0000000107582e90] = 16
 scopes data    [0x0000000107582e90,0x0000000107582ea8] = 24
 scopes pcs     [0x0000000107582ea8,0x0000000107582ee8] = 64
 dependencies   [0x0000000107582ee8,0x0000000107582ef0] = 8

[Constant Pool (empty)]

[MachCode]
[Entry Point]
  # {method} {0x0000000127f52a90} 'get' '(I)Ljava/lang/Object;' in 'ksp/com/intellij/psi/stubs/StubList$1'
  # this:     rsi:rsi   = 'ksp/com/intellij/psi/stubs/StubList$1'
  # parm0:    rdx       = int
  #           [sp+0x30]  (sp of caller)
  0x0000000107582d40: 448b 5608 | 49bb 0000 | 0000 0800 | 0000 4d03 | d34c 3bd0 

  0x0000000107582d54: ;   {runtime_call ic_miss_stub}
  0x0000000107582d54: 0f85 2613 | e305 660f | 1f44 0000 
[Verified Entry Point]
  0x0000000107582d60: 8984 2400 | c0fe ff55 | 4883 ec20 | 4181 7f20 | 3c00 0000 

  0x0000000107582d74: ;   {runtime_call StubRoutines (final stubs)}
  0x0000000107582d74: 7405 e8a5 

  0x0000000107582d78: ;   {metadata(method data for {method} {0x0000000127f52a90} 'get' '(I)Ljava/lang/Object;' in 'ksp/com/intellij/psi/stubs/StubList$1')}
  0x0000000107582d78: c5e1 0548 | bf30 32f6 | 2701 0000 | 008b 9fac | 0000 0083 | c302 899f | ac00 0000 | 81e3 fe07 
  0x0000000107582d98: 0000 85db | 0f84 3500 | 0000 488b 

  0x0000000107582da4: ;   {metadata(method data for {method} {0x0000000127f52a90} 'get' '(I)Ljava/lang/Object;' in 'ksp/com/intellij/psi/stubs/StubList$1')}
  0x0000000107582da4: fe48 bb30 | 32f6 2701 | 0000 0048 | 8383 0801 

  0x0000000107582db4: ;   {optimized virtual_call}
  0x0000000107582db4: 0000 01e8 

  0x0000000107582db8: ; ImmutableOopMap {}
                      ;*invokevirtual get {reexecute=0 rethrow=0 return_oop=0}
                      ; - ksp.com.intellij.psi.stubs.StubList$1::get@2 (line 151)
  0x0000000107582db8: c4e7 f607 

  0x0000000107582dbc: ;   {other}
  0x0000000107582dbc: 0f1f 8400 | 2c02 0000 | 4883 c420 

  0x0000000107582dc8: ;   {poll_return}
  0x0000000107582dc8: 5d49 3ba7 | 5004 0000 | 0f87 1f00 

  0x0000000107582dd4: ;   {metadata({method} {0x0000000127f52a90} 'get' '(I)Ljava/lang/Object;' in 'ksp/com/intellij/psi/stubs/StubList$1')}
  0x0000000107582dd4: 0000 c349 | ba90 2af5 | 2701 0000 | 004c 8954 | 2408 48c7 | 0424 ffff 

  0x0000000107582dec: ;   {runtime_call counter_overflow Runtime1 stub}
  0x0000000107582dec: ffff e88d 

  0x0000000107582df0: ; ImmutableOopMap {rsi=Oop }
                      ;*synchronization entry
                      ; - ksp.com.intellij.psi.stubs.StubList$1::get@-1 (line 151)
  0x0000000107582df0: 0def 05eb 

  0x0000000107582df4: ;   {internal_word}
  0x0000000107582df4: ad49 bac9 | 2d58 0701 | 0000 004d | 8997 6804 

  0x0000000107582e04: ;   {runtime_call SafepointBlob}
  0x0000000107582e04: 0000 e9f5 | 81e3 0549 | 8b87 0005 | 0000 49c7 | 8700 0500 | 0000 0000 | 0049 c787 | 0805 0000 
  0x0000000107582e24: 0000 0000 | 4883 c420 

  0x0000000107582e2c: ;   {runtime_call unwind_exception Runtime1 stub}
  0x0000000107582e2c: 5de9 4eaf | ee05 f4f4 | f4f4 f4f4 
[Stub Code]
  0x0000000107582e38: ;   {no_reloc}
  0x0000000107582e38: 0f1f 4400 

  0x0000000107582e3c: ;   {static_stub}
  0x0000000107582e3c: 0048 bbf8 | 28f5 2701 

  0x0000000107582e44: ;   {runtime_call I2C/C2I adapters}
  0x0000000107582e44: 0000 00e9 | 1a68 e305 
[Exception Handler]
  0x0000000107582e4c: ;   {runtime_call handle_exception_from_callee Runtime1 stub}
  0x0000000107582e4c: e82f dcee 

  0x0000000107582e50: ;   {external_word}
  0x0000000107582e50: 0548 bf67 | c255 0201 | 0000 0048 

  0x0000000107582e5c: ;   {runtime_call MacroAssembler::debug64(char*, long long, long long*)}
  0x0000000107582e5c: 83e4 f0e8 | 5cb1 c9fa 

  0x0000000107582e64: ;   {section_word}
  0x0000000107582e64: f449 ba65 | 2e58 0701 | 0000 0041 

  0x0000000107582e70: ;   {runtime_call DeoptimizationBlob}
  0x0000000107582e70: 52e9 2a74 | e305 f4f4 
[/MachCode]


Compiled method (c2) 1285511 40156   !   4       java.util.AbstractList$Itr::next (46 bytes)
 total in heap  [0x000000010f351f10,0x000000010f352330] = 1056
 relocation     [0x000000010f352068,0x000000010f3520a0] = 56
 main code      [0x000000010f3520a0,0x000000010f3521e8] = 328
 stub code      [0x000000010f3521e8,0x000000010f352210] = 40
 metadata       [0x000000010f352210,0x000000010f352220] = 16
 scopes data    [0x000000010f352220,0x000000010f352278] = 88
 scopes pcs     [0x000000010f352278,0x000000010f3522e8] = 112
 dependencies   [0x000000010f3522e8,0x000000010f3522f0] = 8
 handler table  [0x000000010f3522f0,0x000000010f352320] = 48
 nul chk table  [0x000000010f352320,0x000000010f352330] = 16

[Constant Pool (empty)]

[MachCode]
[Entry Point]
  # {method} {0x000000011c685898} 'next' '()Ljava/lang/Object;' in 'java/util/AbstractList$Itr'
  #           [sp+0x30]  (sp of caller)
  0x000000010f3520a0: 448b 5608 | 49bb 0000 | 0000 0800 | 0000 4d03 | d349 3bc2 

  0x000000010f3520b4: ;   {runtime_call ic_miss_stub}
  0x000000010f3520b4: 0f85 c61f | 06fe 6690 | 0f1f 4000 
[Verified Entry Point]
  0x000000010f3520c0: 8984 2400 | c0fe ff55 | 4883 ec20 | 4181 7f20 | 3c00 0000 | 0f85 0101 | 0000 4889 | 3424 448b 
  0x000000010f3520e0: 5618 478b | 5cd4 0c8b | 6e14 443b | dd75 468b | 6e0c 498b | f248 c1e6 | 038b d566 | 9048 b8ff 
  0x000000010f352100: ffff ffff 

  0x000000010f352104: ;   {virtual_call}
  0x000000010f352104: ffff ffe8 

  0x000000010f352108: ; ImmutableOopMap {[0]=Oop }
                      ;*invokevirtual get {reexecute=0 rethrow=0 return_oop=1}
                      ; - java.util.AbstractList$Itr::next@14
  0x000000010f352108: 04b8 12fe 

  0x000000010f35210c: ;   {other}
  0x000000010f35210c: 0f1f 8400 | fc01 0000 | 4c8b 1424 | 4189 6a10 | ffc5 4189 | 6a0c 4883 

  0x000000010f352124: ;   {poll_return}
  0x000000010f352124: c420 5d49 | 3ba7 5004 | 0000 0f87 | 9100 0000 | c3be 45ff | ffff 4489 

  0x000000010f35213c: ;   {runtime_call UncommonTrapBlob}
  0x000000010f35213c: 5c24 08e8 

  0x000000010f352140: ; ImmutableOopMap {[0]=Oop }
                      ;*if_icmpeq {reexecute=1 rethrow=0 return_oop=0}
                      ; - (reexecute) java.util.AbstractList$Itr::checkForComodification@11
                      ; - java.util.AbstractList$Itr::next@1
  0x000000010f352140: bc7d 06fe 

  0x000000010f352144: ;   {other}
  0x000000010f352144: 0f1f 8400 | 3402 0001 | bef6 ffff | ff48 8b2c 

  0x000000010f352154: ;   {runtime_call UncommonTrapBlob}
  0x000000010f352154: 2466 90e8 

  0x000000010f352158: ; ImmutableOopMap {rbp=Oop }
                      ;*getfield modCount {reexecute=1 rethrow=0 return_oop=0}
                      ; - (reexecute) java.util.AbstractList$Itr::checkForComodification@4
                      ; - java.util.AbstractList$Itr::next@1
  0x000000010f352158: a47d 06fe 

  0x000000010f35215c: ;   {other}
  0x000000010f35215c: 0f1f 8400 | 4c02 0002 | 488b f0eb | 5244 8b50 

  0x000000010f35216c: ;   {metadata('java/lang/IndexOutOfBoundsException')}
  0x000000010f35216c: 0849 bbf0 | f909 0008 | 0000 0049 | b800 0000 | 0008 0000 | 004d 03c2 | 4d8b 5050 | 4d3b d375 
  0x000000010f35218c: 2b48 8be8 | 488b 3424 

  0x000000010f352194: ;   {optimized virtual_call}
  0x000000010f352194: 6666 90e8 

  0x000000010f352198: ; ImmutableOopMap {rbp=Oop }
                      ;*invokevirtual checkForComodification {reexecute=0 rethrow=0 return_oop=0}
                      ; - java.util.AbstractList$Itr::next@34
  0x000000010f352198: e421 06fe 

  0x000000010f35219c: ;   {other}
  0x000000010f35219c: 0f1f 8400 | 8c02 0003 | be29 0000 

  0x000000010f3521a8: ;   {runtime_call UncommonTrapBlob}
  0x000000010f3521a8: 0066 90e8 

  0x000000010f3521ac: ; ImmutableOopMap {rbp=Oop }
                      ;*new {reexecute=0 rethrow=0 return_oop=0}
                      ; - java.util.AbstractList$Itr::next@37
  0x000000010f3521ac: 507d 06fe 

  0x000000010f3521b0: ;   {other}
  0x000000010f3521b0: 0f1f 8400 | a002 0004 | 488b f048 | 83c4 205d 

  0x000000010f3521c0: ;   {runtime_call _rethrow_Java}
  0x000000010f3521c0: e93b ae12 

  0x000000010f3521c4: ;   {internal_word}
  0x000000010f3521c4: fe49 ba27 | 2135 0f01 | 0000 004d | 8997 6804 

  0x000000010f3521d4: ;   {runtime_call SafepointBlob}
  0x000000010f3521d4: 0000 e925 

  0x000000010f3521d8: ;   {runtime_call StubRoutines (final stubs)}
  0x000000010f3521d8: 8e06 fee8 | 40d1 04fe | e9f5 feff | fff4 f4f4 
[Stub Code]
  0x000000010f3521e8: ;   {no_reloc}
  0x000000010f3521e8: 48bb 0000 | 0000 0000 

  0x000000010f3521f0: ;   {runtime_call nmethod}
  0x000000010f3521f0: 0000 e9fb 

  0x000000010f3521f4: ;   {runtime_call ExceptionBlob}
  0x000000010f3521f4: ffff ffe9 | 042f 12fe 
[Deopt Handler Code]
  0x000000010f3521fc: e800 0000 | 0048 832c 

  0x000000010f352204: ;   {runtime_call DeoptimizationBlob}
  0x000000010f352204: 2405 e995 | 8006 fef4 | f4f4 f4f4 
[/MachCode]


Compiled method (c1) 1285515 50848       2       ksp.org.jetbrains.kotlin.analysis.api.standalone.base.declarations.KotlinStandaloneDeclarationProviderKt::cloneStubRecursively (266 bytes)
 total in heap  [0x0000000107359f90,0x000000010735cd98] = 11784
 relocation     [0x000000010735a0e8,0x000000010735a3e0] = 760
 main code      [0x000000010735a3e0,0x000000010735c068] = 7304
 stub code      [0x000000010735c068,0x000000010735c220] = 440
 oops           [0x000000010735c220,0x000000010735c228] = 8
 metadata       [0x000000010735c228,0x000000010735c338] = 272
 scopes data    [0x000000010735c338,0x000000010735c840] = 1288
 scopes pcs     [0x000000010735c840,0x000000010735ccf0] = 1200
 dependencies   [0x000000010735ccf0,0x000000010735cd40] = 80
 nul chk table  [0x000000010735cd40,0x000000010735cd98] = 88

[Constant Pool (empty)]

[MachCode]
[Verified Entry Point]
  # {method} {0x0000000127f4a898} 'cloneStubRecursively' '(Lksp/com/intellij/psi/stubs/StubElement;Lksp/com/intellij/psi/stubs/StubElement;Lksp/com/intellij/util/io/UnsyncByteArrayOutputStream;Lksp/com/intellij/util/io/AbstractStringEnumerator;)Lksp/com/intellij/psi/stubs/StubElement;' in 'ksp/org/jetbrains/kotlin/analysis/api/standalone/base/declarations/KotlinStandaloneDeclarationProviderKt'
  # parm0:    rsi:rsi   = 'ksp/com/intellij/psi/stubs/StubElement'
  # parm1:    rdx:rdx   = 'ksp/com/intellij/psi/stubs/StubElement'
  # parm2:    rcx:rcx   = 'ksp/com/intellij/util/io/UnsyncByteArrayOutputStream'
  # parm3:    r8:r8     = 'ksp/com/intellij/util/io/AbstractStringEnumerator'
  #           [sp+0x1a0]  (sp of caller)
  0x000000010735a3e0: 8984 2400 | c0fe ff55 | 4881 ec90 | 0100 0090 | 4181 7f20 | 3c00 0000 

  0x000000010735a3f8: ;   {runtime_call StubRoutines (final stubs)}
  0x000000010735a3f8: 7405 e821 | 4f04 0648 | 89b4 24c0 | 0000 0048 | 8994 24d8 | 0000 0048 | 898c 24c8 | 0000 004c 
  0x000000010735a418: 8984 24d0 | 0000 0048 | bf38 aef4 | 2701 0000 | 008b 4708 | 83c0 0289 | 4708 25fe | 0f00 0085 
  0x000000010735a438: c00f 848f | 1500 00c7 | 410c 0000 | 0000 4885 | f60f 8428 

  0x000000010735a44c: ;   {metadata('ksp/org/jetbrains/kotlin/psi/stubs/impl/KotlinUserTypeStubImpl')}
  0x000000010735a44c: 0000 0048 | bb80 5a9a | 0108 0000 | 008b 4608 | 49ba 0000 | 0000 0800 | 0000 4903 | c248 3bd8 
  0x000000010735a46c: 0f85 0500 | 0000 e905 | 0000 0048 | 33ff eb07 | 48c7 c701 | 0000 0085 | ff48 8bda | 0f84 0301 
  0x000000010735a48c: ;   {metadata('ksp/org/jetbrains/kotlin/psi/stubs/impl/KotlinUserTypeStubImpl')}
  0x000000010735a48c: 0000 48ba | 805a 9a01 | 0800 0000 | 4c8b ce49 | 8b87 b801 | 0000 488d | 7828 493b | bfc8 0100 
  0x000000010735a4ac: 000f 8741 | 1500 0049 | 89bf b801 | 0000 48c7 | 0001 0000 | 0048 8bca | 49ba 0000 | 0000 0800 
  0x000000010735a4cc: 0000 492b | ca89 4808 | 4833 c989 | 480c 4833 | c948 8948 | 1048 8948 | 1848 8948 | 204d 85c9 
  0x000000010735a4ec: 0f84 2900 

  0x000000010735a4f0: ;   {metadata('ksp/org/jetbrains/kotlin/psi/stubs/impl/KotlinUserTypeStubImpl')}
  0x000000010735a4f0: 0000 48be | 805a 9a01 | 0800 0000 | 418b 4908 | 49ba 0000 | 0000 0800 | 0000 4903 | ca48 3bf1 
  0x000000010735a510: 0f85 eb14 | 0000 e900 | 0000 0049 | 8bd1 8b4a | 2048 c1e1 | 034d 85c9 | 0f84 2900 

  0x000000010735a52c: ;   {metadata('ksp/org/jetbrains/kotlin/psi/stubs/impl/KotlinUserTypeStubImpl')}
  0x000000010735a52c: 0000 48bf | 805a 9a01 | 0800 0000 | 418b 7108 | 49ba 0000 | 0000 0800 | 0000 4903 | f248 3bfe 
  0x000000010735a54c: 0f85 bd14 | 0000 e900 | 0000 0049 | 8bd1 8b72 | 2448 c1e6 | 0348 8bd3 | 4c8b c648 | 8bf0 4889 
  0x000000010735a56c: 8424 b800 | 0000 0f1f 

  0x000000010735a574: ;   {optimized virtual_call}
  0x000000010735a574: 4400 00e8 

  0x000000010735a578: ; ImmutableOopMap {[184]=Oop [192]=Oop [200]=Oop [208]=Oop }
                      ;*invokespecial <init> {reexecute=0 rethrow=0 return_oop=0}
                      ; - ksp.org.jetbrains.kotlin.analysis.api.standalone.base.declarations.KotlinStandaloneDeclarationProviderKt::cloneStubRecursively@34 (line 660)
  0x000000010735a578: 04b4 e100 

  0x000000010735a57c: ;   {other}
  0x000000010735a57c: 0f1f 8400 | ec05 0000 | 488b 8424 | b800 0000 | e935 1100 | 0048 85f6 | 0f84 2800 

  0x000000010735a598: ;   {metadata('ksp/org/jetbrains/kotlin/psi/stubs/impl/KotlinNameReferenceExpressionStubImpl')}
  0x000000010735a598: 0000 48b8 | 2070 9901 | 0800 0000 | 8b7e 0849 | ba00 0000 | 0008 0000 | 0049 03fa | 483b c70f 
  0x000000010735a5b8: 8505 0000 | 00e9 0500 | 0000 4833 | d2eb 0748 | c7c2 0100 | 0000 85d2 | 0f84 c402 

  0x000000010735a5d4: ;   {metadata('ksp/org/jetbrains/kotlin/psi/stubs/impl/KotlinNameReferenceExpressionStubImpl')}
  0x000000010735a5d4: 0000 48ba | 2070 9901 | 0800 0000 | 4c8b c649 | 8b87 b801 | 0000 488d | 7828 493b | bfc8 0100 
  0x000000010735a5f4: 000f 8722 | 1400 0049 | 89bf b801 | 0000 48c7 | 0001 0000 | 0048 8bca | 49ba 0000 | 0000 0800 
  0x000000010735a614: 0000 492b | ca89 4808 | 4833 c989 | 480c 4833 | c948 8948 | 1048 8948 | 1848 8948 | 2048 8984 
  0x000000010735a634: 24e0 0000 | 004d 85c0 | 0f84 2900 

  0x000000010735a640: ;   {metadata('ksp/org/jetbrains/kotlin/psi/stubs/impl/KotlinNameReferenceExpressionStubImpl')}
  0x000000010735a640: 0000 48ba | 2070 9901 | 0800 0000 | 418b 7808 | 49ba 0000 | 0000 0800 | 0000 4903 | fa48 3bd7 
  0x000000010735a660: 0f85 c413 | 0000 e900 | 0000 0049 | 8bf0 8b76 | 2448 c1e6 | 0348 3b06 | 0f1f 8000 

  0x000000010735a67c: ;   {optimized virtual_call}
  0x000000010735a67c: 0000 00e8 

  0x000000010735a680: ; ImmutableOopMap {[192]=Oop [200]=Oop [208]=Oop [216]=Oop [224]=Oop }
                      ;*invokevirtual getString {reexecute=0 rethrow=0 return_oop=0}
                      ; - ksp.org.jetbrains.kotlin.psi.stubs.impl.KotlinNameReferenceExpressionStubImpl::getReferencedName@4 (line 57)
                      ; - ksp.org.jetbrains.kotlin.analysis.api.standalone.base.declarations.KotlinStandaloneDeclarationProviderKt::cloneStubRecursively@60 (line 668)
  0x000000010735a680: 5cf7 6000 

  0x000000010735a684: ;   {other}
  0x000000010735a684: 0f1f 8400 | f406 0001 | 4889 8424 | e800 0000 | 4885 c00f | 851f 0000 | 00be 0200 | 0000 0f1f 
  0x000000010735a6a4: ;   {static_call}
  0x000000010735a6a4: 4400 00e8 

  0x000000010735a6a8: ; ImmutableOopMap {[192]=Oop [200]=Oop [208]=Oop [216]=Oop [224]=Oop [232]=Oop }
                      ;*invokestatic $$$reportNull$$$0 {reexecute=0 rethrow=0 return_oop=0}
                      ; - ksp.org.jetbrains.kotlin.psi.stubs.impl.KotlinNameReferenceExpressionStubImpl::getReferencedName@12 (line 57)
                      ; - ksp.org.jetbrains.kotlin.analysis.api.standalone.base.declarations.KotlinStandaloneDeclarationProviderKt::cloneStubRecursively@60 (line 668)
  0x000000010735a6a8: d4a2 0506 

  0x000000010735a6ac: ;   {other}
  0x000000010735a6ac: 0f1f 8400 | 1c07 0002 | 488b 8424 | e800 0000 | 4885 c00f | 850f 0000 

  0x000000010735a6c4: ;   {oop(nullptr)}
  0x000000010735a6c4: 0048 bf00 | 0000 0000 | 0000 00e9 | da00 0000 

  0x000000010735a6d4: ;   {metadata('ksp/com/intellij/util/io/StringRef')}
  0x000000010735a6d4: 48ba e874 | 9901 0800 | 0000 488b | d849 8b87 | b801 0000 | 488d 7818 | 493b bfc8 | 0100 000f 
  0x000000010735a6f4: 8744 1300 | 0049 89bf | b801 0000 | 48c7 0001 | 0000 0048 | 8bca 49ba | 0000 0000 | 0800 0000 
  0x000000010735a714: 492b ca89 | 4808 4833 | c989 480c | 4833 c948 | 8948 1048 | 85db 0f84 | 0800 0000 | 488b f3e9 
  0x000000010735a734: 2c00 0000 | 4889 8424 | f000 0000 | be00 0000 

  0x000000010735a744: ;   {static_call}
  0x000000010735a744: 0066 90e8 

  0x000000010735a748: ; ImmutableOopMap {[192]=Oop [200]=Oop [208]=Oop [216]=Oop [224]=Oop [232]=Oop [240]=Oop }
                      ;*invokestatic $$$reportNull$$$0 {reexecute=0 rethrow=0 return_oop=0}
                      ; - ksp.com.intellij.util.io.StringRef::<init>@5
                      ; - ksp.com.intellij.util.io.StringRef::fromString@13 (line 88)
                      ; - ksp.org.jetbrains.kotlin.analysis.api.standalone.base.declarations.KotlinStandaloneDeclarationProviderKt::cloneStubRecursively@63 (line 668)
  0x000000010735a748: 34a2 0506 

  0x000000010735a74c: ;   {other}
  0x000000010735a74c: 0f1f 8400 | bc07 0003 | 488b 8424 | f000 0000 | 488b b424 | e800 0000 | 410f be7f | 4085 ff0f 
  0x000000010735a76c: 85d9 1200 | 004c 8bd6 | 49c1 ea03 | 4489 5010 | 488b f848 | 33fe 48c1 | ef15 4883 | ff00 0f85 
  0x000000010735a78c: d912 0000 | c740 0cff | ffff ff41 | 0fbe 7740 | 85f6 0f85 | dd12 0000 | c740 1400 | 0000 0048 
  0x000000010735a7ac: 8bf8 488b | b424 c000 | 0000 4885 | f60f 8428 

  0x000000010735a7bc: ;   {metadata('ksp/org/jetbrains/kotlin/psi/stubs/impl/KotlinNameReferenceExpressionStubImpl')}
  0x000000010735a7bc: 0000 0048 | ba20 7099 | 0108 0000 | 008b 4608 | 49ba 0000 | 0000 0800 | 0000 4903 | c248 3bd0 
  0x000000010735a7dc: 0f85 be12 | 0000 e900 | 0000 0048 | 8bde 0fbe | 5b20 83e3 | 0189 9c24 | 0001 0000 | 4885 ff48 
  0x000000010735a7fc: 89bc 24f8 | 0000 000f | 8513 0000 | 00be 0100 

  0x000000010735a80c: ;   {static_call}
  0x000000010735a80c: 0000 90e8 

  0x000000010735a810: ; ImmutableOopMap {[192]=Oop [200]=Oop [208]=Oop [216]=Oop [224]=Oop [248]=Oop }
                      ;*invokestatic $$$reportNull$$$0 {reexecute=0 rethrow=0 return_oop=0}
                      ; - ksp.org.jetbrains.kotlin.psi.stubs.impl.KotlinNameReferenceExpressionStubImpl::<init>@5
                      ; - ksp.org.jetbrains.kotlin.analysis.api.standalone.base.declarations.KotlinStandaloneDeclarationProviderKt::cloneStubRecursively@73 (line 666)
  0x000000010735a810: 6ca1 0506 

  0x000000010735a814: ;   {other}
  0x000000010735a814: 0f1f 8400 | 8408 0004 | 488b 8424 | e000 0000 | 488b 9424 | d800 0000 

  0x000000010735a82c: ;   {oop(a 'ksp/org/jetbrains/kotlin/psi/stubs/elements/KtNameReferenceExpressionElementType'{0x000000074d872ae8})}
  0x000000010735a82c: 48b9 e82a | 874d 0700 | 0000 488b | f066 0f1f 

  0x000000010735a83c: ;   {optimized virtual_call}
  0x000000010735a83c: 4400 00e8 

  0x000000010735a840: ; ImmutableOopMap {[192]=Oop [200]=Oop [208]=Oop [224]=Oop [248]=Oop }
                      ;*invokespecial <init> {reexecute=0 rethrow=0 return_oop=0}
                      ; - ksp.org.jetbrains.kotlin.psi.stubs.impl.KotlinStubBaseImpl::<init>@9 (line 19)
                      ; - ksp.org.jetbrains.kotlin.psi.stubs.impl.KotlinNameReferenceExpressionStubImpl::<init>@13 (line 45)
                      ; - ksp.org.jetbrains.kotlin.analysis.api.standalone.base.declarations.KotlinStandaloneDeclarationProviderKt::cloneStubRecursively@73 (line 666)
  0x000000010735a840: dc35 cb00 

  0x000000010735a844: ;   {other}
  0x000000010735a844: 0f1f 8400 | b408 0005 | 410f be77 | 4085 f648 | 8b84 24e0 | 0000 000f | 854d 1200 | 0048 8bbc 
  0x000000010735a864: 24f8 0000 | 004c 8bd7 | 49c1 ea03 | 4489 5024 | 488b f048 | 33f7 48c1 | ee15 4883 | fe00 0f85 
  0x000000010735a884: 4512 0000 | 8b9c 2400 | 0100 0083 | e301 8858 | 20e9 2c0e | 0000 4885 | f60f 8443 

  0x000000010735a8a0: ;   {metadata('ksp/com/intellij/psi/stubs/PsiFileStub')}
  0x000000010735a8a0: 0000 0048 | b8d8 b179 | 0108 0000 | 008b 5608 | 49ba 0000 | 0000 0800 | 0000 4903 | d248 3b42 
  0x000000010735a8c0: 200f 8424 | 0000 0048 | 3bd0 0f84 | 1b00 0000 

  0x000000010735a8d0: ;   {runtime_call slow_subtype_check Runtime1 stub}
  0x000000010735a8d0: 5250 e8a9 | 6d11 065a | 5a85 d20f | 8405 0000 | 00e9 0500 | 0000 4833 | ffeb 0748 | c7c7 0100 
  0x000000010735a8f0: 0000 85ff | 0f84 2107 | 0000 4885 | f60f 8443 

  0x000000010735a900: ;   {metadata('ksp/com/intellij/psi/stubs/PsiFileStub')}
  0x000000010735a900: 0000 0048 | b8d8 b179 | 0108 0000 | 008b 5608 | 49ba 0000 | 0000 0800 | 0000 4903 | d248 3b42 
  0x000000010735a920: 200f 841f | 0000 0048 | 3bd0 0f84 | 1600 0000 

  0x000000010735a930: ;   {runtime_call slow_subtype_check Runtime1 stub}
  0x000000010735a930: 5250 e849 | 6d11 065a | 5a85 d20f | 84a4 1100 | 00e9 0000 | 0000 488b | fe48 8bf7 | 9048 b8ff 
  0x000000010735a950: ffff ffff 

  0x000000010735a954: ;   {virtual_call}
  0x000000010735a954: ffff ffe8 

  0x000000010735a958: ; ImmutableOopMap {[192]=Oop [200]=Oop [208]=Oop [216]=Oop }
                      ;*invokeinterface getType {reexecute=0 rethrow=0 return_oop=0}
                      ; - ksp.org.jetbrains.kotlin.analysis.api.standalone.base.declarations.KotlinStandaloneDeclarationProviderKt::cloneStubRecursively@94 (line 673)
  0x000000010735a958: 848b 0506 

  0x000000010735a95c: ;   {other}
  0x000000010735a95c: 0f1f 8400 | cc09 0006 

  0x000000010735a964: ;   {oop("getType(...)"{0x0000000703548b38})}
  0x000000010735a964: 488b f048 | ba38 8b54 | 0307 0000 | 0048 8984 | 2408 0100 | 0066 0f1f 

  0x000000010735a97c: ;   {static_call}
  0x000000010735a97c: 4400 00e8 

  0x000000010735a980: ; ImmutableOopMap {[192]=Oop [200]=Oop [208]=Oop [216]=Oop [264]=Oop }
                      ;*invokestatic checkNotNullExpressionValue {reexecute=0 rethrow=0 return_oop=0}
                      ; - ksp.org.jetbrains.kotlin.analysis.api.standalone.base.declarations.KotlinStandaloneDeclarationProviderKt::cloneStubRecursively@102 (line 673)
  0x000000010735a980: dc4b dd06 

  0x000000010735a984: ;   {other}
  0x000000010735a984: 0f1f 8400 | f409 0007 | 488b b424 | c000 0000 | 4885 f60f | 8443 0000 

  0x000000010735a99c: ;   {metadata('ksp/com/intellij/psi/stubs/Stub')}
  0x000000010735a99c: 0048 bf78 | ad79 0108 | 0000 008b | 4608 49ba | 0000 0000 | 0800 0000 | 4903 c248 | 3b78 200f 
  0x000000010735a9bc: 841f 0000 | 0048 3bc7 | 0f84 1600 | 0000 5057 

  0x000000010735a9cc: ;   {runtime_call slow_subtype_check Runtime1 stub}
  0x000000010735a9cc: e8af 6c11 | 0658 5885 | c00f 8413 | 1100 00e9 | 0000 0000 

  0x000000010735a9e0: ;   {metadata('ksp/com/intellij/psi/stubs/StubOutputStream')}
  0x000000010735a9e0: 488b de48 | ba30 c579 | 0108 0000 | 0049 8b87 | b801 0000 | 488d 7828 | 493b bfc8 | 0100 000f 
  0x000000010735aa00: 87f2 1000 | 0049 89bf | b801 0000 | 48c7 0001 | 0000 0048 | 8bca 49ba | 0000 0000 | 0800 0000 
  0x000000010735aa20: 492b ca89 | 4808 4833 | c989 480c | 4833 c948 | 8948 1048 | 8948 1848 | 8948 2048 | 8b8c 24c8 
  0x000000010735aa40: 0000 0048 | 85c9 4889 | 8424 1001 | 0000 4889 | 9c24 1801 | 0000 0f85 | 1800 0000 | be00 0000 
  0x000000010735aa60: 0066 0f1f 

  0x000000010735aa64: ;   {static_call}
  0x000000010735aa64: 4400 00e8 

  0x000000010735aa68: ; ImmutableOopMap {[192]=Oop [200]=Oop [208]=Oop [216]=Oop [264]=Oop [272]=Oop [280]=Oop }
                      ;*invokestatic $$$reportNull$$$0 {reexecute=0 rethrow=0 return_oop=0}
                      ; - ksp.com.intellij.psi.stubs.StubOutputStream::<init>@5
                      ; - ksp.org.jetbrains.kotlin.analysis.api.standalone.base.declarations.KotlinStandaloneDeclarationProviderKt::cloneStubRecursively@122 (line 674)
  0x000000010735aa68: 149f 0506 

  0x000000010735aa6c: ;   {other}
  0x000000010735aa6c: 0f1f 8400 | dc0a 0008 | 4c8b 8424 | d000 0000 | 4d85 c00f | 8420 0000 | 004c 8b9c | 2418 0100 
  0x000000010735aa8c: 004d 8bc8 | 488b 8c24 | c800 0000 | 4c8b 8424 | 1001 0000 | e937 0000 | 00be 0100 | 0000 0f1f 
  0x000000010735aaac: ;   {static_call}
  0x000000010735aaac: 4400 00e8 

  0x000000010735aab0: ; ImmutableOopMap {[192]=Oop [200]=Oop [208]=Oop [216]=Oop [264]=Oop [272]=Oop [280]=Oop }
                      ;*invokestatic $$$reportNull$$$0 {reexecute=0 rethrow=0 return_oop=0}
                      ; - ksp.com.intellij.psi.stubs.StubOutputStream::<init>@13
                      ; - ksp.org.jetbrains.kotlin.analysis.api.standalone.base.declarations.KotlinStandaloneDeclarationProviderKt::cloneStubRecursively@122 (line 674)
  0x000000010735aab0: cc9e 0506 

  0x000000010735aab4: ;   {other}
  0x000000010735aab4: 0f1f 8400 | 240b 0009 | 4c8b 8424 | 1001 0000 | 4c8b 9c24 | 1801 0000 | 4c8b 8c24 | d000 0000 
  0x000000010735aad4: 488b 8c24 | c800 0000 

  0x000000010735aadc: ;   {metadata('java/lang/Object')}
  0x000000010735aadc: 48ba 6813 | 0400 0800 | 0000 4c8b | e949 8b87 | b801 0000 | 488d 7810 | 493b bfc8 | 0100 000f 
  0x000000010735aafc: 8703 1000 | 0049 89bf | b801 0000 | 48c7 0001 | 0000 0048 | 8bca 49ba | 0000 0000 | 0800 0000 
  0x000000010735ab1c: 492b ca89 | 4808 4833 | c989 480c | 4833 c941 | 0fbe 5f40 | 85db 0f85 | d90f 0000 | 4c8b d049 
  0x000000010735ab3c: c1ea 0345 | 8950 1449 | 8bd8 4833 | d848 c1eb | 1548 83fb | 000f 85da | 0f00 0041 | 0fbe 5f40 
  0x000000010735ab5c: 85db 0f85 | e50f 0000 | 4d8b d549 | c1ea 0345 | 8950 1049 | 8bc0 4933 | c548 c1e8 | 1548 83f8 
  0x000000010735ab7c: 000f 85e6 | 0f00 0041 | 0fbe 5f40 | 85db 0f85 | f10f 0000 | 41c7 401c | 0000 0000 | bb08 0000 
  0x000000010735ab9c: ;   {metadata({type array byte})}
  0x000000010735ab9c: 0048 bac8 | 0a04 0008 | 0000 0048 | 63db 488b | fb48 81fb | ffff ff00 | 0f87 e70f | 0000 48c7 
  0x000000010735abbc: c617 0000 | 0048 8d34 | 1e48 83e6 | f849 8b87 | b801 0000 | 488d 3430 | 493b b7c8 | 0100 000f 
  0x000000010735abdc: 87c0 0f00 | 0049 89b7 | b801 0000 | 482b f048 | c700 0100 | 0000 488b | ca49 ba00 | 0000 0008 
  0x000000010735abfc: 0000 0049 | 2bca 8948 | 0889 580c | 4883 ee10 | 4885 f60f | 8411 0000 | 0048 33db | 48c1 ee03 
  0x000000010735ac1c: 4889 5cf0 | 0848 ffce | 75f6 410f | be57 4085 | d20f 8578 | 0f00 004c | 8bd0 49c1 | ea03 4589 
  0x000000010735ac3c: 5020 498b | d048 33d0 | 48c1 ea15 | 4883 fa00 | 0f85 790f | 0000 410f | be57 4085 | d20f 8584 
  0x000000010735ac5c: 0f00 004d | 8bd1 49c1 | ea03 4589 | 5024 498b | c049 33c1 | 48c1 e815 | 4883 f800 | 0f85 850f 
  0x000000010735ac7c: 0000 498b | d349 8bc8 | 488b b424 | 0801 0000 | 9048 b8ff | ffff ffff 

  0x000000010735ac94: ;   {virtual_call}
  0x000000010735ac94: ffff ffe8 

  0x000000010735ac98: ; ImmutableOopMap {[192]=Oop [200]=Oop [208]=Oop [216]=Oop [264]=Oop }
                      ;*invokevirtual serialize {reexecute=0 rethrow=0 return_oop=0}
                      ; - ksp.org.jetbrains.kotlin.analysis.api.standalone.base.declarations.KotlinStandaloneDeclarationProviderKt::cloneStubRecursively@125 (line 674)
  0x000000010735ac98: 8488 0506 

  0x000000010735ac9c: ;   {other}
  0x000000010735ac9c: 0f1f 8400 | 0c0d 000a 

  0x000000010735aca4: ;   {metadata('ksp/com/intellij/psi/stubs/StubInputStream')}
  0x000000010735aca4: 48ba 90c8 | 7901 0800 | 0000 498b | 87b8 0100 | 0048 8d78 | 2849 3bbf | c801 0000 | 0f87 550f 
  0x000000010735acc4: 0000 4989 | bfb8 0100 | 0048 c700 | 0100 0000 | 488b ca49 | ba00 0000 | 0008 0000 | 0049 2bca 
  0x000000010735ace4: 8948 0848 | 33c9 8948 | 0c48 33c9 | 4889 4810 | 4889 4818 | 4889 4820 | 488b b424 | c800 0000 
  0x000000010735ad04: 4889 8424 | 2001 0000 

  0x000000010735ad0c: ;   {optimized virtual_call}
  0x000000010735ad0c: 6666 90e8 

  0x000000010735ad10: ; ImmutableOopMap {[192]=Oop [200]=Oop [208]=Oop [216]=Oop [264]=Oop [288]=Oop }
                      ;*invokevirtual toInputStream {reexecute=0 rethrow=0 return_oop=0}
                      ; - ksp.org.jetbrains.kotlin.analysis.api.standalone.base.declarations.KotlinStandaloneDeclarationProviderKt::cloneStubRecursively@135 (line 675)
  0x000000010735ad10: cc0d 2200 

  0x000000010735ad14: ;   {other}
  0x000000010735ad14: 0f1f 8400 | 840d 000b | 4885 c048 | 8984 2428 | 0100 000f | 8517 0000 | 00be 0000 | 0000 0f1f 
  0x000000010735ad34: ;   {static_call}
  0x000000010735ad34: 4400 00e8 

  0x000000010735ad38: ; ImmutableOopMap {[192]=Oop [200]=Oop [208]=Oop [216]=Oop [264]=Oop [288]=Oop [296]=Oop }
                      ;*invokestatic $$$reportNull$$$0 {reexecute=0 rethrow=0 return_oop=0}
                      ; - ksp.com.intellij.psi.stubs.StubInputStream::<init>@5
                      ; - ksp.org.jetbrains.kotlin.analysis.api.standalone.base.declarations.KotlinStandaloneDeclarationProviderKt::cloneStubRecursively@139 (line 675)
  0x000000010735ad38: 449c 0506 

  0x000000010735ad3c: ;   {other}
  0x000000010735ad3c: 0f1f 8400 | ac0d 000c | 4c8b 8424 | d000 0000 | 4d85 c00f | 8428 0000 | 0048 8b84 | 2428 0100 
  0x000000010735ad5c: 004c 8b9c | 2408 0100 | 004d 8bc8 | 488b 9424 | d800 0000 | 4c8b 8424 | 2001 0000 | e93f 0000 
  0x000000010735ad7c: 00be 0100 | 0000 0f1f 

  0x000000010735ad84: ;   {static_call}
  0x000000010735ad84: 4400 00e8 

  0x000000010735ad88: ; ImmutableOopMap {[192]=Oop [200]=Oop [208]=Oop [216]=Oop [264]=Oop [288]=Oop [296]=Oop }
                      ;*invokestatic $$$reportNull$$$0 {reexecute=0 rethrow=0 return_oop=0}
                      ; - ksp.com.intellij.psi.stubs.StubInputStream::<init>@13
                      ; - ksp.org.jetbrains.kotlin.analysis.api.standalone.base.declarations.KotlinStandaloneDeclarationProviderKt::cloneStubRecursively@139 (line 675)
  0x000000010735ad88: f49b 0506 

  0x000000010735ad8c: ;   {other}
  0x000000010735ad8c: 0f1f 8400 | fc0d 000d | 488b 8424 | 2801 0000 | 4c8b 8424 | 2001 0000 | 4c8b 9c24 | 0801 0000 
  0x000000010735adac: 4c8b 8c24 | d000 0000 | 488b 9424 | d800 0000 | 410f be5f | 4085 db0f | 855f 0e00 | 004c 8bd0 
  0x000000010735adcc: 49c1 ea03 | 4589 500c | f083 4424 | c000 498b | d848 33d8 | 48c1 eb15 | 4883 fb00 | 0f85 5a0e 
  0x000000010735adec: 0000 bb08 | 0000 004c 

  0x000000010735adf4: ;   {metadata({type array byte})}
  0x000000010735adf4: 8bea 48ba | c80a 0400 | 0800 0000 | 4863 db48 | 8bfb 4881 | fbff ffff | 000f 874d | 0e00 0048 
  0x000000010735ae14: c7c6 1700 | 0000 488d | 341e 4883 | e6f8 498b | 87b8 0100 | 0048 8d34 | 3049 3bb7 | c801 0000 
  0x000000010735ae34: 0f87 260e | 0000 4989 | b7b8 0100 | 0048 2bf0 | 48c7 0001 | 0000 0048 | 8bca 49ba | 0000 0000 
  0x000000010735ae54: 0800 0000 | 492b ca89 | 4808 8958 | 0c48 83ee | 1048 85f6 | 0f84 1100 | 0000 4833 | db48 c1ee 
  0x000000010735ae74: 0348 895c | f008 48ff | ce75 f641 | 0fbe 5740 | 85d2 0f85 | de0d 0000 | 4c8b d049 | c1ea 0345 
  0x000000010735ae94: 8950 1049 | 8bd0 4833 | d048 c1ea | 1548 83fa | 000f 85df | 0d00 0041 | 0fbe 5740 | 85d2 0f85 
  0x000000010735aeb4: ea0d 0000 

  0x000000010735aeb8: ;   {oop([B{0x00000007011f8978})}
  0x000000010735aeb8: 49ba 7889 | 1f01 0700 | 0000 49c1 | ea03 4589 

  0x000000010735aec8: ;   {oop([B{0x00000007011f8978})}
  0x000000010735aec8: 5014 48ba | 7889 1f01 | 0700 0000 | 498b c048 | 33c2 48c1 | e815 4883 | f800 0f85 | da0d 0000 
  0x000000010735aee8: 410f be57 | 4085 d20f | 85e5 0d00 

  0x000000010735aef4: ;   {oop([C{0x00000007011f8988})}
  0x000000010735aef4: 0049 ba88 | 891f 0107 | 0000 0049 | c1ea 0345 

  0x000000010735af04: ;   {oop([C{0x00000007011f8988})}
  0x000000010735af04: 8950 1848 | ba88 891f | 0107 0000 | 0049 8bc0 | 4833 c248 | c1e8 1548 | 83f8 000f | 85d5 0d00 
  0x000000010735af24: 0041 0fbe | 5740 85d2 | 0f85 e00d | 0000 4d8b | d149 c1ea | 0345 8950 | 2049 8bc0 | 4933 c148 
  0x000000010735af44: c1e8 1548 | 83f8 000f | 85e1 0d00 | 004d 85ed | 0f84 4400 

  0x000000010735af58: ;   {metadata('ksp/com/intellij/psi/stubs/Stub')}
  0x000000010735af58: 0000 48be | 78ad 7901 | 0800 0000 | 418b 7d08 | 49ba 0000 | 0000 0800 | 0000 4903 | fa48 3b77 
  0x000000010735af78: 200f 841f | 0000 0048 | 3bfe 0f84 | 1600 0000 

  0x000000010735af88: ;   {runtime_call slow_subtype_check Runtime1 stub}
  0x000000010735af88: 5756 e8f1 | 6611 065f | 5f85 ff0f | 84b1 0d00 | 00e9 0000 | 0000 498b | cd49 8bd0 | 498b f366 
  0x000000010735afa8: 0f1f 4400 | 0048 b8ff | ffff ffff 

  0x000000010735afb4: ;   {virtual_call}
  0x000000010735afb4: ffff ffe8 

  0x000000010735afb8: ; ImmutableOopMap {[192]=Oop [200]=Oop [208]=Oop }
                      ;*invokevirtual deserialize {reexecute=0 rethrow=0 return_oop=0}
                      ; - ksp.org.jetbrains.kotlin.analysis.api.standalone.base.declarations.KotlinStandaloneDeclarationProviderKt::cloneStubRecursively@146 (line 675)
  0x000000010735afb8: a485 0506 

  0x000000010735afbc: ;   {other}
  0x000000010735afbc: 0f1f 8400 | 2c10 000e | 4885 c00f | 8443 0000 

  0x000000010735afcc: ;   {metadata('ksp/com/intellij/psi/stubs/StubElement')}
  0x000000010735afcc: 0048 bba8 | af79 0108 | 0000 008b | 7008 49ba | 0000 0000 | 0800 0000 | 4903 f248 | 3b5e 200f 
  0x000000010735afec: 841f 0000 | 0048 3bf3 | 0f84 1600 | 0000 5653 

  0x000000010735affc: ;   {runtime_call slow_subtype_check Runtime1 stub}
  0x000000010735affc: e87f 6611 | 065e 5e85 | f60f 8448 | 0d00 00e9 | 0000 0000 | 488b f048 | 8bc6 e9ab | 0600 0048 
  0x000000010735b01c: 8bfe 488b | f70f 1f40 | 0048 b8b8 | 319a 0108 

  0x000000010735b02c: ;   {virtual_call}
  0x000000010735b02c: 0000 00e8 

  0x000000010735b030: ; ImmutableOopMap {[192]=Oop [200]=Oop [208]=Oop [216]=Oop }
                      ;*invokeinterface getStubType {reexecute=0 rethrow=0 return_oop=0}
                      ; - ksp.org.jetbrains.kotlin.analysis.api.standalone.base.declarations.KotlinStandaloneDeclarationProviderKt::cloneStubRecursively@156 (line 679)
  0x000000010735b030: ec80 0506 

  0x000000010735b034: ;   {other}
  0x000000010735b034: 0f1f 8400 | a410 000f | 488b b424 | c000 0000 | 4885 f60f | 8443 0000 

  0x000000010735b04c: ;   {metadata('ksp/com/intellij/psi/stubs/Stub')}
  0x000000010735b04c: 0048 bf78 | ad79 0108 | 0000 008b | 4e08 49ba | 0000 0000 | 0800 0000 | 4903 ca48 | 3b79 200f 
  0x000000010735b06c: 841f 0000 | 0048 3bcf | 0f84 1600 | 0000 5157 

  0x000000010735b07c: ;   {runtime_call slow_subtype_check Runtime1 stub}
  0x000000010735b07c: e8ff 6511 | 0659 5985 | c90f 84d1 | 0c00 00e9 | 0000 0000 

  0x000000010735b090: ;   {metadata('ksp/com/intellij/psi/stubs/StubOutputStream')}
  0x000000010735b090: 488b de48 | ba30 c579 | 0108 0000 | 0048 8984 | 2440 0100 | 0049 8b87 | b801 0000 | 488d 7828 
  0x000000010735b0b0: 493b bfc8 | 0100 000f | 87a8 0c00 | 0049 89bf | b801 0000 | 48c7 0001 | 0000 0048 | 8bca 49ba 
  0x000000010735b0d0: 0000 0000 | 0800 0000 | 492b ca89 | 4808 4833 | c989 480c | 4833 c948 | 8948 1048 | 8948 1848 
  0x000000010735b0f0: 8948 2048 | 8b8c 24c8 | 0000 0048 | 85c9 4889 | 8424 3001 | 0000 4889 | 9c24 3801 | 0000 0f85 
  0x000000010735b110: 1800 0000 | be00 0000 | 0066 0f1f 

  0x000000010735b11c: ;   {static_call}
  0x000000010735b11c: 4400 00e8 

  0x000000010735b120: ; ImmutableOopMap {[192]=Oop [200]=Oop [208]=Oop [216]=Oop [304]=Oop [312]=Oop [320]=Oop }
                      ;*invokestatic $$$reportNull$$$0 {reexecute=0 rethrow=0 return_oop=0}
                      ; - ksp.com.intellij.psi.stubs.StubOutputStream::<init>@5
                      ; - ksp.org.jetbrains.kotlin.analysis.api.standalone.base.declarations.KotlinStandaloneDeclarationProviderKt::cloneStubRecursively@178 (line 680)
  0x000000010735b120: 5c98 0506 

  0x000000010735b124: ;   {other}
  0x000000010735b124: 0f1f 8400 | 9411 0010 | 4c8b 8424 | d000 0000 | 4d85 c00f | 8420 0000 | 004c 8b9c | 2438 0100 
  0x000000010735b144: 004d 8bc8 | 488b 8c24 | c800 0000 | 4c8b 8424 | 3001 0000 | e937 0000 | 00be 0100 | 0000 0f1f 
  0x000000010735b164: ;   {static_call}
  0x000000010735b164: 4400 00e8 

  0x000000010735b168: ; ImmutableOopMap {[192]=Oop [200]=Oop [208]=Oop [216]=Oop [304]=Oop [312]=Oop [320]=Oop }
                      ;*invokestatic $$$reportNull$$$0 {reexecute=0 rethrow=0 return_oop=0}
                      ; - ksp.com.intellij.psi.stubs.StubOutputStream::<init>@13
                      ; - ksp.org.jetbrains.kotlin.analysis.api.standalone.base.declarations.KotlinStandaloneDeclarationProviderKt::cloneStubRecursively@178 (line 680)
  0x000000010735b168: 1498 0506 

  0x000000010735b16c: ;   {other}
  0x000000010735b16c: 0f1f 8400 | dc11 0011 | 4c8b 8424 | 3001 0000 | 4c8b 9c24 | 3801 0000 | 4c8b 8c24 | d000 0000 
  0x000000010735b18c: 488b 8c24 | c800 0000 

  0x000000010735b194: ;   {metadata('java/lang/Object')}
  0x000000010735b194: 48ba 6813 | 0400 0800 | 0000 4c8b | e949 8b87 | b801 0000 | 488d 7810 | 493b bfc8 | 0100 000f 
  0x000000010735b1b4: 87b9 0b00 | 0049 89bf | b801 0000 | 48c7 0001 | 0000 0048 | 8bca 49ba | 0000 0000 | 0800 0000 
  0x000000010735b1d4: 492b ca89 | 4808 4833 | c989 480c | 4833 c941 | 0fbe 5f40 | 85db 0f85 | 8f0b 0000 | 4c8b d049 
  0x000000010735b1f4: c1ea 0345 | 8950 1449 | 8bd8 4833 | d848 c1eb | 1548 83fb | 000f 8590 | 0b00 0041 | 0fbe 5f40 
  0x000000010735b214: 85db 0f85 | 9b0b 0000 | 4d8b d549 | c1ea 0345 | 8950 1049 | 8bc0 4933 | c548 c1e8 | 1548 83f8 
  0x000000010735b234: 000f 859c | 0b00 0041 | 0fbe 5f40 | 85db 0f85 | a70b 0000 | 41c7 401c | 0000 0000 | bb08 0000 
  0x000000010735b254: ;   {metadata({type array byte})}
  0x000000010735b254: 0048 bac8 | 0a04 0008 | 0000 0048 | 63db 488b | fb48 81fb | ffff ff00 | 0f87 9d0b | 0000 48c7 
  0x000000010735b274: c617 0000 | 0048 8d34 | 1e48 83e6 | f849 8b87 | b801 0000 | 488d 3430 | 493b b7c8 | 0100 000f 
  0x000000010735b294: 8776 0b00 | 0049 89b7 | b801 0000 | 482b f048 | c700 0100 | 0000 488b | ca49 ba00 | 0000 0008 
  0x000000010735b2b4: 0000 0049 | 2bca 8948 | 0889 580c | 4883 ee10 | 4885 f60f | 8411 0000 | 0048 33db | 48c1 ee03 
  0x000000010735b2d4: 4889 5cf0 | 0848 ffce | 75f6 410f | be57 4085 | d20f 852e | 0b00 004c | 8bd0 49c1 | ea03 4589 
  0x000000010735b2f4: 5020 498b | d048 33d0 | 48c1 ea15 | 4883 fa00 | 0f85 2f0b | 0000 410f | be57 4085 | d20f 853a 
  0x000000010735b314: 0b00 004d | 8bd1 49c1 | ea03 4589 | 5024 498b | c049 33c1 | 48c1 e815 | 4883 f800 | 0f85 3b0b 
  0x000000010735b334: 0000 498b | d349 8bc8 | 488b b424 | 4001 0000 | 9048 b868 | 5283 0108 

  0x000000010735b34c: ;   {virtual_call}
  0x000000010735b34c: 0000 00e8 

  0x000000010735b350: ; ImmutableOopMap {[192]=Oop [200]=Oop [208]=Oop [216]=Oop [320]=Oop }
                      ;*invokevirtual serialize {reexecute=0 rethrow=0 return_oop=0}
                      ; - ksp.org.jetbrains.kotlin.analysis.api.standalone.base.declarations.KotlinStandaloneDeclarationProviderKt::cloneStubRecursively@181 (line 680)
  0x000000010735b350: 0c7e 0506 

  0x000000010735b354: ;   {other}
  0x000000010735b354: 0f1f 8400 | c413 0012 

  0x000000010735b35c: ;   {metadata('ksp/com/intellij/psi/stubs/StubInputStream')}
  0x000000010735b35c: 48ba 90c8 | 7901 0800 | 0000 498b | 87b8 0100 | 0048 8d78 | 2849 3bbf | c801 0000 | 0f87 0b0b 
  0x000000010735b37c: 0000 4989 | bfb8 0100 | 0048 c700 | 0100 0000 | 488b ca49 | ba00 0000 | 0008 0000 | 0049 2bca 
  0x000000010735b39c: 8948 0848 | 33c9 8948 | 0c48 33c9 | 4889 4810 | 4889 4818 | 4889 4820 | 488b b424 | c800 0000 
  0x000000010735b3bc: 4889 8424 | 4801 0000 

  0x000000010735b3c4: ;   {optimized virtual_call}
  0x000000010735b3c4: 6666 90e8 

  0x000000010735b3c8: ; ImmutableOopMap {[192]=Oop [200]=Oop [208]=Oop [216]=Oop [320]=Oop [328]=Oop }
                      ;*invokevirtual toInputStream {reexecute=0 rethrow=0 return_oop=0}
                      ; - ksp.org.jetbrains.kotlin.analysis.api.standalone.base.declarations.KotlinStandaloneDeclarationProviderKt::cloneStubRecursively@191 (line 681)
  0x000000010735b3c8: 1407 2200 

  0x000000010735b3cc: ;   {other}
  0x000000010735b3cc: 0f1f 8400 | 3c14 0013 | 4885 c048 | 8984 2450 | 0100 000f | 8517 0000 | 00be 0000 | 0000 0f1f 
  0x000000010735b3ec: ;   {static_call}
  0x000000010735b3ec: 4400 00e8 

  0x000000010735b3f0: ; ImmutableOopMap {[192]=Oop [200]=Oop [208]=Oop [216]=Oop [320]=Oop [328]=Oop [336]=Oop }
                      ;*invokestatic $$$reportNull$$$0 {reexecute=0 rethrow=0 return_oop=0}
                      ; - ksp.com.intellij.psi.stubs.StubInputStream::<init>@5
                      ; - ksp.org.jetbrains.kotlin.analysis.api.standalone.base.declarations.KotlinStandaloneDeclarationProviderKt::cloneStubRecursively@195 (line 681)
  0x000000010735b3f0: 8c95 0506 

  0x000000010735b3f4: ;   {other}
  0x000000010735b3f4: 0f1f 8400 | 6414 0014 | 4c8b 8424 | d000 0000 | 4d85 c00f | 8428 0000 | 0048 8b84 | 2450 0100 
  0x000000010735b414: 004c 8bac | 2440 0100 | 004d 8bc8 | 4c8b 9c24 | d800 0000 | 4c8b 8424 | 4801 0000 | e93f 0000 
  0x000000010735b434: 00be 0100 | 0000 0f1f 

  0x000000010735b43c: ;   {static_call}
  0x000000010735b43c: 4400 00e8 

  0x000000010735b440: ; ImmutableOopMap {[192]=Oop [200]=Oop [208]=Oop [216]=Oop [320]=Oop [328]=Oop [336]=Oop }
                      ;*invokestatic $$$reportNull$$$0 {reexecute=0 rethrow=0 return_oop=0}
                      ; - ksp.com.intellij.psi.stubs.StubInputStream::<init>@13
                      ; - ksp.org.jetbrains.kotlin.analysis.api.standalone.base.declarations.KotlinStandaloneDeclarationProviderKt::cloneStubRecursively@195 (line 681)
  0x000000010735b440: 3c95 0506 

  0x000000010735b444: ;   {other}
  0x000000010735b444: 0f1f 8400 | b414 0015 | 488b 8424 | 5001 0000 | 4c8b 8424 | 4801 0000 | 4c8b ac24 | 4001 0000 
  0x000000010735b464: 4c8b 8c24 | d000 0000 | 4c8b 9c24 | d800 0000 | 410f be5f | 4085 db0f | 8515 0a00 | 004c 8bd0 
  0x000000010735b484: 49c1 ea03 | 4589 500c | f083 4424 | c000 498b | d848 33d8 | 48c1 eb15 | 4883 fb00 | 0f85 100a 
  0x000000010735b4a4: 0000 bb08 

  0x000000010735b4a8: ;   {metadata({type array byte})}
  0x000000010735b4a8: 0000 0048 | bac8 0a04 | 0008 0000 | 0048 63db | 488b fb48 | 81fb ffff | ff00 0f87 | 060a 0000 
  0x000000010735b4c8: 48c7 c617 | 0000 0048 | 8d34 1e48 | 83e6 f849 | 8b87 b801 | 0000 488d | 3430 493b | b7c8 0100 
  0x000000010735b4e8: 000f 87df | 0900 0049 | 89b7 b801 | 0000 482b | f048 c700 | 0100 0000 | 488b ca49 | ba00 0000 
  0x000000010735b508: 0008 0000 | 0049 2bca | 8948 0889 | 580c 4883 | ee10 4885 | f60f 8411 | 0000 0048 | 33db 48c1 
  0x000000010735b528: ee03 4889 | 5cf0 0848 | ffce 75f6 | 410f be57 | 4085 d20f | 8597 0900 | 004c 8bd0 | 49c1 ea03 
  0x000000010735b548: 4589 5010 | 498b d048 | 33d0 48c1 | ea15 4883 | fa00 0f85 | 9809 0000 | 410f be57 | 4085 d20f 
  0x000000010735b568: 85a3 0900 

  0x000000010735b56c: ;   {oop([B{0x00000007011f8978})}
  0x000000010735b56c: 0049 ba78 | 891f 0107 | 0000 0049 | c1ea 0345 

  0x000000010735b57c: ;   {oop([B{0x00000007011f8978})}
  0x000000010735b57c: 8950 1448 | ba78 891f | 0107 0000 | 0049 8bc0 | 4833 c248 | c1e8 1548 | 83f8 000f | 8593 0900 
  0x000000010735b59c: 0041 0fbe | 5740 85d2 | 0f85 9e09 

  0x000000010735b5a8: ;   {oop([C{0x00000007011f8988})}
  0x000000010735b5a8: 0000 49ba | 8889 1f01 | 0700 0000 | 49c1 ea03 | 4589 5018 

  0x000000010735b5bc: ;   {oop([C{0x00000007011f8988})}
  0x000000010735b5bc: 48ba 8889 | 1f01 0700 | 0000 498b | c048 33c2 | 48c1 e815 | 4883 f800 | 0f85 8e09 | 0000 410f 
  0x000000010735b5dc: be57 4085 | d20f 8599 | 0900 004d | 8bd1 49c1 | ea03 4589 | 5020 498b | c049 33c1 | 48c1 e815 
  0x000000010735b5fc: 4883 f800 | 0f85 9a09 | 0000 4d85 | db0f 8444 

  0x000000010735b60c: ;   {metadata('ksp/com/intellij/psi/stubs/Stub')}
  0x000000010735b60c: 0000 0048 | be78 ad79 | 0108 0000 | 0041 8b7b | 0849 ba00 | 0000 0008 | 0000 0049 | 03fa 483b 
  0x000000010735b62c: 7720 0f84 | 1f00 0000 | 483b fe0f | 8416 0000 

  0x000000010735b63c: ;   {runtime_call slow_subtype_check Runtime1 stub}
  0x000000010735b63c: 0057 56e8 | 3c60 1106 | 5f5f 85ff | 0f84 6a09 | 0000 e900 | 0000 0049 | 8bcb 498b | d049 8bf5 
  0x000000010735b65c: 9048 b868 | 5283 0108 

  0x000000010735b664: ;   {virtual_call}
  0x000000010735b664: 0000 00e8 

  0x000000010735b668: ; ImmutableOopMap {[192]=Oop [200]=Oop [208]=Oop }
                      ;*invokevirtual deserialize {reexecute=0 rethrow=0 return_oop=0}
                      ; - ksp.org.jetbrains.kotlin.analysis.api.standalone.base.declarations.KotlinStandaloneDeclarationProviderKt::cloneStubRecursively@202 (line 681)
  0x000000010735b668: 347b 0506 

  0x000000010735b66c: ;   {other}
  0x000000010735b66c: 0f1f 8400 | dc16 0016 | 4885 c00f | 8443 0000 

  0x000000010735b67c: ;   {metadata('ksp/com/intellij/psi/stubs/StubElement')}
  0x000000010735b67c: 0048 bfa8 | af79 0108 | 0000 008b | 5808 49ba | 0000 0000 | 0800 0000 | 4903 da48 | 3b7b 200f 
  0x000000010735b69c: 841f 0000 | 0048 3bdf | 0f84 1600 | 0000 5357 

  0x000000010735b6ac: ;   {runtime_call slow_subtype_check Runtime1 stub}
  0x000000010735b6ac: e8cf 5f11 | 065b 5b85 | db0f 8406 | 0900 00e9 | 0000 0000 | 488b d048 | 8bc2 4889 | 8424 5801 
  0x000000010735b6cc: 0000 488b | b424 c000 | 0000 4885 | f60f 8429 

  0x000000010735b6dc: ;   {metadata('ksp/com/intellij/psi/stubs/StubBase')}
  0x000000010735b6dc: 0000 0048 | bb30 4c87 | 0108 0000 | 008b 4e08 | 49ba 0000 | 0000 0800 | 0000 4903 | ca48 3b59 
  0x000000010735b6fc: 500f 85c7 | 0800 00e9 | 0000 0000 | 488b d68b | 7e18 48c1 | e703 8b56 | 1048 3b07 | 488b f70f 
  0x000000010735b71c: ;   {optimized virtual_call}
  0x000000010735b71c: 1f40 00e8 

  0x000000010735b720: ; ImmutableOopMap {[200]=Oop [208]=Oop [344]=Oop }
                      ;*invokevirtual getChildrenStubs {reexecute=0 rethrow=0 return_oop=0}
                      ; - ksp.com.intellij.psi.stubs.StubBase::getChildrenStubs@8 (line 53)
                      ; - ksp.org.jetbrains.kotlin.analysis.api.standalone.base.declarations.KotlinStandaloneDeclarationProviderKt::cloneStubRecursively@211 (line 685)
  0x000000010735b720: dc20 6100 

  0x000000010735b724: ;   {other}
  0x000000010735b724: 0f1f 8400 | 9417 0017 | 4885 c00f | 8527 0000 | 0048 8984 | 2460 0100 | 00be 0000 | 0000 0f1f 
  0x000000010735b744: ;   {static_call}
  0x000000010735b744: 4400 00e8 

  0x000000010735b748: ; ImmutableOopMap {[200]=Oop [208]=Oop [344]=Oop [352]=Oop }
                      ;*invokestatic $$$reportNull$$$0 {reexecute=0 rethrow=0 return_oop=0}
                      ; - ksp.com.intellij.psi.stubs.StubBase::getChildrenStubs@16 (line 53)
                      ; - ksp.org.jetbrains.kotlin.analysis.api.standalone.base.declarations.KotlinStandaloneDeclarationProviderKt::cloneStubRecursively@211 (line 685)
  0x000000010735b748: 3492 0506 

  0x000000010735b74c: ;   {other}
  0x000000010735b74c: 0f1f 8400 | bc17 0018 | 488b 8424 | 6001 0000 | 488b f066 | 0f1f 4400 | 0048 b840 | 8947 0108 
  0x000000010735b76c: ;   {virtual_call}
  0x000000010735b76c: 0000 00e8 

  0x000000010735b770: ; ImmutableOopMap {[200]=Oop [208]=Oop [344]=Oop }
                      ;*invokeinterface iterator {reexecute=0 rethrow=0 return_oop=0}
                      ; - ksp.org.jetbrains.kotlin.analysis.api.standalone.base.declarations.KotlinStandaloneDeclarationProviderKt::cloneStubRecursively@216 (line 685)
  0x000000010735b770: 6c7a 0506 

  0x000000010735b774: ;   {other}
  0x000000010735b774: 0f1f 8400 | e417 0019 | 4889 8424 | 6801 0000 | e9e6 0000 | 000f 1f80 | 0000 0000 | 488b b424 
  0x000000010735b794: 6801 0000 | 0f1f 4400 | 0048 b8b0 | 9547 0108 

  0x000000010735b7a4: ;   {virtual_call}
  0x000000010735b7a4: 0000 00e8 

  0x000000010735b7a8: ; ImmutableOopMap {[200]=Oop [208]=Oop [344]=Oop [360]=Oop }
                      ;*invokeinterface next {reexecute=0 rethrow=0 return_oop=0}
                      ; - ksp.org.jetbrains.kotlin.analysis.api.standalone.base.declarations.KotlinStandaloneDeclarationProviderKt::cloneStubRecursively@235 (line 685)
  0x000000010735b7a8: b47a 0506 

  0x000000010735b7ac: ;   {other}
  0x000000010735b7ac: 0f1f 8400 | 1c18 001a | 4885 c00f | 8443 0000 

  0x000000010735b7bc: ;   {metadata('ksp/com/intellij/psi/stubs/StubElement')}
  0x000000010735b7bc: 0048 baa8 | af79 0108 | 0000 008b | 4808 49ba | 0000 0000 | 0800 0000 | 4903 ca48 | 3b51 200f 
  0x000000010735b7dc: 841f 0000 | 0048 3bca | 0f84 1600 | 0000 5152 

  0x000000010735b7ec: ;   {runtime_call slow_subtype_check Runtime1 stub}
  0x000000010735b7ec: e88f 5e11 | 0659 5985 | c90f 84de | 0700 00e9 | 0000 0000 | 488b d848 | 899c 2478 | 0100 0048 
  0x000000010735b80c: 85db 0f84 | 8500 0000 | 488b f348 | 8b94 2458 | 0100 0048 | 8b8c 24c8 | 0000 004c | 8b84 24d0 
  0x000000010735b82c: ;   {static_call}
  0x000000010735b82c: 0000 00e8 

  0x000000010735b830: ; ImmutableOopMap {[200]=Oop [208]=Oop [344]=Oop [360]=Oop }
                      ;*invokestatic cloneStubRecursively {reexecute=0 rethrow=0 return_oop=0}
                      ; - ksp.org.jetbrains.kotlin.analysis.api.standalone.base.declarations.KotlinStandaloneDeclarationProviderKt::cloneStubRecursively@256 (line 686)
  0x000000010735b830: aceb ffff 

  0x000000010735b834: ;   {other}
  0x000000010735b834: 0f1f 8400 | a418 001b | 48ba 38ae | f427 0100 | 0000 8b72 | 0c83 c602 | 8972 0c81 | e6fe 7f00 
  0x000000010735b854: 0085 f60f | 8485 0700 | 004d 8b97 

  0x000000010735b860: ; ImmutableOopMap {[200]=Oop [208]=Oop [344]=Oop [360]=Oop }
                      ;*goto {reexecute=1 rethrow=0 return_oop=0}
                      ; - (reexecute) ksp.org.jetbrains.kotlin.analysis.api.standalone.base.declarations.KotlinStandaloneDeclarationProviderKt::cloneStubRecursively@260 (line 686)
  0x000000010735b860: 5804 0000 

  0x000000010735b864: ;   {poll}
  0x000000010735b864: 4185 0248 | 8b84 2468 | 0100 0048 | 8bf0 6666 | 9048 b8b0 | 9547 0108 

  0x000000010735b87c: ;   {virtual_call}
  0x000000010735b87c: 0000 00e8 

  0x000000010735b880: ; ImmutableOopMap {[200]=Oop [208]=Oop [344]=Oop [360]=Oop }
                      ;*invokeinterface hasNext {reexecute=0 rethrow=0 return_oop=0}
                      ; - ksp.org.jetbrains.kotlin.analysis.api.standalone.base.declarations.KotlinStandaloneDeclarationProviderKt::cloneStubRecursively@225 (line 685)
  0x000000010735b880: 9c79 0506 

  0x000000010735b884: ;   {other}
  0x000000010735b884: 0f1f 8400 | f418 001d | 85c0 0f84 | 9f00 0000 | e9f7 feff 

  0x000000010735b898: ;   {metadata('java/lang/NullPointerException')}
  0x000000010735b898: ff48 bab0 | e005 0008 | 0000 0049 | 8b87 b801 | 0000 488d | 7830 493b | bfc8 0100 | 000f 8748 
  0x000000010735b8b8: 0700 0049 | 89bf b801 | 0000 48c7 | 0001 0000 | 0048 8bca | 49ba 0000 | 0000 0800 | 0000 492b 
  0x000000010735b8d8: ca89 4808 | 4833 c989 | 480c 4833 | c948 8948 | 1048 8948 | 1848 8948 | 2048 8948 | 2848 8bf0 
  0x000000010735b8f8: 4889 8424 | 7001 0000 | 0f1f 8000 

  0x000000010735b904: ;   {optimized virtual_call}
  0x000000010735b904: 0000 00e8 

  0x000000010735b908: ; ImmutableOopMap {[200]=Oop [208]=Oop [344]=Oop [360]=Oop [368]=Oop [376]=Oop }
                      ;*invokespecial <init> {reexecute=0 rethrow=0 return_oop=0}
                      ; - kotlin.jvm.internal.Intrinsics::throwJavaNpe@4 (line 45)
                      ; - kotlin.jvm.internal.Intrinsics::checkNotNull@4 (line 25)
                      ; - ksp.org.jetbrains.kotlin.analysis.api.standalone.base.declarations.KotlinStandaloneDeclarationProviderKt::cloneStubRecursively@247 (line 686)
  0x000000010735b908: 748a 0506 

  0x000000010735b90c: ;   {other}
  0x000000010735b90c: 0f1f 8400 | 7c19 001e 

  0x000000010735b914: ;   {oop(a 'java/lang/Class'{0x000000074d870b20} = 'kotlin/jvm/internal/Intrinsics')}
  0x000000010735b914: 48b8 200b | 874d 0700 | 0000 8b70 | 2c48 c1e6 | 0348 85f6 | 0f84 2b00 | 0000 e91e | 0000 0048 
  0x000000010735b934: 8b84 2458 | 0100 0048 | 81c4 9001 

  0x000000010735b940: ;   {poll_return}
  0x000000010735b940: 0000 5d49 | 3ba7 5004 | 0000 0f87 | c506 0000 | c348 8bfe | e91e 0000 

  0x000000010735b958: ;   {oop(a 'java/lang/Class'{0x000000074d870b20} = 'kotlin/jvm/internal/Intrinsics')}
  0x000000010735b958: 0048 be20 | 0b87 4d07 | 0000 000f 

  0x000000010735b964: ;   {optimized virtual_call}
  0x000000010735b964: 1f40 00e8 

  0x000000010735b968: ; ImmutableOopMap {[200]=Oop [208]=Oop [344]=Oop [360]=Oop [368]=Oop [376]=Oop }
                      ;*invokevirtual initClassName {reexecute=0 rethrow=0 return_oop=0}
                      ; - java.lang.Class::getName@14
                      ; - kotlin.jvm.internal.Intrinsics::sanitizeStackTrace@3 (line 253)
                      ; - kotlin.jvm.internal.Intrinsics::throwJavaNpe@7 (line 45)
                      ; - kotlin.jvm.internal.Intrinsics::checkNotNull@4 (line 25)
                      ; - ksp.org.jetbrains.kotlin.analysis.api.standalone.base.declarations.KotlinStandaloneDeclarationProviderKt::cloneStubRecursively@247 (line 686)
  0x000000010735b968: 148a 0506 

  0x000000010735b96c: ;   {other}
  0x000000010735b96c: 0f1f 8400 | dc19 001f | 488b f848 | 8b84 2470 | 0100 0048 | 8bf0 488b 

  0x000000010735b984: ;   {static_call}
  0x000000010735b984: d766 90e8 

  0x000000010735b988: ; ImmutableOopMap {[200]=Oop [208]=Oop [344]=Oop [360]=Oop [376]=Oop }
                      ;*invokestatic sanitizeStackTrace {reexecute=0 rethrow=0 return_oop=0}
                      ; - kotlin.jvm.internal.Intrinsics::sanitizeStackTrace@6 (line 253)
                      ; - kotlin.jvm.internal.Intrinsics::throwJavaNpe@7 (line 45)
                      ; - kotlin.jvm.internal.Intrinsics::checkNotNull@4 (line 25)
                      ; - ksp.org.jetbrains.kotlin.analysis.api.standalone.base.declarations.KotlinStandaloneDeclarationProviderKt::cloneStubRecursively@247 (line 686)
  0x000000010735b988: f48f 0506 

  0x000000010735b98c: ;   {other}
  0x000000010735b98c: 0f1f 8400 | fc19 0020 | 4885 c00f | 8429 0000 

  0x000000010735b99c: ;   {metadata('java/lang/NullPointerException')}
  0x000000010735b99c: 0048 bfb0 | e005 0008 | 0000 008b | 5808 49ba | 0000 0000 | 0800 0000 | 4903 da48 | 3b7b 500f 
  0x000000010735b9bc: 856a 0600 | 00e9 0000 | 0000 483b | 00e9 8806 

  0x000000010735b9cc: ;   {metadata({method} {0x0000000127f4a898} 'cloneStubRecursively' '(Lksp/com/intellij/psi/stubs/StubElement;Lksp/com/intellij/psi/stubs/StubElement;Lksp/com/intellij/util/io/UnsyncByteArrayOutputStream;Lksp/com/intellij/util/io/AbstractStringEnumerator;)Lksp/com/intellij/psi/stubs/StubElement;' in 'ksp/org/jetbrains/kotlin/analysis/api/standalone/base/declarations/KotlinStandaloneDeclarationProviderKt')}
  0x000000010735b9cc: 0000 49ba | 98a8 f427 | 0100 0000 | 4c89 5424 | 0848 c704 | 24ff ffff 

  0x000000010735b9e4: ;   {runtime_call counter_overflow Runtime1 stub}
  0x000000010735b9e4: ffe8 9681 

  0x000000010735b9e8: ; ImmutableOopMap {rsi=Oop rdx=Oop rcx=Oop r8=Oop [192]=Oop [200]=Oop [208]=Oop [216]=Oop }
                      ;*synchronization entry
                      ; - ksp.org.jetbrains.kotlin.analysis.api.standalone.base.declarations.KotlinStandaloneDeclarationProviderKt::cloneStubRecursively@-1 (line 655)
  0x000000010735b9e8: 1106 e950 

  0x000000010735b9ec: ;   {runtime_call throw_null_pointer_exception Runtime1 stub}
  0x000000010735b9ec: eaff ffe8 

  0x000000010735b9f0: ; ImmutableOopMap {rsi=Oop rdx=Oop rcx=Oop r8=Oop [192]=Oop [200]=Oop [208]=Oop [216]=Oop }
                      ;*invokevirtual reset {reexecute=0 rethrow=0 return_oop=0}
                      ; - ksp.org.jetbrains.kotlin.analysis.api.standalone.base.declarations.KotlinStandaloneDeclarationProviderKt::cloneStubRecursively@1 (line 655)
  0x000000010735b9f0: 8c32 1106 

  0x000000010735b9f4: ;   {runtime_call fast_new_instance Runtime1 stub}
  0x000000010735b9f4: 488b d2e8 

  0x000000010735b9f8: ; ImmutableOopMap {rbx=Oop r9=Oop [192]=Oop [200]=Oop [208]=Oop [216]=Oop }
                      ;*new {reexecute=0 rethrow=0 return_oop=0}
                      ; - ksp.org.jetbrains.kotlin.analysis.api.standalone.base.declarations.KotlinStandaloneDeclarationProviderKt::cloneStubRecursively@15 (line 660)
  0x000000010735b9f8: 843b 1106 | e9e8 eaff | ff4c 890c 

  0x000000010735ba04: ;   {runtime_call throw_class_cast_exception Runtime1 stub}
  0x000000010735ba04: 24e8 7656 

  0x000000010735ba08: ; ImmutableOopMap {rbx=Oop r9=Oop rax=Oop [192]=Oop [200]=Oop [208]=Oop [216]=Oop }
                      ;*checkcast {reexecute=0 rethrow=0 return_oop=0}
                      ; - ksp.org.jetbrains.kotlin.analysis.api.standalone.base.declarations.KotlinStandaloneDeclarationProviderKt::cloneStubRecursively@21 (line 662)
                      ;   {runtime_call throw_null_pointer_exception Runtime1 stub}
  0x000000010735ba08: 1106 e871 

  0x000000010735ba0c: ; ImmutableOopMap {rbx=Oop r9=Oop rax=Oop [192]=Oop [200]=Oop [208]=Oop [216]=Oop }
                      ;*invokevirtual getUpperBound {reexecute=0 rethrow=0 return_oop=0}
                      ; - ksp.org.jetbrains.kotlin.analysis.api.standalone.base.declarations.KotlinStandaloneDeclarationProviderKt::cloneStubRecursively@24 (line 662)
  0x000000010735ba0c: 3211 064c 

  0x000000010735ba10: ;   {runtime_call throw_class_cast_exception Runtime1 stub}
  0x000000010735ba10: 890c 24e8 

  0x000000010735ba14: ; ImmutableOopMap {rbx=Oop r9=Oop rax=Oop rcx=Oop [192]=Oop [200]=Oop [208]=Oop [216]=Oop }
                      ;*checkcast {reexecute=0 rethrow=0 return_oop=0}
                      ; - ksp.org.jetbrains.kotlin.analysis.api.standalone.base.declarations.KotlinStandaloneDeclarationProviderKt::cloneStubRecursively@28 (line 663)
  0x000000010735ba14: 6856 1106 

  0x000000010735ba18: ;   {runtime_call throw_null_pointer_exception Runtime1 stub}
  0x000000010735ba18: e863 3211 

  0x000000010735ba1c: ; ImmutableOopMap {rbx=Oop r9=Oop rax=Oop rcx=Oop [192]=Oop [200]=Oop [208]=Oop [216]=Oop }
                      ;*invokevirtual getAbbreviatedType {reexecute=0 rethrow=0 return_oop=0}
                      ; - ksp.org.jetbrains.kotlin.analysis.api.standalone.base.declarations.KotlinStandaloneDeclarationProviderKt::cloneStubRecursively@31 (line 663)
  0x000000010735ba1c: 0648 8bd2 

  0x000000010735ba20: ;   {runtime_call fast_new_instance Runtime1 stub}
  0x000000010735ba20: e85b 3b11 

  0x000000010735ba24: ; ImmutableOopMap {r8=Oop [192]=Oop [200]=Oop [208]=Oop [216]=Oop }
                      ;*new {reexecute=0 rethrow=0 return_oop=0}
                      ; - ksp.org.jetbrains.kotlin.analysis.api.standalone.base.declarations.KotlinStandaloneDeclarationProviderKt::cloneStubRecursively@51 (line 666)
  0x000000010735ba24: 06e9 07ec | ffff 4c89 

  0x000000010735ba2c: ;   {runtime_call throw_class_cast_exception Runtime1 stub}
  0x000000010735ba2c: 0424 e84d 

  0x000000010735ba30: ; ImmutableOopMap {r8=Oop rax=Oop [192]=Oop [200]=Oop [208]=Oop [216]=Oop [224]=Oop }
                      ;*checkcast {reexecute=0 rethrow=0 return_oop=0}
                      ; - ksp.org.jetbrains.kotlin.analysis.api.standalone.base.declarations.KotlinStandaloneDeclarationProviderKt::cloneStubRecursively@57 (line 668)
                      ;   {runtime_call throw_null_pointer_exception Runtime1 stub}
  0x000000010735ba30: 5611 06e8 

  0x000000010735ba34: ; ImmutableOopMap {r8=Oop rax=Oop [192]=Oop [200]=Oop [208]=Oop [216]=Oop [224]=Oop }
                      ;*invokevirtual getReferencedName {reexecute=0 rethrow=0 return_oop=0}
                      ; - ksp.org.jetbrains.kotlin.analysis.api.standalone.base.declarations.KotlinStandaloneDeclarationProviderKt::cloneStubRecursively@60 (line 668)
  0x000000010735ba34: 4832 1106 

  0x000000010735ba38: ;   {runtime_call throw_null_pointer_exception Runtime1 stub}
  0x000000010735ba38: e843 3211 

  0x000000010735ba3c: ; ImmutableOopMap {r8=Oop rax=Oop rsi=Oop [192]=Oop [200]=Oop [208]=Oop [216]=Oop [224]=Oop }
                      ;*invokevirtual getString {reexecute=0 rethrow=0 return_oop=0}
                      ; - ksp.org.jetbrains.kotlin.psi.stubs.impl.KotlinNameReferenceExpressionStubImpl::getReferencedName@4 (line 57)
                      ; - ksp.org.jetbrains.kotlin.analysis.api.standalone.base.declarations.KotlinStandaloneDeclarationProviderKt::cloneStubRecursively@60 (line 668)
  0x000000010735ba3c: 0648 8bd2 

  0x000000010735ba40: ;   {runtime_call fast_new_instance Runtime1 stub}
  0x000000010735ba40: e83b 3b11 

  0x000000010735ba44: ; ImmutableOopMap {rbx=Oop [192]=Oop [200]=Oop [208]=Oop [216]=Oop [224]=Oop [232]=Oop }
                      ;*new {reexecute=0 rethrow=0 return_oop=0}
                      ; - ksp.com.intellij.util.io.StringRef::fromString@8 (line 88)
                      ; - ksp.org.jetbrains.kotlin.analysis.api.standalone.base.declarations.KotlinStandaloneDeclarationProviderKt::cloneStubRecursively@63 (line 668)
  0x000000010735ba44: 06e9 ddec | ffff 8b78 | 1048 c1e7 | 0348 83ff | 000f 8416 | edff ff48 

  0x000000010735ba5c: ;   {runtime_call g1_pre_barrier_slow}
  0x000000010735ba5c: 893c 24e8 | 1c87 1106 | e908 edff | ff48 83fe | 000f 841d | edff ff48 

  0x000000010735ba74: ;   {runtime_call g1_post_barrier_slow}
  0x000000010735ba74: 8904 24e8 | 048a 1106 | e90f edff | ff8b 7014 | 48c1 e603 | 4883 fe00 | 0f84 12ed | ffff 4889 
  0x000000010735ba94: ;   {runtime_call g1_pre_barrier_slow}
  0x000000010735ba94: 3424 e8e5 | 8611 06e9 | 04ed ffff | 4889 3424 

  0x000000010735baa4: ;   {runtime_call throw_class_cast_exception Runtime1 stub}
  0x000000010735baa4: e8d7 5511 

  0x000000010735baa8: ; ImmutableOopMap {rdi=Oop rsi=Oop [192]=Oop [200]=Oop [208]=Oop [216]=Oop [224]=Oop }
                      ;*checkcast {reexecute=0 rethrow=0 return_oop=0}
                      ; - ksp.org.jetbrains.kotlin.analysis.api.standalone.base.declarations.KotlinStandaloneDeclarationProviderKt::cloneStubRecursively@67 (line 669)
                      ;   {runtime_call throw_null_pointer_exception Runtime1 stub}
  0x000000010735baa8: 06e8 d231 

  0x000000010735baac: ; ImmutableOopMap {rdi=Oop rsi=Oop [192]=Oop [200]=Oop [208]=Oop [216]=Oop [224]=Oop }
                      ;*invokevirtual isClassRef {reexecute=0 rethrow=0 return_oop=0}
                      ; - ksp.org.jetbrains.kotlin.analysis.api.standalone.base.declarations.KotlinStandaloneDeclarationProviderKt::cloneStubRecursively@70 (line 669)
  0x000000010735baac: 1106 8b70 | 2448 c1e6 | 0348 83fe | 000f 84a2 | edff ff48 

  0x000000010735bac0: ;   {runtime_call g1_pre_barrier_slow}
  0x000000010735bac0: 8934 24e8 | b886 1106 | e994 edff | ff48 83ff | 000f 84b1 | edff ff48 

  0x000000010735bad8: ;   {runtime_call g1_post_barrier_slow}
  0x000000010735bad8: 8904 24e8 | a089 1106 | e9a3 edff | ff48 8934 

  0x000000010735bae8: ;   {runtime_call throw_class_cast_exception Runtime1 stub}
  0x000000010735bae8: 24e8 9255 

  0x000000010735baec: ; ImmutableOopMap {rsi=Oop [192]=Oop [200]=Oop [208]=Oop [216]=Oop }
                      ;*checkcast {reexecute=0 rethrow=0 return_oop=0}
                      ; - ksp.org.jetbrains.kotlin.analysis.api.standalone.base.declarations.KotlinStandaloneDeclarationProviderKt::cloneStubRecursively@91 (line 673)
  0x000000010735baec: 1106 4889 

  0x000000010735baf0: ;   {runtime_call throw_class_cast_exception Runtime1 stub}
  0x000000010735baf0: 3424 e889 

  0x000000010735baf4: ; ImmutableOopMap {rsi=Oop [192]=Oop [200]=Oop [208]=Oop [216]=Oop [264]=Oop }
                      ;*checkcast {reexecute=0 rethrow=0 return_oop=0}
                      ; - ksp.org.jetbrains.kotlin.analysis.api.standalone.base.declarations.KotlinStandaloneDeclarationProviderKt::cloneStubRecursively@110 (line 674)
  0x000000010735baf4: 5511 0648 

  0x000000010735baf8: ;   {runtime_call fast_new_instance Runtime1 stub}
  0x000000010735baf8: 8bd2 e881 

  0x000000010735bafc: ; ImmutableOopMap {rbx=Oop [192]=Oop [200]=Oop [208]=Oop [216]=Oop [264]=Oop }
                      ;*new {reexecute=0 rethrow=0 return_oop=0}
                      ; - ksp.org.jetbrains.kotlin.analysis.api.standalone.base.declarations.KotlinStandaloneDeclarationProviderKt::cloneStubRecursively@113 (line 674)
  0x000000010735bafc: 3a11 06e9 | 37ef ffff 

  0x000000010735bb04: ;   {runtime_call fast_new_instance Runtime1 stub}
  0x000000010735bb04: 488b d2e8 

  0x000000010735bb08: ; ImmutableOopMap {r9=Oop r8=Oop r11=Oop r13=Oop [192]=Oop [200]=Oop [208]=Oop [216]=Oop [264]=Oop }
                      ;*new {reexecute=0 rethrow=0 return_oop=0}
                      ; - java.io.FilterOutputStream::<init>@5
                      ; - java.io.DataOutputStream::<init>@2
                      ; - ksp.com.intellij.util.io.DataOutputStream::<init>@2 (line 24)
                      ; - ksp.com.intellij.psi.stubs.StubOutputStream::<init>@18 (line 19)
                      ; - ksp.org.jetbrains.kotlin.analysis.api.standalone.base.declarations.KotlinStandaloneDeclarationProviderKt::cloneStubRecursively@122 (line 674)
  0x000000010735bb08: 743a 1106 | e91a f0ff | ff41 8b58 | 1448 c1e3 | 0348 83fb | 000f 8415 | f0ff ff48 

  0x000000010735bb24: ;   {runtime_call g1_pre_barrier_slow}
  0x000000010735bb24: 891c 24e8 | 5486 1106 | e907 f0ff | ff48 83f8 | 000f 841c | f0ff ff4c 

  0x000000010735bb3c: ;   {runtime_call g1_post_barrier_slow}
  0x000000010735bb3c: 8904 24e8 | 3c89 1106 | e90e f0ff | ff41 8b58 | 1048 c1e3 | 0348 83fb | 000f 8409 | f0ff ff48 
  0x000000010735bb5c: ;   {runtime_call g1_pre_barrier_slow}
  0x000000010735bb5c: 891c 24e8 | 1c86 1106 | e9fb efff | ff49 83fd | 000f 8410 | f0ff ff4c 

  0x000000010735bb74: ;   {runtime_call g1_post_barrier_slow}
  0x000000010735bb74: 8904 24e8 | 0489 1106 | e902 f0ff | ff41 8b58 | 1c48 c1e3 | 0348 83fb | 000f 84fd | efff ff48 
  0x000000010735bb94: ;   {runtime_call g1_pre_barrier_slow}
  0x000000010735bb94: 891c 24e8 | e485 1106 | e9ef efff 

  0x000000010735bba0: ;   {runtime_call new_type_array Runtime1 stub}
  0x000000010735bba0: ffe8 da3f 

  0x000000010735bba4: ; ImmutableOopMap {r9=Oop r8=Oop r11=Oop r13=Oop [192]=Oop [200]=Oop [208]=Oop [216]=Oop [264]=Oop }
                      ;*newarray {reexecute=0 rethrow=0 return_oop=0}
                      ; - java.io.DataOutputStream::<init>@13
                      ; - ksp.com.intellij.util.io.DataOutputStream::<init>@2 (line 24)
                      ; - ksp.com.intellij.psi.stubs.StubOutputStream::<init>@18 (line 19)
                      ; - ksp.org.jetbrains.kotlin.analysis.api.standalone.base.declarations.KotlinStandaloneDeclarationProviderKt::cloneStubRecursively@122 (line 674)
  0x000000010735bba4: 1106 e97b | f0ff ff41 | 8b50 2048 | c1e2 0348 | 83fa 000f | 8476 f0ff | ff48 8914 

  0x000000010735bbc0: ;   {runtime_call g1_pre_barrier_slow}
  0x000000010735bbc0: 24e8 ba85 | 1106 e968 | f0ff ff48 | 83f8 000f | 847d f0ff | ff4c 8904 

  0x000000010735bbd8: ;   {runtime_call g1_post_barrier_slow}
  0x000000010735bbd8: 24e8 a288 | 1106 e96f | f0ff ff41 | 8b50 2448 | c1e2 0348 | 83fa 000f | 846a f0ff | ff48 8914 
  0x000000010735bbf8: ;   {runtime_call g1_pre_barrier_slow}
  0x000000010735bbf8: 24e8 8285 | 1106 e95c | f0ff ff49 | 83f9 000f | 8471 f0ff | ff4c 8904 

  0x000000010735bc10: ;   {runtime_call g1_post_barrier_slow}
  0x000000010735bc10: 24e8 6a88 | 1106 e963 | f0ff ff48 

  0x000000010735bc1c: ;   {runtime_call fast_new_instance Runtime1 stub}
  0x000000010735bc1c: 8bd2 e85d 

  0x000000010735bc20: ; ImmutableOopMap {[192]=Oop [200]=Oop [208]=Oop [216]=Oop [264]=Oop }
                      ;*new {reexecute=0 rethrow=0 return_oop=0}
                      ; - ksp.org.jetbrains.kotlin.analysis.api.standalone.base.declarations.KotlinStandaloneDeclarationProviderKt::cloneStubRecursively@130 (line 675)
  0x000000010735bc20: 3911 06e9 | d4f0 ffff | 418b 580c | 48c1 e303 | 4883 fb00 | 0f84 8ff1 | ffff 4889 

  0x000000010735bc3c: ;   {runtime_call g1_pre_barrier_slow}
  0x000000010735bc3c: 1c24 e83d | 8511 06e9 | 81f1 ffff | 4883 f800 | 0f84 9cf1 | ffff 4c89 

  0x000000010735bc54: ;   {runtime_call g1_post_barrier_slow}
  0x000000010735bc54: 0424 e825 | 8811 06e9 | 8ef1 ffff 

  0x000000010735bc60: ;   {runtime_call new_type_array Runtime1 stub}
  0x000000010735bc60: e81b 3f11 

  0x000000010735bc64: ; ImmutableOopMap {r11=Oop r8=Oop r9=Oop r13=Oop [192]=Oop [200]=Oop [208]=Oop [216]=Oop }
                      ;*newarray {reexecute=0 rethrow=0 return_oop=0}
                      ; - java.io.DataInputStream::<init>@8
                      ; - ksp.com.intellij.psi.stubs.StubInputStream::<init>@18 (line 21)
                      ; - ksp.org.jetbrains.kotlin.analysis.api.standalone.base.declarations.KotlinStandaloneDeclarationProviderKt::cloneStubRecursively@139 (line 675)
  0x000000010735bc64: 06e9 15f2 | ffff 418b | 5010 48c1 | e203 4883 | fa00 0f84 | 10f2 ffff | 4889 1424 

  0x000000010735bc80: ;   {runtime_call g1_pre_barrier_slow}
  0x000000010735bc80: e8fb 8411 | 06e9 02f2 | ffff 4883 | f800 0f84 | 17f2 ffff | 4c89 0424 

  0x000000010735bc98: ;   {runtime_call g1_post_barrier_slow}
  0x000000010735bc98: e8e3 8711 | 06e9 09f2 | ffff 418b | 5014 48c1 | e203 4883 | fa00 0f84 | 04f2 ffff | 4889 1424 
  0x000000010735bcb8: ;   {runtime_call g1_pre_barrier_slow}
  0x000000010735bcb8: e8c3 8411 | 06e9 f6f1 | ffff 4883 | fa00 0f84 | 1cf2 ffff | 4c89 0424 

  0x000000010735bcd0: ;   {runtime_call g1_post_barrier_slow}
  0x000000010735bcd0: e8ab 8711 | 06e9 0ef2 | ffff 418b | 5018 48c1 | e203 4883 | fa00 0f84 | 09f2 ffff | 4889 1424 
  0x000000010735bcf0: ;   {runtime_call g1_pre_barrier_slow}
  0x000000010735bcf0: e88b 8411 | 06e9 fbf1 | ffff 4883 | fa00 0f84 | 21f2 ffff | 4c89 0424 

  0x000000010735bd08: ;   {runtime_call g1_post_barrier_slow}
  0x000000010735bd08: e873 8711 | 06e9 13f2 | ffff 418b | 5020 48c1 | e203 4883 | fa00 0f84 | 0ef2 ffff | 4889 1424 
  0x000000010735bd28: ;   {runtime_call g1_pre_barrier_slow}
  0x000000010735bd28: e853 8411 | 06e9 00f2 | ffff 4983 | f900 0f84 | 15f2 ffff | 4c89 0424 

  0x000000010735bd40: ;   {runtime_call g1_post_barrier_slow}
  0x000000010735bd40: e83b 8711 | 06e9 07f2 | ffff 4c89 

  0x000000010735bd4c: ;   {runtime_call throw_class_cast_exception Runtime1 stub}
  0x000000010735bd4c: 2c24 e82d 

  0x000000010735bd50: ; ImmutableOopMap {r11=Oop r8=Oop r9=Oop [192]=Oop [200]=Oop [208]=Oop }
                      ;*checkcast {reexecute=0 rethrow=0 return_oop=0}
                      ; - ksp.org.jetbrains.kotlin.analysis.api.standalone.base.declarations.KotlinStandaloneDeclarationProviderKt::cloneStubRecursively@143 (line 675)
  0x000000010735bd50: 5311 0648 

  0x000000010735bd54: ;   {runtime_call throw_class_cast_exception Runtime1 stub}
  0x000000010735bd54: 8904 24e8 

  0x000000010735bd58: ; ImmutableOopMap {[192]=Oop [200]=Oop [208]=Oop }
                      ;*checkcast {reexecute=0 rethrow=0 return_oop=0}
                      ; - ksp.org.jetbrains.kotlin.analysis.api.standalone.base.declarations.KotlinStandaloneDeclarationProviderKt::cloneStubRecursively@149 (line 675)
  0x000000010735bd58: 2453 1106 | 4889 3424 

  0x000000010735bd60: ;   {runtime_call throw_class_cast_exception Runtime1 stub}
  0x000000010735bd60: e81b 5311 

  0x000000010735bd64: ; ImmutableOopMap {rax=Oop rsi=Oop [192]=Oop [200]=Oop [208]=Oop [216]=Oop }
                      ;*checkcast {reexecute=0 rethrow=0 return_oop=0}
                      ; - ksp.org.jetbrains.kotlin.analysis.api.standalone.base.declarations.KotlinStandaloneDeclarationProviderKt::cloneStubRecursively@166 (line 680)
  0x000000010735bd64: 0648 8bd2 

  0x000000010735bd68: ;   {runtime_call fast_new_instance Runtime1 stub}
  0x000000010735bd68: e813 3811 

  0x000000010735bd6c: ; ImmutableOopMap {rbx=Oop [192]=Oop [200]=Oop [208]=Oop [216]=Oop [320]=Oop }
                      ;*new {reexecute=0 rethrow=0 return_oop=0}
                      ; - ksp.org.jetbrains.kotlin.analysis.api.standalone.base.declarations.KotlinStandaloneDeclarationProviderKt::cloneStubRecursively@169 (line 680)
  0x000000010735bd6c: 06e9 81f3 | ffff 488b 

  0x000000010735bd74: ;   {runtime_call fast_new_instance Runtime1 stub}
  0x000000010735bd74: d2e8 0638 

  0x000000010735bd78: ; ImmutableOopMap {r9=Oop r11=Oop r8=Oop r13=Oop [192]=Oop [200]=Oop [208]=Oop [216]=Oop [320]=Oop }
                      ;*new {reexecute=0 rethrow=0 return_oop=0}
                      ; - java.io.FilterOutputStream::<init>@5
                      ; - java.io.DataOutputStream::<init>@2
                      ; - ksp.com.intellij.util.io.DataOutputStream::<init>@2 (line 24)
                      ; - ksp.com.intellij.psi.stubs.StubOutputStream::<init>@18 (line 19)
                      ; - ksp.org.jetbrains.kotlin.analysis.api.standalone.base.declarations.KotlinStandaloneDeclarationProviderKt::cloneStubRecursively@178 (line 680)
  0x000000010735bd78: 1106 e964 | f4ff ff41 | 8b58 1448 | c1e3 0348 | 83fb 000f | 845f f4ff | ff48 891c 

  0x000000010735bd94: ;   {runtime_call g1_pre_barrier_slow}
  0x000000010735bd94: 24e8 e683 | 1106 e951 | f4ff ff48 | 83f8 000f | 8466 f4ff | ff4c 8904 

  0x000000010735bdac: ;   {runtime_call g1_post_barrier_slow}
  0x000000010735bdac: 24e8 ce86 | 1106 e958 | f4ff ff41 | 8b58 1048 | c1e3 0348 | 83fb 000f | 8453 f4ff | ff48 891c 
  0x000000010735bdcc: ;   {runtime_call g1_pre_barrier_slow}
  0x000000010735bdcc: 24e8 ae83 | 1106 e945 | f4ff ff49 | 83fd 000f | 845a f4ff | ff4c 8904 

  0x000000010735bde4: ;   {runtime_call g1_post_barrier_slow}
  0x000000010735bde4: 24e8 9686 | 1106 e94c | f4ff ff41 | 8b58 1c48 | c1e3 0348 | 83fb 000f | 8447 f4ff | ff48 891c 
  0x000000010735be04: ;   {runtime_call g1_pre_barrier_slow}
  0x000000010735be04: 24e8 7683 | 1106 e939 

  0x000000010735be0c: ;   {runtime_call new_type_array Runtime1 stub}
  0x000000010735be0c: f4ff ffe8 

  0x000000010735be10: ; ImmutableOopMap {r9=Oop r11=Oop r8=Oop r13=Oop [192]=Oop [200]=Oop [208]=Oop [216]=Oop [320]=Oop }
                      ;*newarray {reexecute=0 rethrow=0 return_oop=0}
                      ; - java.io.DataOutputStream::<init>@13
                      ; - ksp.com.intellij.util.io.DataOutputStream::<init>@2 (line 24)
                      ; - ksp.com.intellij.psi.stubs.StubOutputStream::<init>@18 (line 19)
                      ; - ksp.org.jetbrains.kotlin.analysis.api.standalone.base.declarations.KotlinStandaloneDeclarationProviderKt::cloneStubRecursively@178 (line 680)
  0x000000010735be10: 6c3d 1106 | e9c5 f4ff | ff41 8b50 | 2048 c1e2 | 0348 83fa | 000f 84c0 | f4ff ff48 

  0x000000010735be2c: ;   {runtime_call g1_pre_barrier_slow}
  0x000000010735be2c: 8914 24e8 | 4c83 1106 | e9b2 f4ff | ff48 83f8 | 000f 84c7 | f4ff ff4c 

  0x000000010735be44: ;   {runtime_call g1_post_barrier_slow}
  0x000000010735be44: 8904 24e8 | 3486 1106 | e9b9 f4ff | ff41 8b50 | 2448 c1e2 | 0348 83fa | 000f 84b4 | f4ff ff48 
  0x000000010735be64: ;   {runtime_call g1_pre_barrier_slow}
  0x000000010735be64: 8914 24e8 | 1483 1106 | e9a6 f4ff | ff49 83f9 | 000f 84bb | f4ff ff4c 

  0x000000010735be7c: ;   {runtime_call g1_post_barrier_slow}
  0x000000010735be7c: 8904 24e8 | fc85 1106 | e9ad f4ff | ff48 8bd2 

  0x000000010735be8c: ;   {runtime_call fast_new_instance Runtime1 stub}
  0x000000010735be8c: e8ef 3611 

  0x000000010735be90: ; ImmutableOopMap {[192]=Oop [200]=Oop [208]=Oop [216]=Oop [320]=Oop }
                      ;*new {reexecute=0 rethrow=0 return_oop=0}
                      ; - ksp.org.jetbrains.kotlin.analysis.api.standalone.base.declarations.KotlinStandaloneDeclarationProviderKt::cloneStubRecursively@186 (line 681)
  0x000000010735be90: 06e9 1ef5 | ffff 418b | 580c 48c1 | e303 4883 | fb00 0f84 | d9f5 ffff | 4889 1c24 

  0x000000010735beac: ;   {runtime_call g1_pre_barrier_slow}
  0x000000010735beac: e8cf 8211 | 06e9 cbf5 | ffff 4883 | f800 0f84 | e6f5 ffff | 4c89 0424 

  0x000000010735bec4: ;   {runtime_call g1_post_barrier_slow}
  0x000000010735bec4: e8b7 8511 | 06e9 d8f5 

  0x000000010735becc: ;   {runtime_call new_type_array Runtime1 stub}
  0x000000010735becc: ffff e8ad 

  0x000000010735bed0: ; ImmutableOopMap {r9=Oop r8=Oop r13=Oop r11=Oop [192]=Oop [200]=Oop [208]=Oop [216]=Oop }
                      ;*newarray {reexecute=0 rethrow=0 return_oop=0}
                      ; - java.io.DataInputStream::<init>@8
                      ; - ksp.com.intellij.psi.stubs.StubInputStream::<init>@18 (line 21)
                      ; - ksp.org.jetbrains.kotlin.analysis.api.standalone.base.declarations.KotlinStandaloneDeclarationProviderKt::cloneStubRecursively@195 (line 681)
  0x000000010735bed0: 3c11 06e9 | 5cf6 ffff | 418b 5010 | 48c1 e203 | 4883 fa00 | 0f84 57f6 | ffff 4889 

  0x000000010735beec: ;   {runtime_call g1_pre_barrier_slow}
  0x000000010735beec: 1424 e88d | 8211 06e9 | 49f6 ffff | 4883 f800 | 0f84 5ef6 | ffff 4c89 

  0x000000010735bf04: ;   {runtime_call g1_post_barrier_slow}
  0x000000010735bf04: 0424 e875 | 8511 06e9 | 50f6 ffff | 418b 5014 | 48c1 e203 | 4883 fa00 | 0f84 4bf6 | ffff 4889 
  0x000000010735bf24: ;   {runtime_call g1_pre_barrier_slow}
  0x000000010735bf24: 1424 e855 | 8211 06e9 | 3df6 ffff | 4883 fa00 | 0f84 63f6 | ffff 4c89 

  0x000000010735bf3c: ;   {runtime_call g1_post_barrier_slow}
  0x000000010735bf3c: 0424 e83d | 8511 06e9 | 55f6 ffff | 418b 5018 | 48c1 e203 | 4883 fa00 | 0f84 50f6 | ffff 4889 
  0x000000010735bf5c: ;   {runtime_call g1_pre_barrier_slow}
  0x000000010735bf5c: 1424 e81d | 8211 06e9 | 42f6 ffff | 4883 fa00 | 0f84 68f6 | ffff 4c89 

  0x000000010735bf74: ;   {runtime_call g1_post_barrier_slow}
  0x000000010735bf74: 0424 e805 | 8511 06e9 | 5af6 ffff | 418b 5020 | 48c1 e203 | 4883 fa00 | 0f84 55f6 | ffff 4889 
  0x000000010735bf94: ;   {runtime_call g1_pre_barrier_slow}
  0x000000010735bf94: 1424 e8e5 | 8111 06e9 | 47f6 ffff | 4983 f900 | 0f84 5cf6 | ffff 4c89 

  0x000000010735bfac: ;   {runtime_call g1_post_barrier_slow}
  0x000000010735bfac: 0424 e8cd | 8411 06e9 | 4ef6 ffff | 4c89 1c24 

  0x000000010735bfbc: ;   {runtime_call throw_class_cast_exception Runtime1 stub}
  0x000000010735bfbc: e8bf 5011 

  0x000000010735bfc0: ; ImmutableOopMap {r9=Oop r8=Oop r13=Oop [192]=Oop [200]=Oop [208]=Oop }
                      ;*checkcast {reexecute=0 rethrow=0 return_oop=0}
                      ; - ksp.org.jetbrains.kotlin.analysis.api.standalone.base.declarations.KotlinStandaloneDeclarationProviderKt::cloneStubRecursively@199 (line 681)
  0x000000010735bfc0: 0648 8904 

  0x000000010735bfc4: ;   {runtime_call throw_class_cast_exception Runtime1 stub}
  0x000000010735bfc4: 24e8 b650 

  0x000000010735bfc8: ; ImmutableOopMap {[192]=Oop [200]=Oop [208]=Oop }
                      ;*checkcast {reexecute=0 rethrow=0 return_oop=0}
                      ; - ksp.org.jetbrains.kotlin.analysis.api.standalone.base.declarations.KotlinStandaloneDeclarationProviderKt::cloneStubRecursively@205 (line 681)
                      ;   {runtime_call throw_incompatible_class_change_error Runtime1 stub}
  0x000000010735bfc8: 1106 e8b1 

  0x000000010735bfcc: ; ImmutableOopMap {rsi=Oop [192]=Oop [200]=Oop [208]=Oop [344]=Oop }
                      ;*invokeinterface getChildrenStubs {reexecute=0 rethrow=0 return_oop=0}
                      ; - ksp.org.jetbrains.kotlin.analysis.api.standalone.base.declarations.KotlinStandaloneDeclarationProviderKt::cloneStubRecursively@211 (line 685)
                      ;   {runtime_call throw_null_pointer_exception Runtime1 stub}
  0x000000010735bfcc: 5311 06e8 

  0x000000010735bfd0: ; ImmutableOopMap {rsi=Oop [192]=Oop [200]=Oop [208]=Oop [344]=Oop }
                      ;*invokeinterface getChildrenStubs {reexecute=0 rethrow=0 return_oop=0}
                      ; - ksp.org.jetbrains.kotlin.analysis.api.standalone.base.declarations.KotlinStandaloneDeclarationProviderKt::cloneStubRecursively@211 (line 685)
  0x000000010735bfd0: ac2c 1106 

  0x000000010735bfd4: ;   {runtime_call throw_null_pointer_exception Runtime1 stub}
  0x000000010735bfd4: e8a7 2c11 

  0x000000010735bfd8: ; ImmutableOopMap {rdi=Oop [200]=Oop [208]=Oop [344]=Oop }
                      ;*invokevirtual getChildrenStubs {reexecute=0 rethrow=0 return_oop=0}
                      ; - ksp.com.intellij.psi.stubs.StubBase::getChildrenStubs@8 (line 53)
                      ; - ksp.org.jetbrains.kotlin.analysis.api.standalone.base.declarations.KotlinStandaloneDeclarationProviderKt::cloneStubRecursively@211 (line 685)
  0x000000010735bfd8: 0648 8904 

  0x000000010735bfdc: ;   {runtime_call throw_class_cast_exception Runtime1 stub}
  0x000000010735bfdc: 24e8 9e50 

  0x000000010735bfe0: ; ImmutableOopMap {[200]=Oop [208]=Oop [344]=Oop [360]=Oop }
                      ;*checkcast {reexecute=0 rethrow=0 return_oop=0}
                      ; - ksp.org.jetbrains.kotlin.analysis.api.standalone.base.declarations.KotlinStandaloneDeclarationProviderKt::cloneStubRecursively@240 (line 685)
                      ;   {metadata({method} {0x0000000127f4a898} 'cloneStubRecursively' '(Lksp/com/intellij/psi/stubs/StubElement;Lksp/com/intellij/psi/stubs/StubElement;Lksp/com/intellij/util/io/UnsyncByteArrayOutputStream;Lksp/com/intellij/util/io/AbstractStringEnumerator;)Lksp/com/intellij/psi/stubs/StubElement;' in 'ksp/org/jetbrains/kotlin/analysis/api/standalone/base/declarations/KotlinStandaloneDeclarationProviderKt')}
  0x000000010735bfe0: 1106 49ba | 98a8 f427 | 0100 0000 | 4c89 5424 | 0848 c704 | 2404 0100 

  0x000000010735bff8: ;   {runtime_call counter_overflow Runtime1 stub}
  0x000000010735bff8: 00e8 827b 

  0x000000010735bffc: ; ImmutableOopMap {[200]=Oop [208]=Oop [344]=Oop [360]=Oop }
                      ;*goto {reexecute=1 rethrow=0 return_oop=0}
                      ; - (reexecute) ksp.org.jetbrains.kotlin.analysis.api.standalone.base.declarations.KotlinStandaloneDeclarationProviderKt::cloneStubRecursively@260 (line 686)
  0x000000010735bffc: 1106 e95a | f8ff ff48 

  0x000000010735c004: ;   {runtime_call fast_new_instance Runtime1 stub}
  0x000000010735c004: 8bd2 e875 

  0x000000010735c008: ; ImmutableOopMap {[200]=Oop [208]=Oop [344]=Oop [360]=Oop [376]=Oop }
                      ;*new {reexecute=0 rethrow=0 return_oop=0}
                      ; - kotlin.jvm.internal.Intrinsics::throwJavaNpe@0 (line 45)
                      ; - kotlin.jvm.internal.Intrinsics::checkNotNull@4 (line 25)
                      ; - ksp.org.jetbrains.kotlin.analysis.api.standalone.base.declarations.KotlinStandaloneDeclarationProviderKt::cloneStubRecursively@247 (line 686)
  0x000000010735c008: 3511 06e9 | e5f8 ffff 

  0x000000010735c010: ;   {runtime_call throw_null_pointer_exception Runtime1 stub}
  0x000000010735c010: e86b 2c11 

  0x000000010735c014: ; ImmutableOopMap {[200]=Oop [208]=Oop [344]=Oop [360]=Oop [368]=Oop [376]=Oop }
                      ;*getfield name {reexecute=1 rethrow=0 return_oop=0}
                      ; - (reexecute) java.lang.Class::getName@1
                      ; - kotlin.jvm.internal.Intrinsics::sanitizeStackTrace@3 (line 253)
                      ; - kotlin.jvm.internal.Intrinsics::throwJavaNpe@7 (line 45)
                      ; - kotlin.jvm.internal.Intrinsics::checkNotNull@4 (line 25)
                      ; - ksp.org.jetbrains.kotlin.analysis.api.standalone.base.declarations.KotlinStandaloneDeclarationProviderKt::cloneStubRecursively@247 (line 686)
                      ;   {internal_word}
  0x000000010735c014: 0649 ba43 | b935 0701 | 0000 004d | 8997 6804 

  0x000000010735c024: ;   {runtime_call SafepointBlob}
  0x000000010735c024: 0000 e9d5 | ef05 0648 

  0x000000010735c02c: ;   {runtime_call throw_class_cast_exception Runtime1 stub}
  0x000000010735c02c: 8904 24e8 

  0x000000010735c030: ; ImmutableOopMap {[200]=Oop [208]=Oop [344]=Oop [360]=Oop [376]=Oop }
                      ;*checkcast {reexecute=0 rethrow=0 return_oop=0}
                      ; - kotlin.jvm.internal.Intrinsics::throwJavaNpe@10 (line 45)
                      ; - kotlin.jvm.internal.Intrinsics::checkNotNull@4 (line 25)
                      ; - ksp.org.jetbrains.kotlin.analysis.api.standalone.base.declarations.KotlinStandaloneDeclarationProviderKt::cloneStubRecursively@247 (line 686)
  0x000000010735c030: 4c50 1106 

  0x000000010735c034: ;   {runtime_call throw_null_pointer_exception Runtime1 stub}
  0x000000010735c034: e847 2c11 

  0x000000010735c038: ; ImmutableOopMap {rax=Oop [200]=Oop [208]=Oop [344]=Oop [360]=Oop [376]=Oop }
                      ;*athrow {reexecute=1 rethrow=0 return_oop=0}
                      ; - (reexecute) kotlin.jvm.internal.Intrinsics::throwJavaNpe@13 (line 45)
                      ; - kotlin.jvm.internal.Intrinsics::checkNotNull@4 (line 25)
                      ; - ksp.org.jetbrains.kotlin.analysis.api.standalone.base.declarations.KotlinStandaloneDeclarationProviderKt::cloneStubRecursively@247 (line 686)
  0x000000010735c038: 0649 8b87 | 0005 0000 | 49c7 8700 | 0500 0000 | 0000 0049 | c787 0805 | 0000 0000 | 0000 4881 
  0x000000010735c058: c490 0100 

  0x000000010735c05c: ;   {runtime_call unwind_exception Runtime1 stub}
  0x000000010735c05c: 005d e91d | 1d11 06f4 | f4f4 f4f4 
[Stub Code]
  0x000000010735c068: ;   {no_reloc}
  0x000000010735c068: 0f1f 4400 

  0x000000010735c06c: ;   {static_stub}
  0x000000010735c06c: 0048 bb00 | 0000 0000 

  0x000000010735c074: ;   {runtime_call nmethod}
  0x000000010735c074: 0000 00e9 | fbff ffff 

  0x000000010735c07c: ;   {static_stub}
  0x000000010735c07c: 9048 bb00 | 0000 0000 

  0x000000010735c084: ;   {runtime_call nmethod}
  0x000000010735c084: 0000 00e9 | fbff ffff 

  0x000000010735c08c: ;   {static_stub}
  0x000000010735c08c: 9048 bb00 | 0000 0000 

  0x000000010735c094: ;   {runtime_call nmethod}
  0x000000010735c094: 0000 00e9 | fbff ffff 

  0x000000010735c09c: ;   {static_stub}
  0x000000010735c09c: 9048 bb00 | 0000 0000 

  0x000000010735c0a4: ;   {runtime_call nmethod}
  0x000000010735c0a4: 0000 00e9 | fbff ffff 

  0x000000010735c0ac: ;   {static_stub}
  0x000000010735c0ac: 9048 bb00 | 0000 0000 

  0x000000010735c0b4: ;   {runtime_call nmethod}
  0x000000010735c0b4: 0000 00e9 | fbff ffff 

  0x000000010735c0bc: ;   {static_stub}
  0x000000010735c0bc: 9048 bb00 | 0000 0000 

  0x000000010735c0c4: ;   {runtime_call nmethod}
  0x000000010735c0c4: 0000 00e9 | fbff ffff 

  0x000000010735c0cc: ;   {static_stub}
  0x000000010735c0cc: 9048 bb00 | 0000 0000 

  0x000000010735c0d4: ;   {runtime_call nmethod}
  0x000000010735c0d4: 0000 00e9 | fbff ffff 

  0x000000010735c0dc: ;   {static_stub}
  0x000000010735c0dc: 9048 bb00 | 0000 0000 

  0x000000010735c0e4: ;   {runtime_call nmethod}
  0x000000010735c0e4: 0000 00e9 | fbff ffff 

  0x000000010735c0ec: ;   {static_stub}
  0x000000010735c0ec: 9048 bb00 | 0000 0000 

  0x000000010735c0f4: ;   {runtime_call nmethod}
  0x000000010735c0f4: 0000 00e9 | fbff ffff 

  0x000000010735c0fc: ;   {static_stub}
  0x000000010735c0fc: 9048 bb00 | 0000 0000 

  0x000000010735c104: ;   {runtime_call nmethod}
  0x000000010735c104: 0000 00e9 | fbff ffff 

  0x000000010735c10c: ;   {static_stub}
  0x000000010735c10c: 9048 bb00 | 0000 0000 

  0x000000010735c114: ;   {runtime_call nmethod}
  0x000000010735c114: 0000 00e9 | fbff ffff 

  0x000000010735c11c: ;   {static_stub}
  0x000000010735c11c: 9048 bb00 | 0000 0000 

  0x000000010735c124: ;   {runtime_call nmethod}
  0x000000010735c124: 0000 00e9 | fbff ffff 

  0x000000010735c12c: ;   {static_stub}
  0x000000010735c12c: 48bb 0000 | 0000 0000 

  0x000000010735c134: ;   {runtime_call nmethod}
  0x000000010735c134: 0000 e9fb 

  0x000000010735c138: ;   {static_stub}
  0x000000010735c138: ffff ff48 | bb00 0000 | 0000 0000 

  0x000000010735c144: ;   {runtime_call nmethod}
  0x000000010735c144: 00e9 fbff 

  0x000000010735c148: ;   {static_stub}
  0x000000010735c148: ffff 48bb | 0000 0000 | 0000 0000 

  0x000000010735c154: ;   {runtime_call nmethod}
  0x000000010735c154: e9fb ffff 

  0x000000010735c158: ;   {static_stub}
  0x000000010735c158: ff48 bb00 | 0000 0000 

  0x000000010735c160: ;   {runtime_call nmethod}
  0x000000010735c160: 0000 00e9 | fbff ffff 

  0x000000010735c168: ;   {static_stub}
  0x000000010735c168: 48bb 0000 | 0000 0000 

  0x000000010735c170: ;   {runtime_call nmethod}
  0x000000010735c170: 0000 e9fb 

  0x000000010735c174: ;   {static_stub}
  0x000000010735c174: ffff ff48 | bb00 0000 | 0000 0000 

  0x000000010735c180: ;   {runtime_call nmethod}
  0x000000010735c180: 00e9 fbff 

  0x000000010735c184: ;   {static_stub}
  0x000000010735c184: ffff 48bb | 0000 0000 | 0000 0000 

  0x000000010735c190: ;   {runtime_call nmethod}
  0x000000010735c190: e9fb ffff 

  0x000000010735c194: ;   {static_stub}
  0x000000010735c194: ff48 bb00 | 0000 0000 

  0x000000010735c19c: ;   {runtime_call nmethod}
  0x000000010735c19c: 0000 00e9 | fbff ffff 

  0x000000010735c1a4: ;   {static_stub}
  0x000000010735c1a4: 48bb 0000 | 0000 0000 

  0x000000010735c1ac: ;   {runtime_call nmethod}
  0x000000010735c1ac: 0000 e9fb 

  0x000000010735c1b0: ;   {static_stub}
  0x000000010735c1b0: ffff ff48 | bb00 0000 | 0000 0000 

  0x000000010735c1bc: ;   {runtime_call nmethod}
  0x000000010735c1bc: 00e9 fbff 

  0x000000010735c1c0: ;   {static_stub}
  0x000000010735c1c0: ffff 48bb | 0000 0000 | 0000 0000 

  0x000000010735c1cc: ;   {runtime_call nmethod}
  0x000000010735c1cc: e9fb ffff 

  0x000000010735c1d0: ;   {static_stub}
  0x000000010735c1d0: ff48 bb00 | 0000 0000 

  0x000000010735c1d8: ;   {runtime_call nmethod}
  0x000000010735c1d8: 0000 00e9 | fbff ffff 

  0x000000010735c1e0: ;   {static_stub}
  0x000000010735c1e0: 48bb 0000 | 0000 0000 

  0x000000010735c1e8: ;   {runtime_call nmethod}
  0x000000010735c1e8: 0000 e9fb 

  0x000000010735c1ec: ;   {runtime_call handle_exception_from_callee Runtime1 stub}
  0x000000010735c1ec: ffff ffe8 | 8c48 1106 

  0x000000010735c1f4: ;   {external_word}
  0x000000010735c1f4: 48bf 67c2 | 5502 0100 | 0000 4883 

  0x000000010735c200: ;   {runtime_call MacroAssembler::debug64(char*, long long, long long*)}
  0x000000010735c200: e4f0 e8b9 | 1dec faf4 
[Deopt Handler Code]
  0x000000010735c208: ;   {section_word}
  0x000000010735c208: 49ba 08c2 | 3507 0100 | 0000 4152 

  0x000000010735c214: ;   {runtime_call DeoptimizationBlob}
  0x000000010735c214: e987 e005 | 06f4 f4f4 | f4f4 f4f4 
[/MachCode]


---------------  P R O C E S S  ---------------

Threads class SMR info:
_java_thread_list=0x0000600002c930e0, length=69, elements={
0x00007fbf67009200, 0x00007fbf680c7200, 0x00007fbf69028600, 0x00007fbf6780b000,
0x00007fbf67808600, 0x00007fbf68014200, 0x00007fbf68014a00, 0x00007fbf6704ca00,
0x00007fbf6704d200, 0x00007fbf68162c00, 0x00007fbf6c2e8a00, 0x00007fbf6ae72c00,
0x00007fbf6c494e00, 0x00007fbf6ae7c600, 0x00007fbf6c4a6800, 0x00007fbf6b3bc400,
0x00007fbf6903b000, 0x00007fbf6d969800, 0x00007fbf6d973600, 0x00007fbf6dd9e800,
0x00007fbf6cf2e200, 0x00007fbf683f5c00, 0x00007fbf6db10400, 0x00007fbf6c7afa00,
0x00007fbf6faeaa00, 0x00007fbf71dffa00, 0x00007fbf6c463e00, 0x00007fbf71912000,
0x00007fbf71910c00, 0x00007fbf717fb400, 0x00007fbf72055600, 0x00007fbf67b65a00,
0x00007fbf6c503e00, 0x00007fbf6c504600, 0x00007fbf6c505a00, 0x00007fbf6db4f000,
0x00007fbf714e0e00, 0x00007fbf6f8df400, 0x00007fbf71eaa800, 0x00007fbf683c5e00,
0x00007fbf687e2200, 0x00007fbf67fd8800, 0x00007fbf71c50400, 0x00007fbf7278dc00,
0x00007fbf6dc5d400, 0x00007fbf6cb12a00, 0x00007fbf71c93200, 0x00007fbf683a9800,
0x00007fbf714e0600, 0x00007fbf6d989600, 0x00007fbf6df4ba00, 0x00007fbf714fbe00,
0x00007fbf6862d200, 0x00007fbf71246000, 0x00007fbf67a20e00, 0x00007fbf6db05200,
0x00007fbf6824da00, 0x00007fbf6db93c00, 0x00007fbf6cfcd800, 0x00007fbf68762000,
0x00007fbf67848800, 0x00007fbf6facda00, 0x00007fbf687a6200, 0x00007fbf687a6a00,
0x00007fbf683a6c00, 0x00007fbf71698600, 0x00007fbf683a7400, 0x00007fbf6d844200,
0x00007fbf67b69a00
}

Java Threads: ( => current thread )
  0x00007fbf67009200 JavaThread "main"                              [_thread_blocked, id=8707, stack(0x0000700000902000,0x0000700000a02000) (1024K)]
  0x00007fbf680c7200 JavaThread "Common-Cleaner"             daemon [_thread_blocked, id=24067, stack(0x0000700001220000,0x0000700001320000) (1024K)]
  0x00007fbf69028600 JavaThread "Reference Handler"          daemon [_thread_blocked, id=29187, stack(0x0000700001323000,0x0000700001423000) (1024K)]
  0x00007fbf6780b000 JavaThread "Finalizer"                  daemon [_thread_blocked, id=24579, stack(0x0000700001426000,0x0000700001526000) (1024K)]
  0x00007fbf67808600 JavaThread "Signal Dispatcher"          daemon [_thread_blocked, id=28419, stack(0x0000700001529000,0x0000700001629000) (1024K)]
  0x00007fbf68014200 JavaThread "Service Thread"             daemon [_thread_blocked, id=25091, stack(0x000070000162c000,0x000070000172c000) (1024K)]
  0x00007fbf68014a00 JavaThread "Monitor Deflation Thread"   daemon [_thread_blocked, id=28163, stack(0x000070000172f000,0x000070000182f000) (1024K)]
  0x00007fbf6704ca00 JavaThread "C2 CompilerThread0"         daemon [_thread_in_native, id=27651, stack(0x0000700001832000,0x0000700001932000) (1024K)]
  0x00007fbf6704d200 JavaThread "C1 CompilerThread0"         daemon [_thread_blocked, id=25603, stack(0x0000700001935000,0x0000700001a35000) (1024K)]
  0x00007fbf68162c00 JavaThread "Notification Thread"        daemon [_thread_blocked, id=26883, stack(0x0000700001a38000,0x0000700001b38000) (1024K)]
  0x00007fbf6c2e8a00 JavaThread "Daemon health stats"               [_thread_blocked, id=42755, stack(0x0000700001f47000,0x0000700002047000) (1024K)]
  0x00007fbf6ae72c00 JavaThread "Incoming local TCP Connector on port 56815"        [_thread_in_native, id=33539, stack(0x000070000204a000,0x000070000214a000) (1024K)]
  0x00007fbf6c494e00 JavaThread "Daemon periodic checks"            [_thread_blocked, id=34051, stack(0x0000700002353000,0x0000700002453000) (1024K)]
  0x00007fbf6ae7c600 JavaThread "Cache worker for journal cache (/Users/imacmantra/.gradle/caches/journal-1)"        [_thread_blocked, id=36355, stack(0x0000700002965000,0x0000700002a65000) (1024K)]
  0x00007fbf6c4a6800 JavaThread "File lock request listener"        [_thread_in_native, id=36611, stack(0x0000700002a68000,0x0000700002b68000) (1024K)]
  0x00007fbf6b3bc400 JavaThread "Cache worker for file hash cache (/Users/imacmantra/.gradle/caches/9.4.1/fileHashes)"        [_thread_blocked, id=39939, stack(0x0000700002b6b000,0x0000700002c6b000) (1024K)]
  0x00007fbf6903b000 JavaThread "File watcher server"        daemon [_thread_in_native, id=39171, stack(0x0000700002e74000,0x0000700002f74000) (1024K)]
  0x00007fbf6d969800 JavaThread "File watcher consumer"      daemon [_thread_blocked, id=37891, stack(0x0000700002f77000,0x0000700003077000) (1024K)]
  0x00007fbf6d973600 JavaThread "Cache worker for file content cache (/Users/imacmantra/.gradle/caches/9.4.1/fileContent)"        [_thread_blocked, id=38659, stack(0x000070000307a000,0x000070000317a000) (1024K)]
  0x00007fbf6dd9e800 JavaThread "Memory manager"                    [_thread_blocked, id=45315, stack(0x0000700003892000,0x0000700003992000) (1024K)]
  0x00007fbf6cf2e200 JavaThread "pool-3-thread-1"                   [_thread_blocked, id=45827, stack(0x0000700003a98000,0x0000700003b98000) (1024K)]
  0x00007fbf683f5c00 JavaThread "Cache worker for Java compile cache (/Users/imacmantra/.gradle/caches/9.4.1/javaCompile)"        [_thread_blocked, id=47875, stack(0x00007000041ad000,0x00007000042ad000) (1024K)]
  0x00007fbf6db10400 JavaThread "pool-10-thread-1"                  [_thread_blocked, id=38151, stack(0x0000700003995000,0x0000700003a95000) (1024K)]
  0x00007fbf6c7afa00 JavaThread "Daemon Thread 3"                   [_thread_blocked, id=46355, stack(0x0000700001b3b000,0x0000700001c3b000) (1024K)]
  0x00007fbf6faeaa00 JavaThread "Daemon worker Thread 3"            [_thread_blocked, id=65291, stack(0x0000700002456000,0x0000700002556000) (1024K)]
  0x00007fbf71dffa00 JavaThread "pool-13-thread-1"                  [_thread_blocked, id=62475, stack(0x0000700003b9b000,0x0000700003c9b000) (1024K)]
  0x00007fbf6c463e00 JavaThread "ForkJoinPool.commonPool-worker-5" daemon [_thread_blocked, id=47119, stack(0x00007000046bc000,0x00007000047bc000) (1024K)]
  0x00007fbf71912000 JavaThread "ForkJoinPool.commonPool-worker-6" daemon [_thread_blocked, id=58127, stack(0x00007000047bf000,0x00007000048bf000) (1024K)]
  0x00007fbf71910c00 JavaThread "ForkJoinPool.commonPool-worker-7" daemon [_thread_blocked, id=57863, stack(0x00007000048c2000,0x00007000049c2000) (1024K)]
  0x00007fbf717fb400 JavaThread "Periodic tasks thread"      daemon [_thread_blocked, id=59915, stack(0x0000700004ac8000,0x0000700004bc8000) (1024K)]
  0x00007fbf72055600 JavaThread "ApplicationImpl pooled thread 1" daemon [_thread_blocked, id=57607, stack(0x0000700004bcb000,0x0000700004ccb000) (1024K)]
  0x00007fbf67b65a00 JavaThread "AppKit Thread"              daemon [_thread_in_native, id=259, stack(0x00007ff7bf00a000,0x00007ff7bf80a000) (8192K)]
  0x00007fbf6c503e00 JavaThread "process reaper (pid 64518)" daemon [_thread_in_native, id=56067, stack(0x000070000119d000,0x00007000011c1000) (144K)]
  0x00007fbf6c504600 JavaThread "RMI Scheduler(0)"           daemon [_thread_blocked, id=55815, stack(0x0000700004cce000,0x0000700004dce000) (1024K)]
  0x00007fbf6c505a00 JavaThread "RMI GC Daemon"              daemon [_thread_blocked, id=55299, stack(0x0000700004ed4000,0x0000700004fd4000) (1024K)]
  0x00007fbf6db4f000 JavaThread "RMI TCP Accept-0"           daemon [_thread_in_native, id=54787, stack(0x0000700004fd7000,0x00007000050d7000) (1024K)]
  0x00007fbf714e0e00 JavaThread "RMI Reaper"                        [_thread_blocked, id=52483, stack(0x00007000050da000,0x00007000051da000) (1024K)]
  0x00007fbf6f8df400 JavaThread "Exec process"                      [_thread_blocked, id=66307, stack(0x00007000057ef000,0x00007000058ef000) (1024K)]
  0x00007fbf71eaa800 JavaThread "process reaper"             daemon [_thread_blocked, id=86275, stack(0x00007000011c4000,0x00007000011e8000) (144K)]
  0x00007fbf683c5e00 JavaThread "Exec process Thread 2"             [_thread_blocked, id=85507, stack(0x00007000059f5000,0x0000700005af5000) (1024K)]
  0x00007fbf687e2200 JavaThread "Exec process Thread 3"             [_thread_blocked, id=84995, stack(0x0000700005af8000,0x0000700005bf8000) (1024K)]
  0x00007fbf67fd8800 JavaThread "Exec process Thread 4"             [_thread_blocked, id=84483, stack(0x0000700005bfb000,0x0000700005cfb000) (1024K)]
  0x00007fbf71c50400 JavaThread "VFS cleanup Thread 3"              [_thread_blocked, id=59155, stack(0x0000700002559000,0x0000700002659000) (1024K)]
  0x00007fbf7278dc00 JavaThread "pool-17-thread-1"                  [_thread_blocked, id=80647, stack(0x0000700003ea4000,0x0000700003fa4000) (1024K)]
  0x00007fbf6dc5d400 JavaThread "pool-20-thread-1"                  [_thread_blocked, id=90379, stack(0x0000700003fa7000,0x00007000040a7000) (1024K)]
  0x00007fbf6cb12a00 JavaThread "Handler for socket connection from /127.0.0.1:56815 to /127.0.0.1:59626"        [_thread_in_native, id=70419, stack(0x000070000214d000,0x000070000224d000) (1024K)]
  0x00007fbf71c93200 JavaThread "Cancel handler"                    [_thread_blocked, id=53515, stack(0x0000700002250000,0x0000700002350000) (1024K)]
  0x00007fbf683a9800 JavaThread "C2 CompilerThread1"         daemon [_thread_in_native, id=53771, stack(0x000070000265c000,0x000070000275c000) (1024K)]
  0x00007fbf714e0600 JavaThread "Asynchronous log dispatcher for DefaultDaemonConnection: socket connection from /127.0.0.1:56815 to /127.0.0.1:59626"        [_thread_blocked, id=77075, stack(0x000070000275f000,0x000070000285f000) (1024K)]
  0x00007fbf6d989600 JavaThread "Stdin handler"                     [_thread_blocked, id=65555, stack(0x0000700002862000,0x0000700002962000) (1024K)]
  0x00007fbf6df4ba00 JavaThread "Daemon client event forwarder"        [_thread_blocked, id=35355, stack(0x0000700002c6e000,0x0000700002d6e000) (1024K)]
  0x00007fbf714fbe00 JavaThread "Cache worker for file hash cache (/Users/imacmantra/Documents/KPKNFit/android-native/.gradle/9.4.1/fileHashes)"        [_thread_blocked, id=64279, stack(0x0000700002d71000,0x0000700002e71000) (1024K)]
  0x00007fbf6862d200 JavaThread "Cache worker for Build Output Cleanup Cache (/Users/imacmantra/Documents/KPKNFit/android-native/.gradle/buildOutputCleanup)"        [_thread_blocked, id=58919, stack(0x000070000317d000,0x000070000327d000) (1024K)]
  0x00007fbf71246000 JavaThread "Cache worker for checksums cache (/Users/imacmantra/Documents/KPKNFit/android-native/.gradle/9.4.1/checksums)"        [_thread_blocked, id=49959, stack(0x0000700003280000,0x0000700003380000) (1024K)]
  0x00007fbf67a20e00 JavaThread "Cache worker for cache directory md-supplier (/Users/imacmantra/.gradle/caches/9.4.1/md-supplier)"        [_thread_blocked, id=48411, stack(0x0000700003383000,0x0000700003483000) (1024K)]
  0x00007fbf6db05200 JavaThread "Cache worker for cache directory md-rule (/Users/imacmantra/.gradle/caches/9.4.1/md-rule)"        [_thread_blocked, id=44311, stack(0x0000700003486000,0x0000700003586000) (1024K)]
  0x00007fbf6824da00 JavaThread "Build operations"                  [_thread_blocked, id=90895, stack(0x0000700003589000,0x0000700003689000) (1024K)]
  0x00007fbf6db93c00 JavaThread "Build operations Thread 2"         [_thread_blocked, id=126991, stack(0x000070000368c000,0x000070000378c000) (1024K)]
  0x00007fbf6cfcd800 JavaThread "Build operations Thread 3"         [_thread_blocked, id=71183, stack(0x000070000378f000,0x000070000388f000) (1024K)]
  0x00007fbf68762000 JavaThread "Build operations Thread 4"         [_thread_blocked, id=52239, stack(0x0000700003c9e000,0x0000700003d9e000) (1024K)]
  0x00007fbf67848800 JavaThread "build event listener"              [_thread_blocked, id=66839, stack(0x0000700003da1000,0x0000700003ea1000) (1024K)]
  0x00007fbf6facda00 JavaThread "pool-23-thread-1"                  [_thread_blocked, id=79119, stack(0x00007000040aa000,0x00007000041aa000) (1024K)]
  0x00007fbf687a6200 JavaThread "build event listener"              [_thread_blocked, id=88335, stack(0x00007000042b0000,0x00007000043b0000) (1024K)]
  0x00007fbf687a6a00 JavaThread "included builds"                   [_thread_in_Java, id=82191, stack(0x00007000043b3000,0x00007000044b3000) (1024K)]
  0x00007fbf683a6c00 JavaThread "Execution worker"                  [_thread_blocked, id=51983, stack(0x00007000044b6000,0x00007000045b6000) (1024K)]
  0x00007fbf71698600 JavaThread "Execution worker Thread 2"         [_thread_blocked, id=81935, stack(0x00007000045b9000,0x00007000046b9000) (1024K)]
  0x00007fbf683a7400 JavaThread "Execution worker Thread 3"         [_thread_blocked, id=40727, stack(0x00007000049c5000,0x0000700004ac5000) (1024K)]
  0x00007fbf6d844200 JavaThread "Cache worker for execution history cache (/Users/imacmantra/Documents/KPKNFit/android-native/.gradle/9.4.1/executionHistory)"        [_thread_blocked, id=126735, stack(0x0000700004dd1000,0x0000700004ed1000) (1024K)]
=>0x00007fbf67b69a00 JavaThread "WorkerExecutor Queue"              [_thread_in_vm, id=126479, stack(0x00007000051dd000,0x00007000052dd000) (1024K)]
Total: 69

Other Threads:
  0x00007fbf68a05af0 VMThread "VM Thread"                           [id=18435, stack(0x0000700001017000,0x0000700001117000) (1024K)]
  0x00007fbf68806ef0 WatcherThread "VM Periodic Task Thread"        [id=20739, stack(0x0000700000f14000,0x0000700001014000) (1024K)]
  0x00007fbf68906bc0 WorkerThread "GC Thread#0"                     [id=14083, stack(0x0000700000a05000,0x0000700000b05000) (1024K)]
  0x00007fbf66f0d8f0 WorkerThread "GC Thread#1"                     [id=26371, stack(0x0000700001c3e000,0x0000700001d3e000) (1024K)]
  0x00007fbf6891df90 WorkerThread "GC Thread#2"                     [id=43267, stack(0x0000700001d41000,0x0000700001e41000) (1024K)]
  0x00007fbf66f0dc90 WorkerThread "GC Thread#3"                     [id=43011, stack(0x0000700001e44000,0x0000700001f44000) (1024K)]
  0x00007fbf68907360 ConcurrentGCThread "G1 Main Marker"            [id=12291, stack(0x0000700000b08000,0x0000700000c08000) (1024K)]
  0x00007fbf68907ce0 WorkerThread "G1 Conc#0"                       [id=13059, stack(0x0000700000c0b000,0x0000700000d0b000) (1024K)]
  0x00007fbf68008800 ConcurrentGCThread "G1 Refine#0"               [id=16387, stack(0x0000700000d0e000,0x0000700000e0e000) (1024K)]
  0x00007fbf68805910 ConcurrentGCThread "G1 Service"                [id=21251, stack(0x0000700000e11000,0x0000700000f11000) (1024K)]
Total: 10

Threads with active compile tasks:
C2 CompilerThread0  1285612 50515       4       org.jetbrains.kotlin.gradle.internal.kapt.incremental.ClasspathEntryData::writeObject (1063 bytes)
C2 CompilerThread1  1285612 50511 %     4       org.jetbrains.kotlin.gradle.internal.kapt.incremental.ClasspathSnapshot::findAllImpacted @ 133 (481 bytes)
Total: 2

VM state: not at safepoint (normal execution)

VM Mutex/Monitor currently owned by a thread: None

Heap address: 0x0000000700000000, size: 4096 MB, Compressed Oops mode: Zero based, Oop shift amount: 3

CDS archive(s) not mapped
Compressed class space mapped at: 0x0000000800000000-0x0000000840000000, reserved size: 1073741824
Narrow klass base: 0x0000000800000000, Narrow klass shift: 0, Narrow klass range: 0x40000000

GC Precious Log:
 CardTable entry size: 512
 Card Set container configuration: InlinePtr #cards 4 size 8 Array Of Cards #cards 16 size 48 Howl #buckets 8 coarsen threshold 3686 Howl Bitmap #cards 512 size 80 coarsen threshold 460 Card regions per heap region 1 cards per card region 4096
 CPUs: 4 total, 4 available
 Memory: 24576M
 Large Page Support: Disabled
 NUMA Support: Disabled
 Compressed Oops: Enabled (Zero based)
 Heap Region Size: 2M
 Heap Min Capacity: 8M
 Heap Initial Capacity: 384M
 Heap Max Capacity: 4G
 Pre-touch: Disabled
 Parallel Workers: 4
 Concurrent Workers: 1
 Concurrent Refinement Workers: 4
 Periodic GC: Disabled

Heap:
 garbage-first heap   total 1390592K, used 901993K [0x0000000700000000, 0x0000000800000000)
  region size 2048K, 282 young (577536K), 37 survivors (75776K)
 Metaspace       used 226079K, committed 228800K, reserved 1310720K
  class space    used 29415K, committed 30784K, reserved 1048576K

Heap Regions: E=young(eden), S=young(survivor), O=old, HS=humongous(starts), HC=humongous(continues), CS=collection set, F=free, TAMS=top-at-mark-start, PB=parsable bottom
|   0|0x0000000700000000, 0x0000000700200000, 0x0000000700200000|100%|HS|  |TAMS 0x0000000700000000| PB 0x0000000700000000| Complete 
|   1|0x0000000700200000, 0x0000000700400000, 0x0000000700400000|100%|HC|  |TAMS 0x0000000700200000| PB 0x0000000700200000| Complete 
|   2|0x0000000700400000, 0x0000000700600000, 0x0000000700600000|100%| O|  |TAMS 0x0000000700400000| PB 0x0000000700400000| Untracked 
|   3|0x0000000700600000, 0x0000000700800000, 0x0000000700800000|100%| O|  |TAMS 0x0000000700600000| PB 0x0000000700600000| Untracked 
|   4|0x0000000700800000, 0x0000000700a00000, 0x0000000700a00000|100%| O|  |TAMS 0x0000000700800000| PB 0x0000000700800000| Untracked 
|   5|0x0000000700a00000, 0x0000000700c00000, 0x0000000700c00000|100%| O|  |TAMS 0x0000000700a00000| PB 0x0000000700a00000| Untracked 
|   6|0x0000000700c00000, 0x0000000700df7c30, 0x0000000700e00000| 98%| O|  |TAMS 0x0000000700c00000| PB 0x0000000700c00000| Untracked 
|   7|0x0000000700e00000, 0x0000000701000000, 0x0000000701000000|100%| O|  |TAMS 0x0000000700e00000| PB 0x0000000700e00000| Untracked 
|   8|0x0000000701000000, 0x0000000701200000, 0x0000000701200000|100%| O|  |TAMS 0x0000000701000000| PB 0x0000000701000000| Untracked 
|   9|0x0000000701200000, 0x0000000701400000, 0x0000000701400000|100%| O|  |TAMS 0x0000000701200000| PB 0x0000000701200000| Untracked 
|  10|0x0000000701400000, 0x0000000701600000, 0x0000000701600000|100%| O|  |TAMS 0x0000000701400000| PB 0x0000000701400000| Untracked 
|  11|0x0000000701600000, 0x0000000701800000, 0x0000000701800000|100%| O|  |TAMS 0x0000000701600000| PB 0x0000000701600000| Untracked 
|  12|0x0000000701800000, 0x0000000701a00000, 0x0000000701a00000|100%| O|  |TAMS 0x0000000701800000| PB 0x0000000701800000| Untracked 
|  13|0x0000000701a00000, 0x0000000701c00000, 0x0000000701c00000|100%| O|  |TAMS 0x0000000701a00000| PB 0x0000000701a00000| Untracked 
|  14|0x0000000701c00000, 0x0000000701e00000, 0x0000000701e00000|100%| O|  |TAMS 0x0000000701c00000| PB 0x0000000701c00000| Untracked 
|  15|0x0000000701e00000, 0x0000000702000000, 0x0000000702000000|100%| O|  |TAMS 0x0000000701e00000| PB 0x0000000701e00000| Untracked 
|  16|0x0000000702000000, 0x0000000702200000, 0x0000000702200000|100%| O|  |TAMS 0x0000000702000000| PB 0x0000000702000000| Untracked 
|  17|0x0000000702200000, 0x0000000702400000, 0x0000000702400000|100%| O|  |TAMS 0x0000000702200000| PB 0x0000000702200000| Untracked 
|  18|0x0000000702400000, 0x0000000702600000, 0x0000000702600000|100%|HS|  |TAMS 0x0000000702400000| PB 0x0000000702400000| Complete 
|  19|0x0000000702600000, 0x0000000702800000, 0x0000000702800000|100%| O|  |TAMS 0x0000000702600000| PB 0x0000000702600000| Untracked 
|  20|0x0000000702800000, 0x0000000702a00000, 0x0000000702a00000|100%|HS|  |TAMS 0x0000000702800000| PB 0x0000000702800000| Complete 
|  21|0x0000000702a00000, 0x0000000702c00000, 0x0000000702c00000|100%| O|  |TAMS 0x0000000702a00000| PB 0x0000000702a00000| Untracked 
|  22|0x0000000702c00000, 0x0000000702e00000, 0x0000000702e00000|100%| O|  |TAMS 0x0000000702c00000| PB 0x0000000702c00000| Untracked 
|  23|0x0000000702e00000, 0x0000000703000000, 0x0000000703000000|100%| O|  |TAMS 0x0000000702e00000| PB 0x0000000702e00000| Untracked 
|  24|0x0000000703000000, 0x0000000703200000, 0x0000000703200000|100%| O|  |TAMS 0x0000000703000000| PB 0x0000000703000000| Untracked 
|  25|0x0000000703200000, 0x0000000703400000, 0x0000000703400000|100%| O|  |TAMS 0x0000000703200000| PB 0x0000000703200000| Untracked 
|  26|0x0000000703400000, 0x0000000703600000, 0x0000000703600000|100%| O|  |TAMS 0x0000000703400000| PB 0x0000000703400000| Untracked 
|  27|0x0000000703600000, 0x0000000703800000, 0x0000000703800000|100%| O|  |TAMS 0x0000000703600000| PB 0x0000000703600000| Untracked 
|  28|0x0000000703800000, 0x0000000703a00000, 0x0000000703a00000|100%| O|  |TAMS 0x0000000703800000| PB 0x0000000703800000| Untracked 
|  29|0x0000000703a00000, 0x0000000703c00000, 0x0000000703c00000|100%| O|  |TAMS 0x0000000703a00000| PB 0x0000000703a00000| Untracked 
|  30|0x0000000703c00000, 0x0000000703e00000, 0x0000000703e00000|100%| O|  |TAMS 0x0000000703c00000| PB 0x0000000703c00000| Untracked 
|  31|0x0000000703e00000, 0x0000000704000000, 0x0000000704000000|100%| O|  |TAMS 0x0000000703e00000| PB 0x0000000703e00000| Untracked 
|  32|0x0000000704000000, 0x0000000704200000, 0x0000000704200000|100%| O|  |TAMS 0x0000000704000000| PB 0x0000000704000000| Untracked 
|  33|0x0000000704200000, 0x0000000704400000, 0x0000000704400000|100%| O|  |TAMS 0x0000000704200000| PB 0x0000000704200000| Untracked 
|  34|0x0000000704400000, 0x0000000704600000, 0x0000000704600000|100%| O|  |TAMS 0x0000000704400000| PB 0x0000000704400000| Untracked 
|  35|0x0000000704600000, 0x0000000704800000, 0x0000000704800000|100%| O|  |TAMS 0x0000000704600000| PB 0x0000000704600000| Untracked 
|  36|0x0000000704800000, 0x0000000704a00000, 0x0000000704a00000|100%| O|  |TAMS 0x0000000704800000| PB 0x0000000704800000| Untracked 
|  37|0x0000000704a00000, 0x0000000704c00000, 0x0000000704c00000|100%| O|  |TAMS 0x0000000704a00000| PB 0x0000000704a00000| Untracked 
|  38|0x0000000704c00000, 0x0000000704e00000, 0x0000000704e00000|100%| O|  |TAMS 0x0000000704c00000| PB 0x0000000704c00000| Untracked 
|  39|0x0000000704e00000, 0x0000000705000000, 0x0000000705000000|100%| O|  |TAMS 0x0000000704e00000| PB 0x0000000704e00000| Untracked 
|  40|0x0000000705000000, 0x0000000705200000, 0x0000000705200000|100%| O|  |TAMS 0x0000000705000000| PB 0x0000000705000000| Untracked 
|  41|0x0000000705200000, 0x0000000705400000, 0x0000000705400000|100%| O|  |TAMS 0x0000000705200000| PB 0x0000000705200000| Untracked 
|  42|0x0000000705400000, 0x0000000705600000, 0x0000000705600000|100%| O|  |TAMS 0x0000000705400000| PB 0x0000000705400000| Untracked 
|  43|0x0000000705600000, 0x0000000705800000, 0x0000000705800000|100%| O|  |TAMS 0x0000000705600000| PB 0x0000000705600000| Untracked 
|  44|0x0000000705800000, 0x0000000705a00000, 0x0000000705a00000|100%| O|Cm|TAMS 0x0000000705800000| PB 0x0000000705800000| Complete 
|  45|0x0000000705a00000, 0x0000000705c00000, 0x0000000705c00000|100%| O|  |TAMS 0x0000000705a00000| PB 0x0000000705a00000| Untracked 
|  46|0x0000000705c00000, 0x0000000705e00000, 0x0000000705e00000|100%| O|  |TAMS 0x0000000705c00000| PB 0x0000000705c00000| Untracked 
|  47|0x0000000705e00000, 0x0000000706000000, 0x0000000706000000|100%| O|Cm|TAMS 0x0000000705e00000| PB 0x0000000705e00000| Complete 
|  48|0x0000000706000000, 0x0000000706200000, 0x0000000706200000|100%| O|  |TAMS 0x0000000706000000| PB 0x0000000706000000| Untracked 
|  49|0x0000000706200000, 0x0000000706400000, 0x0000000706400000|100%| O|  |TAMS 0x0000000706200000| PB 0x0000000706200000| Untracked 
|  50|0x0000000706400000, 0x0000000706600000, 0x0000000706600000|100%| O|  |TAMS 0x0000000706400000| PB 0x0000000706400000| Untracked 
|  51|0x0000000706600000, 0x0000000706800000, 0x0000000706800000|100%| O|  |TAMS 0x0000000706600000| PB 0x0000000706600000| Untracked 
|  52|0x0000000706800000, 0x0000000706a00000, 0x0000000706a00000|100%| O|  |TAMS 0x0000000706800000| PB 0x0000000706800000| Untracked 
|  53|0x0000000706a00000, 0x0000000706c00000, 0x0000000706c00000|100%| O|  |TAMS 0x0000000706a00000| PB 0x0000000706a00000| Untracked 
|  54|0x0000000706c00000, 0x0000000706e00000, 0x0000000706e00000|100%| O|  |TAMS 0x0000000706c00000| PB 0x0000000706c00000| Untracked 
|  55|0x0000000706e00000, 0x0000000707000000, 0x0000000707000000|100%| O|  |TAMS 0x0000000706e00000| PB 0x0000000706e00000| Untracked 
|  56|0x0000000707000000, 0x0000000707200000, 0x0000000707200000|100%| O|  |TAMS 0x0000000707000000| PB 0x0000000707000000| Untracked 
|  57|0x0000000707200000, 0x0000000707400000, 0x0000000707400000|100%| O|  |TAMS 0x0000000707200000| PB 0x0000000707200000| Untracked 
|  58|0x0000000707400000, 0x0000000707600000, 0x0000000707600000|100%| O|  |TAMS 0x0000000707400000| PB 0x0000000707400000| Untracked 
|  59|0x0000000707600000, 0x0000000707800000, 0x0000000707800000|100%| O|  |TAMS 0x0000000707600000| PB 0x0000000707600000| Untracked 
|  60|0x0000000707800000, 0x0000000707a00000, 0x0000000707a00000|100%| O|  |TAMS 0x0000000707800000| PB 0x0000000707800000| Untracked 
|  61|0x0000000707a00000, 0x0000000707c00000, 0x0000000707c00000|100%| O|  |TAMS 0x0000000707a00000| PB 0x0000000707a00000| Untracked 
|  62|0x0000000707c00000, 0x0000000707e00000, 0x0000000707e00000|100%| O|Cm|TAMS 0x0000000707c00000| PB 0x0000000707c00000| Complete 
|  63|0x0000000707e00000, 0x0000000708000000, 0x0000000708000000|100%| O|  |TAMS 0x0000000707e00000| PB 0x0000000707e00000| Untracked 
|  64|0x0000000708000000, 0x0000000708200000, 0x0000000708200000|100%| O|  |TAMS 0x0000000708000000| PB 0x0000000708000000| Untracked 
|  65|0x0000000708200000, 0x0000000708400000, 0x0000000708400000|100%| O|  |TAMS 0x0000000708200000| PB 0x0000000708200000| Untracked 
|  66|0x0000000708400000, 0x0000000708600000, 0x0000000708600000|100%| O|  |TAMS 0x0000000708400000| PB 0x0000000708400000| Untracked 
|  67|0x0000000708600000, 0x0000000708800000, 0x0000000708800000|100%| O|  |TAMS 0x0000000708600000| PB 0x0000000708600000| Untracked 
|  68|0x0000000708800000, 0x0000000708a00000, 0x0000000708a00000|100%| O|Cm|TAMS 0x0000000708800000| PB 0x0000000708800000| Complete 
|  69|0x0000000708a00000, 0x0000000708c00000, 0x0000000708c00000|100%| O|  |TAMS 0x0000000708a00000| PB 0x0000000708a00000| Untracked 
|  70|0x0000000708c00000, 0x0000000708e00000, 0x0000000708e00000|100%| O|  |TAMS 0x0000000708c00000| PB 0x0000000708c00000| Untracked 
|  71|0x0000000708e00000, 0x0000000709000000, 0x0000000709000000|100%| O|  |TAMS 0x0000000708e00000| PB 0x0000000708e00000| Untracked 
|  72|0x0000000709000000, 0x0000000709200000, 0x0000000709200000|100%| O|  |TAMS 0x0000000709000000| PB 0x0000000709000000| Untracked 
|  73|0x0000000709200000, 0x0000000709400000, 0x0000000709400000|100%| O|Cm|TAMS 0x0000000709200000| PB 0x0000000709200000| Complete 
|  74|0x0000000709400000, 0x0000000709600000, 0x0000000709600000|100%| O|  |TAMS 0x0000000709400000| PB 0x0000000709400000| Untracked 
|  75|0x0000000709600000, 0x0000000709800000, 0x0000000709800000|100%| O|Cm|TAMS 0x0000000709600000| PB 0x0000000709600000| Complete 
|  76|0x0000000709800000, 0x0000000709a00000, 0x0000000709a00000|100%| O|  |TAMS 0x0000000709800000| PB 0x0000000709800000| Untracked 
|  77|0x0000000709a00000, 0x0000000709c00000, 0x0000000709c00000|100%| O|  |TAMS 0x0000000709a00000| PB 0x0000000709a00000| Untracked 
|  78|0x0000000709c00000, 0x0000000709e00000, 0x0000000709e00000|100%| O|  |TAMS 0x0000000709c00000| PB 0x0000000709c00000| Untracked 
|  79|0x0000000709e00000, 0x000000070a000000, 0x000000070a000000|100%| O|  |TAMS 0x0000000709e00000| PB 0x0000000709e00000| Untracked 
|  80|0x000000070a000000, 0x000000070a200000, 0x000000070a200000|100%| O|  |TAMS 0x000000070a000000| PB 0x000000070a000000| Untracked 
|  81|0x000000070a200000, 0x000000070a400000, 0x000000070a400000|100%| O|Cm|TAMS 0x000000070a200000| PB 0x000000070a200000| Complete 
|  82|0x000000070a400000, 0x000000070a600000, 0x000000070a600000|100%| O|  |TAMS 0x000000070a400000| PB 0x000000070a400000| Untracked 
|  83|0x000000070a600000, 0x000000070a800000, 0x000000070a800000|100%| O|Cm|TAMS 0x000000070a600000| PB 0x000000070a600000| Complete 
|  84|0x000000070a800000, 0x000000070a9e2a58, 0x000000070aa00000| 94%| O|Cm|TAMS 0x000000070a800000| PB 0x000000070a800000| Complete 
|  85|0x000000070aa00000, 0x000000070ac00000, 0x000000070ac00000|100%| O|Cm|TAMS 0x000000070aa00000| PB 0x000000070aa00000| Complete 
|  86|0x000000070ac00000, 0x000000070ae00000, 0x000000070ae00000|100%| O|  |TAMS 0x000000070ac00000| PB 0x000000070ac00000| Untracked 
|  87|0x000000070ae00000, 0x000000070b000000, 0x000000070b000000|100%| O|Cm|TAMS 0x000000070ae00000| PB 0x000000070ae00000| Complete 
|  88|0x000000070b000000, 0x000000070b200000, 0x000000070b200000|100%| O|  |TAMS 0x000000070b000000| PB 0x000000070b000000| Untracked 
|  89|0x000000070b200000, 0x000000070b400000, 0x000000070b400000|100%| O|  |TAMS 0x000000070b200000| PB 0x000000070b200000| Untracked 
|  90|0x000000070b400000, 0x000000070b600000, 0x000000070b600000|100%| O|  |TAMS 0x000000070b400000| PB 0x000000070b400000| Untracked 
|  91|0x000000070b600000, 0x000000070b800000, 0x000000070b800000|100%|HS|  |TAMS 0x000000070b600000| PB 0x000000070b600000| Complete 
|  92|0x000000070b800000, 0x000000070ba00000, 0x000000070ba00000|100%| O|Cm|TAMS 0x000000070b800000| PB 0x000000070b800000| Complete 
|  93|0x000000070ba00000, 0x000000070bc00000, 0x000000070bc00000|100%|HS|  |TAMS 0x000000070ba00000| PB 0x000000070ba00000| Complete 
|  94|0x000000070bc00000, 0x000000070be00000, 0x000000070be00000|100%|HC|  |TAMS 0x000000070bc00000| PB 0x000000070bc00000| Complete 
|  95|0x000000070be00000, 0x000000070c000000, 0x000000070c000000|100%|HS|  |TAMS 0x000000070be00000| PB 0x000000070be00000| Complete 
|  96|0x000000070c000000, 0x000000070c200000, 0x000000070c200000|100%|HS|  |TAMS 0x000000070c000000| PB 0x000000070c000000| Complete 
|  97|0x000000070c200000, 0x000000070c200000, 0x000000070c400000|  0%| F|  |TAMS 0x000000070c200000| PB 0x000000070c200000| Untracked 
|  98|0x000000070c400000, 0x000000070c400000, 0x000000070c600000|  0%| F|  |TAMS 0x000000070c400000| PB 0x000000070c400000| Untracked 
|  99|0x000000070c600000, 0x000000070c600000, 0x000000070c800000|  0%| F|  |TAMS 0x000000070c600000| PB 0x000000070c600000| Untracked 
| 100|0x000000070c800000, 0x000000070c800000, 0x000000070ca00000|  0%| F|  |TAMS 0x000000070c800000| PB 0x000000070c800000| Untracked 
| 101|0x000000070ca00000, 0x000000070ca00000, 0x000000070cc00000|  0%| F|  |TAMS 0x000000070ca00000| PB 0x000000070ca00000| Untracked 
| 102|0x000000070cc00000, 0x000000070cc00000, 0x000000070ce00000|  0%| F|  |TAMS 0x000000070cc00000| PB 0x000000070cc00000| Untracked 
| 103|0x000000070ce00000, 0x000000070ce00000, 0x000000070d000000|  0%| F|  |TAMS 0x000000070ce00000| PB 0x000000070ce00000| Untracked 
| 104|0x000000070d000000, 0x000000070d000000, 0x000000070d200000|  0%| F|  |TAMS 0x000000070d000000| PB 0x000000070d000000| Untracked 
| 105|0x000000070d200000, 0x000000070d400000, 0x000000070d400000|100%| O|Cm|TAMS 0x000000070d200000| PB 0x000000070d200000| Complete 
| 106|0x000000070d400000, 0x000000070d600000, 0x000000070d600000|100%| O|Cm|TAMS 0x000000070d400000| PB 0x000000070d400000| Complete 
| 107|0x000000070d600000, 0x000000070d800000, 0x000000070d800000|100%| O|Cm|TAMS 0x000000070d600000| PB 0x000000070d600000| Complete 
| 108|0x000000070d800000, 0x000000070da00000, 0x000000070da00000|100%|HS|  |TAMS 0x000000070d800000| PB 0x000000070d800000| Complete 
| 109|0x000000070da00000, 0x000000070dc00000, 0x000000070dc00000|100%|HC|  |TAMS 0x000000070da00000| PB 0x000000070da00000| Complete 
| 110|0x000000070dc00000, 0x000000070de00000, 0x000000070de00000|100%|HC|  |TAMS 0x000000070dc00000| PB 0x000000070dc00000| Complete 
| 111|0x000000070de00000, 0x000000070de00000, 0x000000070e000000|  0%| F|  |TAMS 0x000000070de00000| PB 0x000000070de00000| Untracked 
| 112|0x000000070e000000, 0x000000070e000000, 0x000000070e200000|  0%| F|  |TAMS 0x000000070e000000| PB 0x000000070e000000| Untracked 
| 113|0x000000070e200000, 0x000000070e200000, 0x000000070e400000|  0%| F|  |TAMS 0x000000070e200000| PB 0x000000070e200000| Untracked 
| 114|0x000000070e400000, 0x000000070e600000, 0x000000070e600000|100%| O|Cm|TAMS 0x000000070e400000| PB 0x000000070e400000| Complete 
| 115|0x000000070e600000, 0x000000070e600000, 0x000000070e800000|  0%| F|  |TAMS 0x000000070e600000| PB 0x000000070e600000| Untracked 
| 116|0x000000070e800000, 0x000000070e800000, 0x000000070ea00000|  0%| F|  |TAMS 0x000000070e800000| PB 0x000000070e800000| Untracked 
| 117|0x000000070ea00000, 0x000000070ec00000, 0x000000070ec00000|100%| O|  |TAMS 0x000000070ea00000| PB 0x000000070ea00000| Untracked 
| 118|0x000000070ec00000, 0x000000070ee00000, 0x000000070ee00000|100%| O|Cm|TAMS 0x000000070ec00000| PB 0x000000070ec00000| Complete 
| 119|0x000000070ee00000, 0x000000070f000000, 0x000000070f000000|100%| O|Cm|TAMS 0x000000070ee00000| PB 0x000000070ee00000| Complete 
| 120|0x000000070f000000, 0x000000070f200000, 0x000000070f200000|100%| O|  |TAMS 0x000000070f000000| PB 0x000000070f000000| Untracked 
| 121|0x000000070f200000, 0x000000070f400000, 0x000000070f400000|100%| O|  |TAMS 0x000000070f200000| PB 0x000000070f200000| Untracked 
| 122|0x000000070f400000, 0x000000070f600000, 0x000000070f600000|100%| O|  |TAMS 0x000000070f400000| PB 0x000000070f400000| Untracked 
| 123|0x000000070f600000, 0x000000070f800000, 0x000000070f800000|100%| O|  |TAMS 0x000000070f600000| PB 0x000000070f600000| Untracked 
| 124|0x000000070f800000, 0x000000070fa00000, 0x000000070fa00000|100%| O|  |TAMS 0x000000070f800000| PB 0x000000070f800000| Untracked 
| 125|0x000000070fa00000, 0x000000070fc00000, 0x000000070fc00000|100%| O|  |TAMS 0x000000070fa00000| PB 0x000000070fa00000| Untracked 
| 126|0x000000070fc00000, 0x000000070fe00000, 0x000000070fe00000|100%| O|Cm|TAMS 0x000000070fc00000| PB 0x000000070fc00000| Complete 
| 127|0x000000070fe00000, 0x000000070fe00000, 0x0000000710000000|  0%| F|  |TAMS 0x000000070fe00000| PB 0x000000070fe00000| Untracked 
| 128|0x0000000710000000, 0x0000000710200000, 0x0000000710200000|100%| O|  |TAMS 0x0000000710000000| PB 0x0000000710000000| Untracked 
| 129|0x0000000710200000, 0x0000000710400000, 0x0000000710400000|100%| O|  |TAMS 0x0000000710200000| PB 0x0000000710200000| Untracked 
| 130|0x0000000710400000, 0x0000000710600000, 0x0000000710600000|100%| O|  |TAMS 0x0000000710400000| PB 0x0000000710400000| Untracked 
| 131|0x0000000710600000, 0x0000000710800000, 0x0000000710800000|100%| O|  |TAMS 0x0000000710600000| PB 0x0000000710600000| Untracked 
| 132|0x0000000710800000, 0x0000000710800000, 0x0000000710a00000|  0%| F|  |TAMS 0x0000000710800000| PB 0x0000000710800000| Untracked 
| 133|0x0000000710a00000, 0x0000000710a00000, 0x0000000710c00000|  0%| F|  |TAMS 0x0000000710a00000| PB 0x0000000710a00000| Untracked 
| 134|0x0000000710c00000, 0x0000000710c00000, 0x0000000710e00000|  0%| F|  |TAMS 0x0000000710c00000| PB 0x0000000710c00000| Untracked 
| 135|0x0000000710e00000, 0x0000000711000000, 0x0000000711000000|100%|HS|  |TAMS 0x0000000710e00000| PB 0x0000000710e00000| Complete 
| 136|0x0000000711000000, 0x0000000711200000, 0x0000000711200000|100%|HC|  |TAMS 0x0000000711000000| PB 0x0000000711000000| Complete 
| 137|0x0000000711200000, 0x0000000711400000, 0x0000000711400000|100%|HC|  |TAMS 0x0000000711200000| PB 0x0000000711200000| Complete 
| 138|0x0000000711400000, 0x0000000711600000, 0x0000000711600000|100%|HC|  |TAMS 0x0000000711400000| PB 0x0000000711400000| Complete 
| 139|0x0000000711600000, 0x0000000711600000, 0x0000000711800000|  0%| F|  |TAMS 0x0000000711600000| PB 0x0000000711600000| Untracked 
| 140|0x0000000711800000, 0x0000000711800000, 0x0000000711a00000|  0%| F|  |TAMS 0x0000000711800000| PB 0x0000000711800000| Untracked 
| 141|0x0000000711a00000, 0x0000000711a00000, 0x0000000711c00000|  0%| F|  |TAMS 0x0000000711a00000| PB 0x0000000711a00000| Untracked 
| 142|0x0000000711c00000, 0x0000000711c00000, 0x0000000711e00000|  0%| F|  |TAMS 0x0000000711c00000| PB 0x0000000711c00000| Untracked 
| 143|0x0000000711e00000, 0x0000000711e00000, 0x0000000712000000|  0%| F|  |TAMS 0x0000000711e00000| PB 0x0000000711e00000| Untracked 
| 144|0x0000000712000000, 0x0000000712000000, 0x0000000712200000|  0%| F|  |TAMS 0x0000000712000000| PB 0x0000000712000000| Untracked 
| 145|0x0000000712200000, 0x0000000712200000, 0x0000000712400000|  0%| F|  |TAMS 0x0000000712200000| PB 0x0000000712200000| Untracked 
| 146|0x0000000712400000, 0x0000000712400000, 0x0000000712600000|  0%| F|  |TAMS 0x0000000712400000| PB 0x0000000712400000| Untracked 
| 147|0x0000000712600000, 0x0000000712600000, 0x0000000712800000|  0%| F|  |TAMS 0x0000000712600000| PB 0x0000000712600000| Untracked 
| 148|0x0000000712800000, 0x0000000712800000, 0x0000000712a00000|  0%| F|  |TAMS 0x0000000712800000| PB 0x0000000712800000| Untracked 
| 149|0x0000000712a00000, 0x0000000712a00000, 0x0000000712c00000|  0%| F|  |TAMS 0x0000000712a00000| PB 0x0000000712a00000| Untracked 
| 150|0x0000000712c00000, 0x0000000712c00000, 0x0000000712e00000|  0%| F|  |TAMS 0x0000000712c00000| PB 0x0000000712c00000| Untracked 
| 151|0x0000000712e00000, 0x0000000713000000, 0x0000000713000000|100%| O|Cm|TAMS 0x0000000712e00000| PB 0x0000000712e00000| Complete 
| 152|0x0000000713000000, 0x0000000713000000, 0x0000000713200000|  0%| F|  |TAMS 0x0000000713000000| PB 0x0000000713000000| Untracked 
| 153|0x0000000713200000, 0x0000000713200000, 0x0000000713400000|  0%| F|  |TAMS 0x0000000713200000| PB 0x0000000713200000| Untracked 
| 154|0x0000000713400000, 0x0000000713600000, 0x0000000713600000|100%| O|Cm|TAMS 0x0000000713400000| PB 0x0000000713400000| Complete 
| 155|0x0000000713600000, 0x0000000713600000, 0x0000000713800000|  0%| F|  |TAMS 0x0000000713600000| PB 0x0000000713600000| Untracked 
| 156|0x0000000713800000, 0x0000000713a00000, 0x0000000713a00000|100%| O|Cm|TAMS 0x0000000713800000| PB 0x0000000713800000| Complete 
| 157|0x0000000713a00000, 0x0000000713a00000, 0x0000000713c00000|  0%| F|  |TAMS 0x0000000713a00000| PB 0x0000000713a00000| Untracked 
| 158|0x0000000713c00000, 0x0000000713c00000, 0x0000000713e00000|  0%| F|  |TAMS 0x0000000713c00000| PB 0x0000000713c00000| Untracked 
| 159|0x0000000713e00000, 0x0000000713e00000, 0x0000000714000000|  0%| F|  |TAMS 0x0000000713e00000| PB 0x0000000713e00000| Untracked 
| 160|0x0000000714000000, 0x0000000714200000, 0x0000000714200000|100%| O|  |TAMS 0x0000000714000000| PB 0x0000000714000000| Untracked 
| 161|0x0000000714200000, 0x0000000714200000, 0x0000000714400000|  0%| F|  |TAMS 0x0000000714200000| PB 0x0000000714200000| Untracked 
| 162|0x0000000714400000, 0x0000000714600000, 0x0000000714600000|100%| O|Cm|TAMS 0x0000000714400000| PB 0x0000000714400000| Complete 
| 163|0x0000000714600000, 0x0000000714800000, 0x0000000714800000|100%| O|  |TAMS 0x0000000714600000| PB 0x0000000714600000| Untracked 
| 164|0x0000000714800000, 0x0000000714a00000, 0x0000000714a00000|100%| O|Cm|TAMS 0x0000000714800000| PB 0x0000000714800000| Complete 
| 165|0x0000000714a00000, 0x0000000714a00000, 0x0000000714c00000|  0%| F|  |TAMS 0x0000000714a00000| PB 0x0000000714a00000| Untracked 
| 166|0x0000000714c00000, 0x0000000714e00000, 0x0000000714e00000|100%| O|Cm|TAMS 0x0000000714c00000| PB 0x0000000714c00000| Complete 
| 167|0x0000000714e00000, 0x0000000714e00000, 0x0000000715000000|  0%| F|  |TAMS 0x0000000714e00000| PB 0x0000000714e00000| Untracked 
| 168|0x0000000715000000, 0x0000000715200000, 0x0000000715200000|100%| O|Cm|TAMS 0x0000000715000000| PB 0x0000000715000000| Complete 
| 169|0x0000000715200000, 0x0000000715400000, 0x0000000715400000|100%| O|  |TAMS 0x0000000715200000| PB 0x0000000715200000| Untracked 
| 170|0x0000000715400000, 0x0000000715600000, 0x0000000715600000|100%| O|  |TAMS 0x0000000715400000| PB 0x0000000715400000| Untracked 
| 171|0x0000000715600000, 0x0000000715800000, 0x0000000715800000|100%| O|  |TAMS 0x0000000715600000| PB 0x0000000715600000| Untracked 
| 172|0x0000000715800000, 0x0000000715800000, 0x0000000715a00000|  0%| F|  |TAMS 0x0000000715800000| PB 0x0000000715800000| Untracked 
| 173|0x0000000715a00000, 0x0000000715c00000, 0x0000000715c00000|100%| O|Cm|TAMS 0x0000000715a00000| PB 0x0000000715a00000| Complete 
| 174|0x0000000715c00000, 0x0000000715c00000, 0x0000000715e00000|  0%| F|  |TAMS 0x0000000715c00000| PB 0x0000000715c00000| Untracked 
| 175|0x0000000715e00000, 0x0000000716000000, 0x0000000716000000|100%| O|Cm|TAMS 0x0000000715e00000| PB 0x0000000715e00000| Complete 
| 176|0x0000000716000000, 0x0000000716000000, 0x0000000716200000|  0%| F|  |TAMS 0x0000000716000000| PB 0x0000000716000000| Untracked 
| 177|0x0000000716200000, 0x0000000716200000, 0x0000000716400000|  0%| F|  |TAMS 0x0000000716200000| PB 0x0000000716200000| Untracked 
| 178|0x0000000716400000, 0x0000000716400000, 0x0000000716600000|  0%| F|  |TAMS 0x0000000716400000| PB 0x0000000716400000| Untracked 
| 179|0x0000000716600000, 0x0000000716600000, 0x0000000716800000|  0%| F|  |TAMS 0x0000000716600000| PB 0x0000000716600000| Untracked 
| 180|0x0000000716800000, 0x0000000716800000, 0x0000000716a00000|  0%| F|  |TAMS 0x0000000716800000| PB 0x0000000716800000| Untracked 
| 181|0x0000000716a00000, 0x0000000716c00000, 0x0000000716c00000|100%| O|  |TAMS 0x0000000716a00000| PB 0x0000000716a00000| Untracked 
| 182|0x0000000716c00000, 0x0000000716c00000, 0x0000000716e00000|  0%| F|  |TAMS 0x0000000716c00000| PB 0x0000000716c00000| Untracked 
| 183|0x0000000716e00000, 0x0000000716e00000, 0x0000000717000000|  0%| F|  |TAMS 0x0000000716e00000| PB 0x0000000716e00000| Untracked 
| 184|0x0000000717000000, 0x0000000717200000, 0x0000000717200000|100%| O|  |TAMS 0x0000000717000000| PB 0x0000000717000000| Untracked 
| 185|0x0000000717200000, 0x0000000717200000, 0x0000000717400000|  0%| F|  |TAMS 0x0000000717200000| PB 0x0000000717200000| Untracked 
| 186|0x0000000717400000, 0x0000000717400000, 0x0000000717600000|  0%| F|  |TAMS 0x0000000717400000| PB 0x0000000717400000| Untracked 
| 187|0x0000000717600000, 0x0000000717600000, 0x0000000717800000|  0%| F|  |TAMS 0x0000000717600000| PB 0x0000000717600000| Untracked 
| 188|0x0000000717800000, 0x0000000717800000, 0x0000000717a00000|  0%| F|  |TAMS 0x0000000717800000| PB 0x0000000717800000| Untracked 
| 189|0x0000000717a00000, 0x0000000717a00000, 0x0000000717c00000|  0%| F|  |TAMS 0x0000000717a00000| PB 0x0000000717a00000| Untracked 
| 190|0x0000000717c00000, 0x0000000717c00000, 0x0000000717e00000|  0%| F|  |TAMS 0x0000000717c00000| PB 0x0000000717c00000| Untracked 
| 191|0x0000000717e00000, 0x0000000717e00000, 0x0000000718000000|  0%| F|  |TAMS 0x0000000717e00000| PB 0x0000000717e00000| Untracked 
| 192|0x0000000718000000, 0x0000000718000000, 0x0000000718200000|  0%| F|  |TAMS 0x0000000718000000| PB 0x0000000718000000| Untracked 
| 193|0x0000000718200000, 0x0000000718200000, 0x0000000718400000|  0%| F|  |TAMS 0x0000000718200000| PB 0x0000000718200000| Untracked 
| 194|0x0000000718400000, 0x0000000718400000, 0x0000000718600000|  0%| F|  |TAMS 0x0000000718400000| PB 0x0000000718400000| Untracked 
| 195|0x0000000718600000, 0x0000000718600000, 0x0000000718800000|  0%| F|  |TAMS 0x0000000718600000| PB 0x0000000718600000| Untracked 
| 196|0x0000000718800000, 0x0000000718800000, 0x0000000718a00000|  0%| F|  |TAMS 0x0000000718800000| PB 0x0000000718800000| Untracked 
| 197|0x0000000718a00000, 0x0000000718a00000, 0x0000000718c00000|  0%| F|  |TAMS 0x0000000718a00000| PB 0x0000000718a00000| Untracked 
| 198|0x0000000718c00000, 0x0000000718c00000, 0x0000000718e00000|  0%| F|  |TAMS 0x0000000718c00000| PB 0x0000000718c00000| Untracked 
| 199|0x0000000718e00000, 0x0000000718e00000, 0x0000000719000000|  0%| F|  |TAMS 0x0000000718e00000| PB 0x0000000718e00000| Untracked 
| 200|0x0000000719000000, 0x0000000719000000, 0x0000000719200000|  0%| F|  |TAMS 0x0000000719000000| PB 0x0000000719000000| Untracked 
| 201|0x0000000719200000, 0x0000000719200000, 0x0000000719400000|  0%| F|  |TAMS 0x0000000719200000| PB 0x0000000719200000| Untracked 
| 202|0x0000000719400000, 0x0000000719400000, 0x0000000719600000|  0%| F|  |TAMS 0x0000000719400000| PB 0x0000000719400000| Untracked 
| 203|0x0000000719600000, 0x0000000719600000, 0x0000000719800000|  0%| F|  |TAMS 0x0000000719600000| PB 0x0000000719600000| Untracked 
| 204|0x0000000719800000, 0x0000000719800000, 0x0000000719a00000|  0%| F|  |TAMS 0x0000000719800000| PB 0x0000000719800000| Untracked 
| 205|0x0000000719a00000, 0x0000000719c00000, 0x0000000719c00000|100%| O|  |TAMS 0x0000000719a00000| PB 0x0000000719a00000| Untracked 
| 206|0x0000000719c00000, 0x0000000719e00000, 0x0000000719e00000|100%| O|  |TAMS 0x0000000719c00000| PB 0x0000000719c00000| Untracked 
| 207|0x0000000719e00000, 0x000000071a000000, 0x000000071a000000|100%| O|  |TAMS 0x0000000719e00000| PB 0x0000000719e00000| Untracked 
| 208|0x000000071a000000, 0x000000071a000000, 0x000000071a200000|  0%| F|  |TAMS 0x000000071a000000| PB 0x000000071a000000| Untracked 
| 209|0x000000071a200000, 0x000000071a200000, 0x000000071a400000|  0%| F|  |TAMS 0x000000071a200000| PB 0x000000071a200000| Untracked 
| 210|0x000000071a400000, 0x000000071a400000, 0x000000071a600000|  0%| F|  |TAMS 0x000000071a400000| PB 0x000000071a400000| Untracked 
| 211|0x000000071a600000, 0x000000071a600000, 0x000000071a800000|  0%| F|  |TAMS 0x000000071a600000| PB 0x000000071a600000| Untracked 
| 212|0x000000071a800000, 0x000000071a800000, 0x000000071aa00000|  0%| F|  |TAMS 0x000000071a800000| PB 0x000000071a800000| Untracked 
| 213|0x000000071aa00000, 0x000000071aa00000, 0x000000071ac00000|  0%| F|  |TAMS 0x000000071aa00000| PB 0x000000071aa00000| Untracked 
| 214|0x000000071ac00000, 0x000000071ac00000, 0x000000071ae00000|  0%| F|  |TAMS 0x000000071ac00000| PB 0x000000071ac00000| Untracked 
| 215|0x000000071ae00000, 0x000000071ae00000, 0x000000071b000000|  0%| F|  |TAMS 0x000000071ae00000| PB 0x000000071ae00000| Untracked 
| 216|0x000000071b000000, 0x000000071b000000, 0x000000071b200000|  0%| F|  |TAMS 0x000000071b000000| PB 0x000000071b000000| Untracked 
| 217|0x000000071b200000, 0x000000071b200000, 0x000000071b400000|  0%| F|  |TAMS 0x000000071b200000| PB 0x000000071b200000| Untracked 
| 218|0x000000071b400000, 0x000000071b400000, 0x000000071b600000|  0%| F|  |TAMS 0x000000071b400000| PB 0x000000071b400000| Untracked 
| 219|0x000000071b600000, 0x000000071b600000, 0x000000071b800000|  0%| F|  |TAMS 0x000000071b600000| PB 0x000000071b600000| Untracked 
| 220|0x000000071b800000, 0x000000071b800000, 0x000000071ba00000|  0%| F|  |TAMS 0x000000071b800000| PB 0x000000071b800000| Untracked 
| 221|0x000000071ba00000, 0x000000071ba00000, 0x000000071bc00000|  0%| F|  |TAMS 0x000000071ba00000| PB 0x000000071ba00000| Untracked 
| 222|0x000000071bc00000, 0x000000071bc00000, 0x000000071be00000|  0%| F|  |TAMS 0x000000071bc00000| PB 0x000000071bc00000| Untracked 
| 223|0x000000071be00000, 0x000000071be00000, 0x000000071c000000|  0%| F|  |TAMS 0x000000071be00000| PB 0x000000071be00000| Untracked 
| 224|0x000000071c000000, 0x000000071c000000, 0x000000071c200000|  0%| F|  |TAMS 0x000000071c000000| PB 0x000000071c000000| Untracked 
| 225|0x000000071c200000, 0x000000071c200000, 0x000000071c400000|  0%| F|  |TAMS 0x000000071c200000| PB 0x000000071c200000| Untracked 
| 226|0x000000071c400000, 0x000000071c400000, 0x000000071c600000|  0%| F|  |TAMS 0x000000071c400000| PB 0x000000071c400000| Untracked 
| 227|0x000000071c600000, 0x000000071c600000, 0x000000071c800000|  0%| F|  |TAMS 0x000000071c600000| PB 0x000000071c600000| Untracked 
| 228|0x000000071c800000, 0x000000071c800000, 0x000000071ca00000|  0%| F|  |TAMS 0x000000071c800000| PB 0x000000071c800000| Untracked 
| 229|0x000000071ca00000, 0x000000071ca00000, 0x000000071cc00000|  0%| F|  |TAMS 0x000000071ca00000| PB 0x000000071ca00000| Untracked 
| 230|0x000000071cc00000, 0x000000071cc00000, 0x000000071ce00000|  0%| F|  |TAMS 0x000000071cc00000| PB 0x000000071cc00000| Untracked 
| 231|0x000000071ce00000, 0x000000071ce00000, 0x000000071d000000|  0%| F|  |TAMS 0x000000071ce00000| PB 0x000000071ce00000| Untracked 
| 232|0x000000071d000000, 0x000000071d000000, 0x000000071d200000|  0%| F|  |TAMS 0x000000071d000000| PB 0x000000071d000000| Untracked 
| 233|0x000000071d200000, 0x000000071d200000, 0x000000071d400000|  0%| F|  |TAMS 0x000000071d200000| PB 0x000000071d200000| Untracked 
| 234|0x000000071d400000, 0x000000071d400000, 0x000000071d600000|  0%| F|  |TAMS 0x000000071d400000| PB 0x000000071d400000| Untracked 
| 235|0x000000071d600000, 0x000000071d600000, 0x000000071d800000|  0%| F|  |TAMS 0x000000071d600000| PB 0x000000071d600000| Untracked 
| 236|0x000000071d800000, 0x000000071d800000, 0x000000071da00000|  0%| F|  |TAMS 0x000000071d800000| PB 0x000000071d800000| Untracked 
| 237|0x000000071da00000, 0x000000071da00000, 0x000000071dc00000|  0%| F|  |TAMS 0x000000071da00000| PB 0x000000071da00000| Untracked 
| 238|0x000000071dc00000, 0x000000071dc00000, 0x000000071de00000|  0%| F|  |TAMS 0x000000071dc00000| PB 0x000000071dc00000| Untracked 
| 239|0x000000071de00000, 0x000000071de00000, 0x000000071e000000|  0%| F|  |TAMS 0x000000071de00000| PB 0x000000071de00000| Untracked 
| 240|0x000000071e000000, 0x000000071e000000, 0x000000071e200000|  0%| F|  |TAMS 0x000000071e000000| PB 0x000000071e000000| Untracked 
| 241|0x000000071e200000, 0x000000071e200000, 0x000000071e400000|  0%| F|  |TAMS 0x000000071e200000| PB 0x000000071e200000| Untracked 
| 242|0x000000071e400000, 0x000000071e400000, 0x000000071e600000|  0%| F|  |TAMS 0x000000071e400000| PB 0x000000071e400000| Untracked 
| 243|0x000000071e600000, 0x000000071e600000, 0x000000071e800000|  0%| F|  |TAMS 0x000000071e600000| PB 0x000000071e600000| Untracked 
| 244|0x000000071e800000, 0x000000071ea00000, 0x000000071ea00000|100%| O|  |TAMS 0x000000071e800000| PB 0x000000071e800000| Untracked 
| 245|0x000000071ea00000, 0x000000071ea00000, 0x000000071ec00000|  0%| F|  |TAMS 0x000000071ea00000| PB 0x000000071ea00000| Untracked 
| 246|0x000000071ec00000, 0x000000071ee00000, 0x000000071ee00000|100%| O|  |TAMS 0x000000071ec00000| PB 0x000000071ec00000| Untracked 
| 247|0x000000071ee00000, 0x000000071f000000, 0x000000071f000000|100%| O|  |TAMS 0x000000071ee00000| PB 0x000000071ee00000| Untracked 
| 248|0x000000071f000000, 0x000000071f000000, 0x000000071f200000|  0%| F|  |TAMS 0x000000071f000000| PB 0x000000071f000000| Untracked 
| 249|0x000000071f200000, 0x000000071f200000, 0x000000071f400000|  0%| F|  |TAMS 0x000000071f200000| PB 0x000000071f200000| Untracked 
| 250|0x000000071f400000, 0x000000071f400000, 0x000000071f600000|  0%| F|  |TAMS 0x000000071f400000| PB 0x000000071f400000| Untracked 
| 251|0x000000071f600000, 0x000000071f800000, 0x000000071f800000|100%| O|Cm|TAMS 0x000000071f600000| PB 0x000000071f600000| Complete 
| 252|0x000000071f800000, 0x000000071f800000, 0x000000071fa00000|  0%| F|  |TAMS 0x000000071f800000| PB 0x000000071f800000| Untracked 
| 253|0x000000071fa00000, 0x000000071fa00000, 0x000000071fc00000|  0%| F|  |TAMS 0x000000071fa00000| PB 0x000000071fa00000| Untracked 
| 254|0x000000071fc00000, 0x000000071fe00000, 0x000000071fe00000|100%| O|Cm|TAMS 0x000000071fc00000| PB 0x000000071fc00000| Complete 
| 255|0x000000071fe00000, 0x000000071fe00000, 0x0000000720000000|  0%| F|  |TAMS 0x000000071fe00000| PB 0x000000071fe00000| Untracked 
| 256|0x0000000720000000, 0x0000000720000000, 0x0000000720200000|  0%| F|  |TAMS 0x0000000720000000| PB 0x0000000720000000| Untracked 
| 257|0x0000000720200000, 0x0000000720200000, 0x0000000720400000|  0%| F|  |TAMS 0x0000000720200000| PB 0x0000000720200000| Untracked 
| 258|0x0000000720400000, 0x0000000720600000, 0x0000000720600000|100%| O|Cm|TAMS 0x0000000720400000| PB 0x0000000720400000| Complete 
| 259|0x0000000720600000, 0x0000000720600000, 0x0000000720800000|  0%| F|  |TAMS 0x0000000720600000| PB 0x0000000720600000| Untracked 
| 260|0x0000000720800000, 0x0000000720800000, 0x0000000720a00000|  0%| F|  |TAMS 0x0000000720800000| PB 0x0000000720800000| Untracked 
| 261|0x0000000720a00000, 0x0000000720c00000, 0x0000000720c00000|100%| O|Cm|TAMS 0x0000000720a00000| PB 0x0000000720a00000| Complete 
| 262|0x0000000720c00000, 0x0000000720c00000, 0x0000000720e00000|  0%| F|  |TAMS 0x0000000720c00000| PB 0x0000000720c00000| Untracked 
| 263|0x0000000720e00000, 0x0000000720e00000, 0x0000000721000000|  0%| F|  |TAMS 0x0000000720e00000| PB 0x0000000720e00000| Untracked 
| 264|0x0000000721000000, 0x0000000721000000, 0x0000000721200000|  0%| F|  |TAMS 0x0000000721000000| PB 0x0000000721000000| Untracked 
| 265|0x0000000721200000, 0x0000000721200000, 0x0000000721400000|  0%| F|  |TAMS 0x0000000721200000| PB 0x0000000721200000| Untracked 
| 266|0x0000000721400000, 0x0000000721400000, 0x0000000721600000|  0%| F|  |TAMS 0x0000000721400000| PB 0x0000000721400000| Untracked 
| 267|0x0000000721600000, 0x0000000721600000, 0x0000000721800000|  0%| F|  |TAMS 0x0000000721600000| PB 0x0000000721600000| Untracked 
| 268|0x0000000721800000, 0x0000000721800000, 0x0000000721a00000|  0%| F|  |TAMS 0x0000000721800000| PB 0x0000000721800000| Untracked 
| 269|0x0000000721a00000, 0x0000000721a00000, 0x0000000721c00000|  0%| F|  |TAMS 0x0000000721a00000| PB 0x0000000721a00000| Untracked 
| 270|0x0000000721c00000, 0x0000000721c00000, 0x0000000721e00000|  0%| F|  |TAMS 0x0000000721c00000| PB 0x0000000721c00000| Untracked 
| 271|0x0000000721e00000, 0x0000000721e00000, 0x0000000722000000|  0%| F|  |TAMS 0x0000000721e00000| PB 0x0000000721e00000| Untracked 
| 272|0x0000000722000000, 0x0000000722000000, 0x0000000722200000|  0%| F|  |TAMS 0x0000000722000000| PB 0x0000000722000000| Untracked 
| 273|0x0000000722200000, 0x0000000722200000, 0x0000000722400000|  0%| F|  |TAMS 0x0000000722200000| PB 0x0000000722200000| Untracked 
| 274|0x0000000722400000, 0x0000000722400000, 0x0000000722600000|  0%| F|  |TAMS 0x0000000722400000| PB 0x0000000722400000| Untracked 
| 275|0x0000000722600000, 0x0000000722600000, 0x0000000722800000|  0%| F|  |TAMS 0x0000000722600000| PB 0x0000000722600000| Untracked 
| 276|0x0000000722800000, 0x0000000722800000, 0x0000000722a00000|  0%| F|  |TAMS 0x0000000722800000| PB 0x0000000722800000| Untracked 
| 277|0x0000000722a00000, 0x0000000722a00000, 0x0000000722c00000|  0%| F|  |TAMS 0x0000000722a00000| PB 0x0000000722a00000| Untracked 
| 278|0x0000000722c00000, 0x0000000722c00000, 0x0000000722e00000|  0%| F|  |TAMS 0x0000000722c00000| PB 0x0000000722c00000| Untracked 
| 279|0x0000000722e00000, 0x0000000722e00000, 0x0000000723000000|  0%| F|  |TAMS 0x0000000722e00000| PB 0x0000000722e00000| Untracked 
| 280|0x0000000723000000, 0x0000000723000000, 0x0000000723200000|  0%| F|  |TAMS 0x0000000723000000| PB 0x0000000723000000| Untracked 
| 281|0x0000000723200000, 0x0000000723200000, 0x0000000723400000|  0%| F|  |TAMS 0x0000000723200000| PB 0x0000000723200000| Untracked 
| 282|0x0000000723400000, 0x0000000723400000, 0x0000000723600000|  0%| F|  |TAMS 0x0000000723400000| PB 0x0000000723400000| Untracked 
| 283|0x0000000723600000, 0x0000000723600000, 0x0000000723800000|  0%| F|  |TAMS 0x0000000723600000| PB 0x0000000723600000| Untracked 
| 284|0x0000000723800000, 0x0000000723800000, 0x0000000723a00000|  0%| F|  |TAMS 0x0000000723800000| PB 0x0000000723800000| Untracked 
| 285|0x0000000723a00000, 0x0000000723a00000, 0x0000000723c00000|  0%| F|  |TAMS 0x0000000723a00000| PB 0x0000000723a00000| Untracked 
| 286|0x0000000723c00000, 0x0000000723c00000, 0x0000000723e00000|  0%| F|  |TAMS 0x0000000723c00000| PB 0x0000000723c00000| Untracked 
| 287|0x0000000723e00000, 0x0000000723e00000, 0x0000000724000000|  0%| F|  |TAMS 0x0000000723e00000| PB 0x0000000723e00000| Untracked 
| 288|0x0000000724000000, 0x0000000724000000, 0x0000000724200000|  0%| F|  |TAMS 0x0000000724000000| PB 0x0000000724000000| Untracked 
| 289|0x0000000724200000, 0x0000000724200000, 0x0000000724400000|  0%| F|  |TAMS 0x0000000724200000| PB 0x0000000724200000| Untracked 
| 290|0x0000000724400000, 0x0000000724400000, 0x0000000724600000|  0%| F|  |TAMS 0x0000000724400000| PB 0x0000000724400000| Untracked 
| 291|0x0000000724600000, 0x0000000724600000, 0x0000000724800000|  0%| F|  |TAMS 0x0000000724600000| PB 0x0000000724600000| Untracked 
| 292|0x0000000724800000, 0x0000000724800000, 0x0000000724a00000|  0%| F|  |TAMS 0x0000000724800000| PB 0x0000000724800000| Untracked 
| 293|0x0000000724a00000, 0x0000000724a00000, 0x0000000724c00000|  0%| F|  |TAMS 0x0000000724a00000| PB 0x0000000724a00000| Untracked 
| 294|0x0000000724c00000, 0x0000000724c00000, 0x0000000724e00000|  0%| F|  |TAMS 0x0000000724c00000| PB 0x0000000724c00000| Untracked 
| 295|0x0000000724e00000, 0x0000000724e00000, 0x0000000725000000|  0%| F|  |TAMS 0x0000000724e00000| PB 0x0000000724e00000| Untracked 
| 296|0x0000000725000000, 0x0000000725000000, 0x0000000725200000|  0%| F|  |TAMS 0x0000000725000000| PB 0x0000000725000000| Untracked 
| 297|0x0000000725200000, 0x0000000725200000, 0x0000000725400000|  0%| F|  |TAMS 0x0000000725200000| PB 0x0000000725200000| Untracked 
| 298|0x0000000725400000, 0x0000000725400000, 0x0000000725600000|  0%| F|  |TAMS 0x0000000725400000| PB 0x0000000725400000| Untracked 
| 299|0x0000000725600000, 0x0000000725600000, 0x0000000725800000|  0%| F|  |TAMS 0x0000000725600000| PB 0x0000000725600000| Untracked 
| 300|0x0000000725800000, 0x0000000725800000, 0x0000000725a00000|  0%| F|  |TAMS 0x0000000725800000| PB 0x0000000725800000| Untracked 
| 301|0x0000000725a00000, 0x0000000725a00000, 0x0000000725c00000|  0%| F|  |TAMS 0x0000000725a00000| PB 0x0000000725a00000| Untracked 
| 302|0x0000000725c00000, 0x0000000725c00000, 0x0000000725e00000|  0%| F|  |TAMS 0x0000000725c00000| PB 0x0000000725c00000| Untracked 
| 303|0x0000000725e00000, 0x0000000725e00000, 0x0000000726000000|  0%| F|  |TAMS 0x0000000725e00000| PB 0x0000000725e00000| Untracked 
| 304|0x0000000726000000, 0x0000000726000000, 0x0000000726200000|  0%| F|  |TAMS 0x0000000726000000| PB 0x0000000726000000| Untracked 
| 305|0x0000000726200000, 0x0000000726200000, 0x0000000726400000|  0%| F|  |TAMS 0x0000000726200000| PB 0x0000000726200000| Untracked 
| 306|0x0000000726400000, 0x0000000726400000, 0x0000000726600000|  0%| F|  |TAMS 0x0000000726400000| PB 0x0000000726400000| Untracked 
| 307|0x0000000726600000, 0x0000000726600000, 0x0000000726800000|  0%| F|  |TAMS 0x0000000726600000| PB 0x0000000726600000| Untracked 
| 308|0x0000000726800000, 0x0000000726800000, 0x0000000726a00000|  0%| F|  |TAMS 0x0000000726800000| PB 0x0000000726800000| Untracked 
| 309|0x0000000726a00000, 0x0000000726a00000, 0x0000000726c00000|  0%| F|  |TAMS 0x0000000726a00000| PB 0x0000000726a00000| Untracked 
| 310|0x0000000726c00000, 0x0000000726c00000, 0x0000000726e00000|  0%| F|  |TAMS 0x0000000726c00000| PB 0x0000000726c00000| Untracked 
| 311|0x0000000726e00000, 0x0000000726e00000, 0x0000000727000000|  0%| F|  |TAMS 0x0000000726e00000| PB 0x0000000726e00000| Untracked 
| 312|0x0000000727000000, 0x0000000727000000, 0x0000000727200000|  0%| F|  |TAMS 0x0000000727000000| PB 0x0000000727000000| Untracked 
| 313|0x0000000727200000, 0x0000000727200000, 0x0000000727400000|  0%| F|  |TAMS 0x0000000727200000| PB 0x0000000727200000| Untracked 
| 314|0x0000000727400000, 0x0000000727400000, 0x0000000727600000|  0%| F|  |TAMS 0x0000000727400000| PB 0x0000000727400000| Untracked 
| 315|0x0000000727600000, 0x0000000727600000, 0x0000000727800000|  0%| F|  |TAMS 0x0000000727600000| PB 0x0000000727600000| Untracked 
| 316|0x0000000727800000, 0x0000000727800000, 0x0000000727a00000|  0%| F|  |TAMS 0x0000000727800000| PB 0x0000000727800000| Untracked 
| 317|0x0000000727a00000, 0x0000000727a00000, 0x0000000727c00000|  0%| F|  |TAMS 0x0000000727a00000| PB 0x0000000727a00000| Untracked 
| 318|0x0000000727c00000, 0x0000000727c00000, 0x0000000727e00000|  0%| F|  |TAMS 0x0000000727c00000| PB 0x0000000727c00000| Untracked 
| 319|0x0000000727e00000, 0x0000000727e00000, 0x0000000728000000|  0%| F|  |TAMS 0x0000000727e00000| PB 0x0000000727e00000| Untracked 
| 320|0x0000000728000000, 0x0000000728000000, 0x0000000728200000|  0%| F|  |TAMS 0x0000000728000000| PB 0x0000000728000000| Untracked 
| 321|0x0000000728200000, 0x0000000728200000, 0x0000000728400000|  0%| F|  |TAMS 0x0000000728200000| PB 0x0000000728200000| Untracked 
| 322|0x0000000728400000, 0x0000000728400000, 0x0000000728600000|  0%| F|  |TAMS 0x0000000728400000| PB 0x0000000728400000| Untracked 
| 323|0x0000000728600000, 0x0000000728600000, 0x0000000728800000|  0%| F|  |TAMS 0x0000000728600000| PB 0x0000000728600000| Untracked 
| 324|0x0000000728800000, 0x0000000728800000, 0x0000000728a00000|  0%| F|  |TAMS 0x0000000728800000| PB 0x0000000728800000| Untracked 
| 325|0x0000000728a00000, 0x0000000728a00000, 0x0000000728c00000|  0%| F|  |TAMS 0x0000000728a00000| PB 0x0000000728a00000| Untracked 
| 326|0x0000000728c00000, 0x0000000728c00000, 0x0000000728e00000|  0%| F|  |TAMS 0x0000000728c00000| PB 0x0000000728c00000| Untracked 
| 327|0x0000000728e00000, 0x0000000728e00000, 0x0000000729000000|  0%| F|  |TAMS 0x0000000728e00000| PB 0x0000000728e00000| Untracked 
| 328|0x0000000729000000, 0x0000000729000000, 0x0000000729200000|  0%| F|  |TAMS 0x0000000729000000| PB 0x0000000729000000| Untracked 
| 329|0x0000000729200000, 0x0000000729200000, 0x0000000729400000|  0%| F|  |TAMS 0x0000000729200000| PB 0x0000000729200000| Untracked 
| 330|0x0000000729400000, 0x0000000729400000, 0x0000000729600000|  0%| F|  |TAMS 0x0000000729400000| PB 0x0000000729400000| Untracked 
| 331|0x0000000729600000, 0x0000000729600000, 0x0000000729800000|  0%| F|  |TAMS 0x0000000729600000| PB 0x0000000729600000| Untracked 
| 332|0x0000000729800000, 0x0000000729800000, 0x0000000729a00000|  0%| F|  |TAMS 0x0000000729800000| PB 0x0000000729800000| Untracked 
| 333|0x0000000729a00000, 0x0000000729a00000, 0x0000000729c00000|  0%| F|  |TAMS 0x0000000729a00000| PB 0x0000000729a00000| Untracked 
| 334|0x0000000729c00000, 0x0000000729c00000, 0x0000000729e00000|  0%| F|  |TAMS 0x0000000729c00000| PB 0x0000000729c00000| Untracked 
| 335|0x0000000729e00000, 0x0000000729e00000, 0x000000072a000000|  0%| F|  |TAMS 0x0000000729e00000| PB 0x0000000729e00000| Untracked 
| 336|0x000000072a000000, 0x000000072a000000, 0x000000072a200000|  0%| F|  |TAMS 0x000000072a000000| PB 0x000000072a000000| Untracked 
| 337|0x000000072a200000, 0x000000072a200000, 0x000000072a400000|  0%| F|  |TAMS 0x000000072a200000| PB 0x000000072a200000| Untracked 
| 338|0x000000072a400000, 0x000000072a400000, 0x000000072a600000|  0%| F|  |TAMS 0x000000072a400000| PB 0x000000072a400000| Untracked 
| 339|0x000000072a600000, 0x000000072a600000, 0x000000072a800000|  0%| F|  |TAMS 0x000000072a600000| PB 0x000000072a600000| Untracked 
| 340|0x000000072a800000, 0x000000072a800000, 0x000000072aa00000|  0%| F|  |TAMS 0x000000072a800000| PB 0x000000072a800000| Untracked 
| 341|0x000000072aa00000, 0x000000072aa00000, 0x000000072ac00000|  0%| F|  |TAMS 0x000000072aa00000| PB 0x000000072aa00000| Untracked 
| 342|0x000000072ac00000, 0x000000072ac00000, 0x000000072ae00000|  0%| F|  |TAMS 0x000000072ac00000| PB 0x000000072ac00000| Untracked 
| 343|0x000000072ae00000, 0x000000072ae00000, 0x000000072b000000|  0%| F|  |TAMS 0x000000072ae00000| PB 0x000000072ae00000| Untracked 
| 344|0x000000072b000000, 0x000000072b000000, 0x000000072b200000|  0%| F|  |TAMS 0x000000072b000000| PB 0x000000072b000000| Untracked 
| 345|0x000000072b200000, 0x000000072b200000, 0x000000072b400000|  0%| F|  |TAMS 0x000000072b200000| PB 0x000000072b200000| Untracked 
| 346|0x000000072b400000, 0x000000072b400000, 0x000000072b600000|  0%| F|  |TAMS 0x000000072b400000| PB 0x000000072b400000| Untracked 
| 347|0x000000072b600000, 0x000000072b600000, 0x000000072b800000|  0%| F|  |TAMS 0x000000072b600000| PB 0x000000072b600000| Untracked 
| 348|0x000000072b800000, 0x000000072b800000, 0x000000072ba00000|  0%| F|  |TAMS 0x000000072b800000| PB 0x000000072b800000| Untracked 
| 349|0x000000072ba00000, 0x000000072ba00000, 0x000000072bc00000|  0%| F|  |TAMS 0x000000072ba00000| PB 0x000000072ba00000| Untracked 
| 350|0x000000072bc00000, 0x000000072bc00000, 0x000000072be00000|  0%| F|  |TAMS 0x000000072bc00000| PB 0x000000072bc00000| Untracked 
| 351|0x000000072be00000, 0x000000072be00000, 0x000000072c000000|  0%| F|  |TAMS 0x000000072be00000| PB 0x000000072be00000| Untracked 
| 352|0x000000072c000000, 0x000000072c000000, 0x000000072c200000|  0%| F|  |TAMS 0x000000072c000000| PB 0x000000072c000000| Untracked 
| 353|0x000000072c200000, 0x000000072c200000, 0x000000072c400000|  0%| F|  |TAMS 0x000000072c200000| PB 0x000000072c200000| Untracked 
| 354|0x000000072c400000, 0x000000072c400000, 0x000000072c600000|  0%| F|  |TAMS 0x000000072c400000| PB 0x000000072c400000| Untracked 
| 355|0x000000072c600000, 0x000000072c600000, 0x000000072c800000|  0%| F|  |TAMS 0x000000072c600000| PB 0x000000072c600000| Untracked 
| 356|0x000000072c800000, 0x000000072c800000, 0x000000072ca00000|  0%| F|  |TAMS 0x000000072c800000| PB 0x000000072c800000| Untracked 
| 357|0x000000072ca00000, 0x000000072ca00000, 0x000000072cc00000|  0%| F|  |TAMS 0x000000072ca00000| PB 0x000000072ca00000| Untracked 
| 358|0x000000072cc00000, 0x000000072cc00000, 0x000000072ce00000|  0%| F|  |TAMS 0x000000072cc00000| PB 0x000000072cc00000| Untracked 
| 359|0x000000072ce00000, 0x000000072ce00000, 0x000000072d000000|  0%| F|  |TAMS 0x000000072ce00000| PB 0x000000072ce00000| Untracked 
| 360|0x000000072d000000, 0x000000072d000000, 0x000000072d200000|  0%| F|  |TAMS 0x000000072d000000| PB 0x000000072d000000| Untracked 
| 361|0x000000072d200000, 0x000000072d200000, 0x000000072d400000|  0%| F|  |TAMS 0x000000072d200000| PB 0x000000072d200000| Untracked 
| 362|0x000000072d400000, 0x000000072d400000, 0x000000072d600000|  0%| F|  |TAMS 0x000000072d400000| PB 0x000000072d400000| Untracked 
| 363|0x000000072d600000, 0x000000072d600000, 0x000000072d800000|  0%| F|  |TAMS 0x000000072d600000| PB 0x000000072d600000| Untracked 
| 364|0x000000072d800000, 0x000000072d800000, 0x000000072da00000|  0%| F|  |TAMS 0x000000072d800000| PB 0x000000072d800000| Untracked 
| 365|0x000000072da00000, 0x000000072da00000, 0x000000072dc00000|  0%| F|  |TAMS 0x000000072da00000| PB 0x000000072da00000| Untracked 
| 366|0x000000072dc00000, 0x000000072dc00000, 0x000000072de00000|  0%| F|  |TAMS 0x000000072dc00000| PB 0x000000072dc00000| Untracked 
| 367|0x000000072de00000, 0x000000072de00000, 0x000000072e000000|  0%| F|  |TAMS 0x000000072de00000| PB 0x000000072de00000| Untracked 
| 368|0x000000072e000000, 0x000000072e000000, 0x000000072e200000|  0%| F|  |TAMS 0x000000072e000000| PB 0x000000072e000000| Untracked 
| 369|0x000000072e200000, 0x000000072e200000, 0x000000072e400000|  0%| F|  |TAMS 0x000000072e200000| PB 0x000000072e200000| Untracked 
| 370|0x000000072e400000, 0x000000072e400000, 0x000000072e600000|  0%| F|  |TAMS 0x000000072e400000| PB 0x000000072e400000| Untracked 
| 371|0x000000072e600000, 0x000000072e600000, 0x000000072e800000|  0%| F|  |TAMS 0x000000072e600000| PB 0x000000072e600000| Untracked 
| 372|0x000000072e800000, 0x000000072e800000, 0x000000072ea00000|  0%| F|  |TAMS 0x000000072e800000| PB 0x000000072e800000| Untracked 
| 373|0x000000072ea00000, 0x000000072ea00000, 0x000000072ec00000|  0%| F|  |TAMS 0x000000072ea00000| PB 0x000000072ea00000| Untracked 
| 374|0x000000072ec00000, 0x000000072ec00000, 0x000000072ee00000|  0%| F|  |TAMS 0x000000072ec00000| PB 0x000000072ec00000| Untracked 
| 375|0x000000072ee00000, 0x000000072ee00000, 0x000000072f000000|  0%| F|  |TAMS 0x000000072ee00000| PB 0x000000072ee00000| Untracked 
| 376|0x000000072f000000, 0x000000072f000000, 0x000000072f200000|  0%| F|  |TAMS 0x000000072f000000| PB 0x000000072f000000| Untracked 
| 377|0x000000072f200000, 0x000000072f200000, 0x000000072f400000|  0%| F|  |TAMS 0x000000072f200000| PB 0x000000072f200000| Untracked 
| 378|0x000000072f400000, 0x000000072f400000, 0x000000072f600000|  0%| F|  |TAMS 0x000000072f400000| PB 0x000000072f400000| Untracked 
| 379|0x000000072f600000, 0x000000072f600000, 0x000000072f800000|  0%| F|  |TAMS 0x000000072f600000| PB 0x000000072f600000| Untracked 
| 380|0x000000072f800000, 0x000000072f800000, 0x000000072fa00000|  0%| F|  |TAMS 0x000000072f800000| PB 0x000000072f800000| Untracked 
| 381|0x000000072fa00000, 0x000000072fa00000, 0x000000072fc00000|  0%| F|  |TAMS 0x000000072fa00000| PB 0x000000072fa00000| Untracked 
| 382|0x000000072fc00000, 0x000000072fc00000, 0x000000072fe00000|  0%| F|  |TAMS 0x000000072fc00000| PB 0x000000072fc00000| Untracked 
| 383|0x000000072fe00000, 0x000000072fe00000, 0x0000000730000000|  0%| F|  |TAMS 0x000000072fe00000| PB 0x000000072fe00000| Untracked 
| 384|0x0000000730000000, 0x0000000730182a70, 0x0000000730200000| 75%| E|  |TAMS 0x0000000730000000| PB 0x0000000730000000| Complete 
| 385|0x0000000730200000, 0x0000000730400000, 0x0000000730400000|100%| E|CS|TAMS 0x0000000730200000| PB 0x0000000730200000| Complete 
| 386|0x0000000730400000, 0x0000000730600000, 0x0000000730600000|100%| E|CS|TAMS 0x0000000730400000| PB 0x0000000730400000| Complete 
| 387|0x0000000730600000, 0x0000000730800000, 0x0000000730800000|100%| E|CS|TAMS 0x0000000730600000| PB 0x0000000730600000| Complete 
| 388|0x0000000730800000, 0x0000000730a00000, 0x0000000730a00000|100%| E|CS|TAMS 0x0000000730800000| PB 0x0000000730800000| Complete 
| 389|0x0000000730a00000, 0x0000000730c00000, 0x0000000730c00000|100%| E|CS|TAMS 0x0000000730a00000| PB 0x0000000730a00000| Complete 
| 390|0x0000000730c00000, 0x0000000730e00000, 0x0000000730e00000|100%| E|CS|TAMS 0x0000000730c00000| PB 0x0000000730c00000| Complete 
| 391|0x0000000730e00000, 0x0000000731000000, 0x0000000731000000|100%| E|CS|TAMS 0x0000000730e00000| PB 0x0000000730e00000| Complete 
| 392|0x0000000731000000, 0x0000000731200000, 0x0000000731200000|100%| E|CS|TAMS 0x0000000731000000| PB 0x0000000731000000| Complete 
| 393|0x0000000731200000, 0x0000000731400000, 0x0000000731400000|100%| E|CS|TAMS 0x0000000731200000| PB 0x0000000731200000| Complete 
| 394|0x0000000731400000, 0x0000000731600000, 0x0000000731600000|100%| E|CS|TAMS 0x0000000731400000| PB 0x0000000731400000| Complete 
| 395|0x0000000731600000, 0x0000000731800000, 0x0000000731800000|100%| E|CS|TAMS 0x0000000731600000| PB 0x0000000731600000| Complete 
| 396|0x0000000731800000, 0x0000000731a00000, 0x0000000731a00000|100%| E|CS|TAMS 0x0000000731800000| PB 0x0000000731800000| Complete 
| 397|0x0000000731a00000, 0x0000000731c00000, 0x0000000731c00000|100%| E|CS|TAMS 0x0000000731a00000| PB 0x0000000731a00000| Complete 
| 398|0x0000000731c00000, 0x0000000731e00000, 0x0000000731e00000|100%| E|CS|TAMS 0x0000000731c00000| PB 0x0000000731c00000| Complete 
| 399|0x0000000731e00000, 0x0000000732000000, 0x0000000732000000|100%| E|CS|TAMS 0x0000000731e00000| PB 0x0000000731e00000| Complete 
| 400|0x0000000732000000, 0x0000000732200000, 0x0000000732200000|100%| E|CS|TAMS 0x0000000732000000| PB 0x0000000732000000| Complete 
| 401|0x0000000732200000, 0x0000000732400000, 0x0000000732400000|100%| E|CS|TAMS 0x0000000732200000| PB 0x0000000732200000| Complete 
| 402|0x0000000732400000, 0x0000000732600000, 0x0000000732600000|100%| E|CS|TAMS 0x0000000732400000| PB 0x0000000732400000| Complete 
| 403|0x0000000732600000, 0x0000000732800000, 0x0000000732800000|100%| E|CS|TAMS 0x0000000732600000| PB 0x0000000732600000| Complete 
| 404|0x0000000732800000, 0x0000000732a00000, 0x0000000732a00000|100%| E|CS|TAMS 0x0000000732800000| PB 0x0000000732800000| Complete 
| 405|0x0000000732a00000, 0x0000000732c00000, 0x0000000732c00000|100%| E|CS|TAMS 0x0000000732a00000| PB 0x0000000732a00000| Complete 
| 406|0x0000000732c00000, 0x0000000732e00000, 0x0000000732e00000|100%| E|CS|TAMS 0x0000000732c00000| PB 0x0000000732c00000| Complete 
| 407|0x0000000732e00000, 0x0000000733000000, 0x0000000733000000|100%| E|CS|TAMS 0x0000000732e00000| PB 0x0000000732e00000| Complete 
| 408|0x0000000733000000, 0x0000000733200000, 0x0000000733200000|100%| E|CS|TAMS 0x0000000733000000| PB 0x0000000733000000| Complete 
| 409|0x0000000733200000, 0x0000000733400000, 0x0000000733400000|100%| E|CS|TAMS 0x0000000733200000| PB 0x0000000733200000| Complete 
| 410|0x0000000733400000, 0x0000000733600000, 0x0000000733600000|100%| E|CS|TAMS 0x0000000733400000| PB 0x0000000733400000| Complete 
| 411|0x0000000733600000, 0x0000000733800000, 0x0000000733800000|100%| E|CS|TAMS 0x0000000733600000| PB 0x0000000733600000| Complete 
| 412|0x0000000733800000, 0x0000000733a00000, 0x0000000733a00000|100%| E|CS|TAMS 0x0000000733800000| PB 0x0000000733800000| Complete 
| 413|0x0000000733a00000, 0x0000000733c00000, 0x0000000733c00000|100%| E|CS|TAMS 0x0000000733a00000| PB 0x0000000733a00000| Complete 
| 414|0x0000000733c00000, 0x0000000733e00000, 0x0000000733e00000|100%| E|CS|TAMS 0x0000000733c00000| PB 0x0000000733c00000| Complete 
| 415|0x0000000733e00000, 0x0000000734000000, 0x0000000734000000|100%| E|CS|TAMS 0x0000000733e00000| PB 0x0000000733e00000| Complete 
| 416|0x0000000734000000, 0x0000000734200000, 0x0000000734200000|100%| E|CS|TAMS 0x0000000734000000| PB 0x0000000734000000| Complete 
| 417|0x0000000734200000, 0x0000000734400000, 0x0000000734400000|100%| E|CS|TAMS 0x0000000734200000| PB 0x0000000734200000| Complete 
| 418|0x0000000734400000, 0x0000000734600000, 0x0000000734600000|100%| E|CS|TAMS 0x0000000734400000| PB 0x0000000734400000| Complete 
| 419|0x0000000734600000, 0x0000000734800000, 0x0000000734800000|100%| E|CS|TAMS 0x0000000734600000| PB 0x0000000734600000| Complete 
| 420|0x0000000734800000, 0x0000000734a00000, 0x0000000734a00000|100%| E|CS|TAMS 0x0000000734800000| PB 0x0000000734800000| Complete 
| 421|0x0000000734a00000, 0x0000000734c00000, 0x0000000734c00000|100%| E|CS|TAMS 0x0000000734a00000| PB 0x0000000734a00000| Complete 
| 422|0x0000000734c00000, 0x0000000734e00000, 0x0000000734e00000|100%| E|CS|TAMS 0x0000000734c00000| PB 0x0000000734c00000| Complete 
| 423|0x0000000734e00000, 0x0000000735000000, 0x0000000735000000|100%| E|CS|TAMS 0x0000000734e00000| PB 0x0000000734e00000| Complete 
| 424|0x0000000735000000, 0x0000000735200000, 0x0000000735200000|100%| E|CS|TAMS 0x0000000735000000| PB 0x0000000735000000| Complete 
| 425|0x0000000735200000, 0x0000000735400000, 0x0000000735400000|100%| E|CS|TAMS 0x0000000735200000| PB 0x0000000735200000| Complete 
| 426|0x0000000735400000, 0x0000000735600000, 0x0000000735600000|100%| E|CS|TAMS 0x0000000735400000| PB 0x0000000735400000| Complete 
| 427|0x0000000735600000, 0x0000000735800000, 0x0000000735800000|100%| E|CS|TAMS 0x0000000735600000| PB 0x0000000735600000| Complete 
| 428|0x0000000735800000, 0x0000000735a00000, 0x0000000735a00000|100%| E|CS|TAMS 0x0000000735800000| PB 0x0000000735800000| Complete 
| 429|0x0000000735a00000, 0x0000000735c00000, 0x0000000735c00000|100%| E|CS|TAMS 0x0000000735a00000| PB 0x0000000735a00000| Complete 
| 430|0x0000000735c00000, 0x0000000735e00000, 0x0000000735e00000|100%| E|CS|TAMS 0x0000000735c00000| PB 0x0000000735c00000| Complete 
| 431|0x0000000735e00000, 0x0000000736000000, 0x0000000736000000|100%| E|CS|TAMS 0x0000000735e00000| PB 0x0000000735e00000| Complete 
| 432|0x0000000736000000, 0x0000000736200000, 0x0000000736200000|100%| E|CS|TAMS 0x0000000736000000| PB 0x0000000736000000| Complete 
| 433|0x0000000736200000, 0x0000000736400000, 0x0000000736400000|100%| E|CS|TAMS 0x0000000736200000| PB 0x0000000736200000| Complete 
| 434|0x0000000736400000, 0x0000000736600000, 0x0000000736600000|100%| E|CS|TAMS 0x0000000736400000| PB 0x0000000736400000| Complete 
| 435|0x0000000736600000, 0x0000000736800000, 0x0000000736800000|100%| E|CS|TAMS 0x0000000736600000| PB 0x0000000736600000| Complete 
| 436|0x0000000736800000, 0x0000000736a00000, 0x0000000736a00000|100%| E|CS|TAMS 0x0000000736800000| PB 0x0000000736800000| Complete 
| 437|0x0000000736a00000, 0x0000000736c00000, 0x0000000736c00000|100%| E|CS|TAMS 0x0000000736a00000| PB 0x0000000736a00000| Complete 
| 438|0x0000000736c00000, 0x0000000736e00000, 0x0000000736e00000|100%| E|  |TAMS 0x0000000736c00000| PB 0x0000000736c00000| Complete 
| 439|0x0000000736e00000, 0x0000000737000000, 0x0000000737000000|100%| E|CS|TAMS 0x0000000736e00000| PB 0x0000000736e00000| Complete 
| 440|0x0000000737000000, 0x0000000737200000, 0x0000000737200000|100%| E|CS|TAMS 0x0000000737000000| PB 0x0000000737000000| Complete 
| 441|0x0000000737200000, 0x0000000737400000, 0x0000000737400000|100%| E|CS|TAMS 0x0000000737200000| PB 0x0000000737200000| Complete 
| 442|0x0000000737400000, 0x0000000737600000, 0x0000000737600000|100%| E|CS|TAMS 0x0000000737400000| PB 0x0000000737400000| Complete 
| 443|0x0000000737600000, 0x0000000737800000, 0x0000000737800000|100%| E|CS|TAMS 0x0000000737600000| PB 0x0000000737600000| Complete 
| 444|0x0000000737800000, 0x0000000737a00000, 0x0000000737a00000|100%| E|CS|TAMS 0x0000000737800000| PB 0x0000000737800000| Complete 
| 445|0x0000000737a00000, 0x0000000737c00000, 0x0000000737c00000|100%| E|CS|TAMS 0x0000000737a00000| PB 0x0000000737a00000| Complete 
| 446|0x0000000737c00000, 0x0000000737e00000, 0x0000000737e00000|100%| E|CS|TAMS 0x0000000737c00000| PB 0x0000000737c00000| Complete 
| 447|0x0000000737e00000, 0x0000000738000000, 0x0000000738000000|100%| E|CS|TAMS 0x0000000737e00000| PB 0x0000000737e00000| Complete 
| 448|0x0000000738000000, 0x0000000738200000, 0x0000000738200000|100%| E|CS|TAMS 0x0000000738000000| PB 0x0000000738000000| Complete 
| 449|0x0000000738200000, 0x0000000738400000, 0x0000000738400000|100%| E|CS|TAMS 0x0000000738200000| PB 0x0000000738200000| Complete 
| 450|0x0000000738400000, 0x0000000738600000, 0x0000000738600000|100%| E|CS|TAMS 0x0000000738400000| PB 0x0000000738400000| Complete 
| 451|0x0000000738600000, 0x0000000738800000, 0x0000000738800000|100%| E|CS|TAMS 0x0000000738600000| PB 0x0000000738600000| Complete 
| 452|0x0000000738800000, 0x0000000738a00000, 0x0000000738a00000|100%| E|CS|TAMS 0x0000000738800000| PB 0x0000000738800000| Complete 
| 453|0x0000000738a00000, 0x0000000738c00000, 0x0000000738c00000|100%| E|CS|TAMS 0x0000000738a00000| PB 0x0000000738a00000| Complete 
| 454|0x0000000738c00000, 0x0000000738e00000, 0x0000000738e00000|100%| E|CS|TAMS 0x0000000738c00000| PB 0x0000000738c00000| Complete 
| 455|0x0000000738e00000, 0x0000000739000000, 0x0000000739000000|100%| E|CS|TAMS 0x0000000738e00000| PB 0x0000000738e00000| Complete 
| 456|0x0000000739000000, 0x0000000739200000, 0x0000000739200000|100%| E|CS|TAMS 0x0000000739000000| PB 0x0000000739000000| Complete 
| 457|0x0000000739200000, 0x0000000739400000, 0x0000000739400000|100%| E|CS|TAMS 0x0000000739200000| PB 0x0000000739200000| Complete 
| 458|0x0000000739400000, 0x0000000739600000, 0x0000000739600000|100%| E|CS|TAMS 0x0000000739400000| PB 0x0000000739400000| Complete 
| 459|0x0000000739600000, 0x0000000739800000, 0x0000000739800000|100%| E|CS|TAMS 0x0000000739600000| PB 0x0000000739600000| Complete 
| 460|0x0000000739800000, 0x0000000739a00000, 0x0000000739a00000|100%| E|CS|TAMS 0x0000000739800000| PB 0x0000000739800000| Complete 
| 461|0x0000000739a00000, 0x0000000739c00000, 0x0000000739c00000|100%| E|CS|TAMS 0x0000000739a00000| PB 0x0000000739a00000| Complete 
| 462|0x0000000739c00000, 0x0000000739e00000, 0x0000000739e00000|100%| E|CS|TAMS 0x0000000739c00000| PB 0x0000000739c00000| Complete 
| 463|0x0000000739e00000, 0x000000073a000000, 0x000000073a000000|100%| E|CS|TAMS 0x0000000739e00000| PB 0x0000000739e00000| Complete 
| 464|0x000000073a000000, 0x000000073a200000, 0x000000073a200000|100%| E|CS|TAMS 0x000000073a000000| PB 0x000000073a000000| Complete 
| 465|0x000000073a200000, 0x000000073a400000, 0x000000073a400000|100%| E|CS|TAMS 0x000000073a200000| PB 0x000000073a200000| Complete 
| 466|0x000000073a400000, 0x000000073a600000, 0x000000073a600000|100%| E|CS|TAMS 0x000000073a400000| PB 0x000000073a400000| Complete 
| 467|0x000000073a600000, 0x000000073a800000, 0x000000073a800000|100%| E|CS|TAMS 0x000000073a600000| PB 0x000000073a600000| Complete 
| 468|0x000000073a800000, 0x000000073aa00000, 0x000000073aa00000|100%| E|CS|TAMS 0x000000073a800000| PB 0x000000073a800000| Complete 
| 469|0x000000073aa00000, 0x000000073ac00000, 0x000000073ac00000|100%| E|CS|TAMS 0x000000073aa00000| PB 0x000000073aa00000| Complete 
| 470|0x000000073ac00000, 0x000000073ae00000, 0x000000073ae00000|100%| E|CS|TAMS 0x000000073ac00000| PB 0x000000073ac00000| Complete 
| 471|0x000000073ae00000, 0x000000073b000000, 0x000000073b000000|100%| E|CS|TAMS 0x000000073ae00000| PB 0x000000073ae00000| Complete 
| 472|0x000000073b000000, 0x000000073b200000, 0x000000073b200000|100%| E|CS|TAMS 0x000000073b000000| PB 0x000000073b000000| Complete 
| 473|0x000000073b200000, 0x000000073b400000, 0x000000073b400000|100%| E|CS|TAMS 0x000000073b200000| PB 0x000000073b200000| Complete 
| 474|0x000000073b400000, 0x000000073b600000, 0x000000073b600000|100%| E|CS|TAMS 0x000000073b400000| PB 0x000000073b400000| Complete 
| 475|0x000000073b600000, 0x000000073b800000, 0x000000073b800000|100%| E|CS|TAMS 0x000000073b600000| PB 0x000000073b600000| Complete 
| 476|0x000000073b800000, 0x000000073ba00000, 0x000000073ba00000|100%| E|CS|TAMS 0x000000073b800000| PB 0x000000073b800000| Complete 
| 477|0x000000073ba00000, 0x000000073bc00000, 0x000000073bc00000|100%| E|CS|TAMS 0x000000073ba00000| PB 0x000000073ba00000| Complete 
| 478|0x000000073bc00000, 0x000000073be00000, 0x000000073be00000|100%| E|CS|TAMS 0x000000073bc00000| PB 0x000000073bc00000| Complete 
| 479|0x000000073be00000, 0x000000073c000000, 0x000000073c000000|100%| E|CS|TAMS 0x000000073be00000| PB 0x000000073be00000| Complete 
| 480|0x000000073c000000, 0x000000073c200000, 0x000000073c200000|100%| E|CS|TAMS 0x000000073c000000| PB 0x000000073c000000| Complete 
| 481|0x000000073c200000, 0x000000073c400000, 0x000000073c400000|100%| E|CS|TAMS 0x000000073c200000| PB 0x000000073c200000| Complete 
| 482|0x000000073c400000, 0x000000073c600000, 0x000000073c600000|100%| E|CS|TAMS 0x000000073c400000| PB 0x000000073c400000| Complete 
| 483|0x000000073c600000, 0x000000073c800000, 0x000000073c800000|100%| E|CS|TAMS 0x000000073c600000| PB 0x000000073c600000| Complete 
| 484|0x000000073c800000, 0x000000073ca00000, 0x000000073ca00000|100%| E|CS|TAMS 0x000000073c800000| PB 0x000000073c800000| Complete 
| 485|0x000000073ca00000, 0x000000073cc00000, 0x000000073cc00000|100%| E|CS|TAMS 0x000000073ca00000| PB 0x000000073ca00000| Complete 
| 486|0x000000073cc00000, 0x000000073ce00000, 0x000000073ce00000|100%| E|CS|TAMS 0x000000073cc00000| PB 0x000000073cc00000| Complete 
| 487|0x000000073ce00000, 0x000000073d000000, 0x000000073d000000|100%| E|CS|TAMS 0x000000073ce00000| PB 0x000000073ce00000| Complete 
| 488|0x000000073d000000, 0x000000073d200000, 0x000000073d200000|100%| E|CS|TAMS 0x000000073d000000| PB 0x000000073d000000| Complete 
| 489|0x000000073d200000, 0x000000073d400000, 0x000000073d400000|100%| E|CS|TAMS 0x000000073d200000| PB 0x000000073d200000| Complete 
| 490|0x000000073d400000, 0x000000073d600000, 0x000000073d600000|100%| E|CS|TAMS 0x000000073d400000| PB 0x000000073d400000| Complete 
| 491|0x000000073d600000, 0x000000073d800000, 0x000000073d800000|100%| E|CS|TAMS 0x000000073d600000| PB 0x000000073d600000| Complete 
| 492|0x000000073d800000, 0x000000073da00000, 0x000000073da00000|100%| E|CS|TAMS 0x000000073d800000| PB 0x000000073d800000| Complete 
| 493|0x000000073da00000, 0x000000073dc00000, 0x000000073dc00000|100%| E|CS|TAMS 0x000000073da00000| PB 0x000000073da00000| Complete 
| 494|0x000000073dc00000, 0x000000073de00000, 0x000000073de00000|100%| E|CS|TAMS 0x000000073dc00000| PB 0x000000073dc00000| Complete 
| 495|0x000000073de00000, 0x000000073e000000, 0x000000073e000000|100%| E|CS|TAMS 0x000000073de00000| PB 0x000000073de00000| Complete 
| 496|0x000000073e000000, 0x000000073e200000, 0x000000073e200000|100%| E|CS|TAMS 0x000000073e000000| PB 0x000000073e000000| Complete 
| 497|0x000000073e200000, 0x000000073e400000, 0x000000073e400000|100%| E|CS|TAMS 0x000000073e200000| PB 0x000000073e200000| Complete 
| 498|0x000000073e400000, 0x000000073e600000, 0x000000073e600000|100%| E|CS|TAMS 0x000000073e400000| PB 0x000000073e400000| Complete 
| 499|0x000000073e600000, 0x000000073e800000, 0x000000073e800000|100%| E|CS|TAMS 0x000000073e600000| PB 0x000000073e600000| Complete 
| 500|0x000000073e800000, 0x000000073ea00000, 0x000000073ea00000|100%| E|CS|TAMS 0x000000073e800000| PB 0x000000073e800000| Complete 
| 501|0x000000073ea00000, 0x000000073ec00000, 0x000000073ec00000|100%| E|CS|TAMS 0x000000073ea00000| PB 0x000000073ea00000| Complete 
| 502|0x000000073ec00000, 0x000000073ee00000, 0x000000073ee00000|100%| E|CS|TAMS 0x000000073ec00000| PB 0x000000073ec00000| Complete 
| 503|0x000000073ee00000, 0x000000073f000000, 0x000000073f000000|100%| E|CS|TAMS 0x000000073ee00000| PB 0x000000073ee00000| Complete 
| 504|0x000000073f000000, 0x000000073f200000, 0x000000073f200000|100%| E|CS|TAMS 0x000000073f000000| PB 0x000000073f000000| Complete 
| 505|0x000000073f200000, 0x000000073f400000, 0x000000073f400000|100%| E|CS|TAMS 0x000000073f200000| PB 0x000000073f200000| Complete 
| 506|0x000000073f400000, 0x000000073f600000, 0x000000073f600000|100%| E|CS|TAMS 0x000000073f400000| PB 0x000000073f400000| Complete 
| 507|0x000000073f600000, 0x000000073f800000, 0x000000073f800000|100%| E|CS|TAMS 0x000000073f600000| PB 0x000000073f600000| Complete 
| 508|0x000000073f800000, 0x000000073fa00000, 0x000000073fa00000|100%| E|CS|TAMS 0x000000073f800000| PB 0x000000073f800000| Complete 
| 509|0x000000073fa00000, 0x000000073fc00000, 0x000000073fc00000|100%| E|CS|TAMS 0x000000073fa00000| PB 0x000000073fa00000| Complete 
| 510|0x000000073fc00000, 0x000000073fe00000, 0x000000073fe00000|100%| E|CS|TAMS 0x000000073fc00000| PB 0x000000073fc00000| Complete 
| 511|0x000000073fe00000, 0x0000000740000000, 0x0000000740000000|100%| E|CS|TAMS 0x000000073fe00000| PB 0x000000073fe00000| Complete 
| 512|0x0000000740000000, 0x0000000740200000, 0x0000000740200000|100%| E|CS|TAMS 0x0000000740000000| PB 0x0000000740000000| Complete 
| 513|0x0000000740200000, 0x0000000740400000, 0x0000000740400000|100%| E|CS|TAMS 0x0000000740200000| PB 0x0000000740200000| Complete 
| 514|0x0000000740400000, 0x0000000740600000, 0x0000000740600000|100%| E|CS|TAMS 0x0000000740400000| PB 0x0000000740400000| Complete 
| 515|0x0000000740600000, 0x0000000740800000, 0x0000000740800000|100%| E|CS|TAMS 0x0000000740600000| PB 0x0000000740600000| Complete 
| 516|0x0000000740800000, 0x0000000740a00000, 0x0000000740a00000|100%| E|CS|TAMS 0x0000000740800000| PB 0x0000000740800000| Complete 
| 517|0x0000000740a00000, 0x0000000740c00000, 0x0000000740c00000|100%| E|CS|TAMS 0x0000000740a00000| PB 0x0000000740a00000| Complete 
| 518|0x0000000740c00000, 0x0000000740e00000, 0x0000000740e00000|100%| E|CS|TAMS 0x0000000740c00000| PB 0x0000000740c00000| Complete 
| 519|0x0000000740e00000, 0x0000000741000000, 0x0000000741000000|100%| E|CS|TAMS 0x0000000740e00000| PB 0x0000000740e00000| Complete 
| 520|0x0000000741000000, 0x0000000741200000, 0x0000000741200000|100%| E|CS|TAMS 0x0000000741000000| PB 0x0000000741000000| Complete 
| 521|0x0000000741200000, 0x0000000741400000, 0x0000000741400000|100%| E|CS|TAMS 0x0000000741200000| PB 0x0000000741200000| Complete 
| 522|0x0000000741400000, 0x0000000741600000, 0x0000000741600000|100%| E|CS|TAMS 0x0000000741400000| PB 0x0000000741400000| Complete 
| 523|0x0000000741600000, 0x0000000741800000, 0x0000000741800000|100%| E|CS|TAMS 0x0000000741600000| PB 0x0000000741600000| Complete 
| 524|0x0000000741800000, 0x0000000741a00000, 0x0000000741a00000|100%| E|CS|TAMS 0x0000000741800000| PB 0x0000000741800000| Complete 
| 525|0x0000000741a00000, 0x0000000741c00000, 0x0000000741c00000|100%| E|CS|TAMS 0x0000000741a00000| PB 0x0000000741a00000| Complete 
| 526|0x0000000741c00000, 0x0000000741e00000, 0x0000000741e00000|100%| E|CS|TAMS 0x0000000741c00000| PB 0x0000000741c00000| Complete 
| 527|0x0000000741e00000, 0x0000000742000000, 0x0000000742000000|100%| E|CS|TAMS 0x0000000741e00000| PB 0x0000000741e00000| Complete 
| 528|0x0000000742000000, 0x0000000742200000, 0x0000000742200000|100%| E|CS|TAMS 0x0000000742000000| PB 0x0000000742000000| Complete 
| 529|0x0000000742200000, 0x0000000742400000, 0x0000000742400000|100%| E|CS|TAMS 0x0000000742200000| PB 0x0000000742200000| Complete 
| 530|0x0000000742400000, 0x0000000742600000, 0x0000000742600000|100%| E|CS|TAMS 0x0000000742400000| PB 0x0000000742400000| Complete 
| 531|0x0000000742600000, 0x0000000742800000, 0x0000000742800000|100%| E|CS|TAMS 0x0000000742600000| PB 0x0000000742600000| Complete 
| 532|0x0000000742800000, 0x0000000742a00000, 0x0000000742a00000|100%| E|CS|TAMS 0x0000000742800000| PB 0x0000000742800000| Complete 
| 533|0x0000000742a00000, 0x0000000742c00000, 0x0000000742c00000|100%| E|CS|TAMS 0x0000000742a00000| PB 0x0000000742a00000| Complete 
| 534|0x0000000742c00000, 0x0000000742e00000, 0x0000000742e00000|100%| E|CS|TAMS 0x0000000742c00000| PB 0x0000000742c00000| Complete 
| 535|0x0000000742e00000, 0x0000000743000000, 0x0000000743000000|100%| E|CS|TAMS 0x0000000742e00000| PB 0x0000000742e00000| Complete 
| 536|0x0000000743000000, 0x0000000743200000, 0x0000000743200000|100%| E|CS|TAMS 0x0000000743000000| PB 0x0000000743000000| Complete 
| 537|0x0000000743200000, 0x0000000743400000, 0x0000000743400000|100%| E|CS|TAMS 0x0000000743200000| PB 0x0000000743200000| Complete 
| 538|0x0000000743400000, 0x0000000743600000, 0x0000000743600000|100%| E|CS|TAMS 0x0000000743400000| PB 0x0000000743400000| Complete 
| 539|0x0000000743600000, 0x0000000743800000, 0x0000000743800000|100%| E|CS|TAMS 0x0000000743600000| PB 0x0000000743600000| Complete 
| 540|0x0000000743800000, 0x0000000743a00000, 0x0000000743a00000|100%| E|CS|TAMS 0x0000000743800000| PB 0x0000000743800000| Complete 
| 541|0x0000000743a00000, 0x0000000743c00000, 0x0000000743c00000|100%| O|  |TAMS 0x0000000743a00000| PB 0x0000000743a00000| Untracked 
| 542|0x0000000743c00000, 0x0000000743e00000, 0x0000000743e00000|100%| E|CS|TAMS 0x0000000743c00000| PB 0x0000000743c00000| Complete 
| 543|0x0000000743e00000, 0x0000000744000000, 0x0000000744000000|100%| E|CS|TAMS 0x0000000743e00000| PB 0x0000000743e00000| Complete 
| 544|0x0000000744000000, 0x0000000744200000, 0x0000000744200000|100%| E|CS|TAMS 0x0000000744000000| PB 0x0000000744000000| Complete 
| 545|0x0000000744200000, 0x0000000744400000, 0x0000000744400000|100%| E|CS|TAMS 0x0000000744200000| PB 0x0000000744200000| Complete 
| 546|0x0000000744400000, 0x0000000744600000, 0x0000000744600000|100%| E|CS|TAMS 0x0000000744400000| PB 0x0000000744400000| Complete 
| 547|0x0000000744600000, 0x0000000744800000, 0x0000000744800000|100%| E|CS|TAMS 0x0000000744600000| PB 0x0000000744600000| Complete 
| 548|0x0000000744800000, 0x0000000744a00000, 0x0000000744a00000|100%| E|CS|TAMS 0x0000000744800000| PB 0x0000000744800000| Complete 
| 549|0x0000000744a00000, 0x0000000744c00000, 0x0000000744c00000|100%| E|CS|TAMS 0x0000000744a00000| PB 0x0000000744a00000| Complete 
| 550|0x0000000744c00000, 0x0000000744e00000, 0x0000000744e00000|100%| E|CS|TAMS 0x0000000744c00000| PB 0x0000000744c00000| Complete 
| 551|0x0000000744e00000, 0x0000000745000000, 0x0000000745000000|100%| E|CS|TAMS 0x0000000744e00000| PB 0x0000000744e00000| Complete 
| 552|0x0000000745000000, 0x0000000745200000, 0x0000000745200000|100%| E|CS|TAMS 0x0000000745000000| PB 0x0000000745000000| Complete 
| 553|0x0000000745200000, 0x0000000745400000, 0x0000000745400000|100%| E|CS|TAMS 0x0000000745200000| PB 0x0000000745200000| Complete 
| 554|0x0000000745400000, 0x0000000745600000, 0x0000000745600000|100%| E|CS|TAMS 0x0000000745400000| PB 0x0000000745400000| Complete 
| 555|0x0000000745600000, 0x0000000745800000, 0x0000000745800000|100%| E|CS|TAMS 0x0000000745600000| PB 0x0000000745600000| Complete 
| 556|0x0000000745800000, 0x0000000745a00000, 0x0000000745a00000|100%| E|CS|TAMS 0x0000000745800000| PB 0x0000000745800000| Complete 
| 557|0x0000000745a00000, 0x0000000745c00000, 0x0000000745c00000|100%| E|CS|TAMS 0x0000000745a00000| PB 0x0000000745a00000| Complete 
| 558|0x0000000745c00000, 0x0000000745e00000, 0x0000000745e00000|100%| E|CS|TAMS 0x0000000745c00000| PB 0x0000000745c00000| Complete 
| 559|0x0000000745e00000, 0x0000000746000000, 0x0000000746000000|100%| E|CS|TAMS 0x0000000745e00000| PB 0x0000000745e00000| Complete 
| 560|0x0000000746000000, 0x0000000746200000, 0x0000000746200000|100%| E|CS|TAMS 0x0000000746000000| PB 0x0000000746000000| Complete 
| 561|0x0000000746200000, 0x0000000746400000, 0x0000000746400000|100%| E|CS|TAMS 0x0000000746200000| PB 0x0000000746200000| Complete 
| 562|0x0000000746400000, 0x0000000746600000, 0x0000000746600000|100%| E|CS|TAMS 0x0000000746400000| PB 0x0000000746400000| Complete 
| 563|0x0000000746600000, 0x0000000746800000, 0x0000000746800000|100%| E|CS|TAMS 0x0000000746600000| PB 0x0000000746600000| Complete 
| 564|0x0000000746800000, 0x0000000746a00000, 0x0000000746a00000|100%| E|CS|TAMS 0x0000000746800000| PB 0x0000000746800000| Complete 
| 565|0x0000000746a00000, 0x0000000746c00000, 0x0000000746c00000|100%| E|CS|TAMS 0x0000000746a00000| PB 0x0000000746a00000| Complete 
| 566|0x0000000746c00000, 0x0000000746e00000, 0x0000000746e00000|100%| E|CS|TAMS 0x0000000746c00000| PB 0x0000000746c00000| Complete 
| 567|0x0000000746e00000, 0x0000000747000000, 0x0000000747000000|100%| E|CS|TAMS 0x0000000746e00000| PB 0x0000000746e00000| Complete 
| 568|0x0000000747000000, 0x0000000747200000, 0x0000000747200000|100%| E|CS|TAMS 0x0000000747000000| PB 0x0000000747000000| Complete 
| 569|0x0000000747200000, 0x0000000747400000, 0x0000000747400000|100%| E|CS|TAMS 0x0000000747200000| PB 0x0000000747200000| Complete 
| 570|0x0000000747400000, 0x0000000747600000, 0x0000000747600000|100%| E|CS|TAMS 0x0000000747400000| PB 0x0000000747400000| Complete 
| 571|0x0000000747600000, 0x0000000747800000, 0x0000000747800000|100%| E|CS|TAMS 0x0000000747600000| PB 0x0000000747600000| Complete 
| 572|0x0000000747800000, 0x0000000747a00000, 0x0000000747a00000|100%| E|CS|TAMS 0x0000000747800000| PB 0x0000000747800000| Complete 
| 573|0x0000000747a00000, 0x0000000747c00000, 0x0000000747c00000|100%| E|CS|TAMS 0x0000000747a00000| PB 0x0000000747a00000| Complete 
| 574|0x0000000747c00000, 0x0000000747e00000, 0x0000000747e00000|100%| E|CS|TAMS 0x0000000747c00000| PB 0x0000000747c00000| Complete 
| 575|0x0000000747e00000, 0x0000000748000000, 0x0000000748000000|100%| E|CS|TAMS 0x0000000747e00000| PB 0x0000000747e00000| Complete 
| 576|0x0000000748000000, 0x0000000748200000, 0x0000000748200000|100%| E|CS|TAMS 0x0000000748000000| PB 0x0000000748000000| Complete 
| 577|0x0000000748200000, 0x0000000748400000, 0x0000000748400000|100%| E|CS|TAMS 0x0000000748200000| PB 0x0000000748200000| Complete 
| 578|0x0000000748400000, 0x0000000748600000, 0x0000000748600000|100%| E|CS|TAMS 0x0000000748400000| PB 0x0000000748400000| Complete 
| 579|0x0000000748600000, 0x0000000748800000, 0x0000000748800000|100%| E|CS|TAMS 0x0000000748600000| PB 0x0000000748600000| Complete 
| 580|0x0000000748800000, 0x0000000748a00000, 0x0000000748a00000|100%| E|CS|TAMS 0x0000000748800000| PB 0x0000000748800000| Complete 
| 581|0x0000000748a00000, 0x0000000748c00000, 0x0000000748c00000|100%| E|CS|TAMS 0x0000000748a00000| PB 0x0000000748a00000| Complete 
| 582|0x0000000748c00000, 0x0000000748e00000, 0x0000000748e00000|100%| E|CS|TAMS 0x0000000748c00000| PB 0x0000000748c00000| Complete 
| 583|0x0000000748e00000, 0x0000000749000000, 0x0000000749000000|100%| E|CS|TAMS 0x0000000748e00000| PB 0x0000000748e00000| Complete 
| 584|0x0000000749000000, 0x0000000749200000, 0x0000000749200000|100%| E|CS|TAMS 0x0000000749000000| PB 0x0000000749000000| Complete 
| 585|0x0000000749200000, 0x0000000749400000, 0x0000000749400000|100%| E|CS|TAMS 0x0000000749200000| PB 0x0000000749200000| Complete 
| 586|0x0000000749400000, 0x0000000749600000, 0x0000000749600000|100%| E|CS|TAMS 0x0000000749400000| PB 0x0000000749400000| Complete 
| 587|0x0000000749600000, 0x0000000749800000, 0x0000000749800000|100%| E|CS|TAMS 0x0000000749600000| PB 0x0000000749600000| Complete 
| 588|0x0000000749800000, 0x0000000749a00000, 0x0000000749a00000|100%| E|CS|TAMS 0x0000000749800000| PB 0x0000000749800000| Complete 
| 589|0x0000000749a00000, 0x0000000749c00000, 0x0000000749c00000|100%| E|CS|TAMS 0x0000000749a00000| PB 0x0000000749a00000| Complete 
| 590|0x0000000749c00000, 0x0000000749e00000, 0x0000000749e00000|100%| E|CS|TAMS 0x0000000749c00000| PB 0x0000000749c00000| Complete 
| 591|0x0000000749e00000, 0x000000074a000000, 0x000000074a000000|100%| E|CS|TAMS 0x0000000749e00000| PB 0x0000000749e00000| Complete 
| 592|0x000000074a000000, 0x000000074a200000, 0x000000074a200000|100%| E|CS|TAMS 0x000000074a000000| PB 0x000000074a000000| Complete 
| 593|0x000000074a200000, 0x000000074a400000, 0x000000074a400000|100%| E|CS|TAMS 0x000000074a200000| PB 0x000000074a200000| Complete 
| 594|0x000000074a400000, 0x000000074a600000, 0x000000074a600000|100%| E|CS|TAMS 0x000000074a400000| PB 0x000000074a400000| Complete 
| 595|0x000000074a600000, 0x000000074a800000, 0x000000074a800000|100%| S|CS|TAMS 0x000000074a600000| PB 0x000000074a600000| Complete 
| 596|0x000000074a800000, 0x000000074aa00000, 0x000000074aa00000|100%| S|CS|TAMS 0x000000074a800000| PB 0x000000074a800000| Complete 
| 597|0x000000074aa00000, 0x000000074ac00000, 0x000000074ac00000|100%| S|CS|TAMS 0x000000074aa00000| PB 0x000000074aa00000| Complete 
| 598|0x000000074ac00000, 0x000000074ae00000, 0x000000074ae00000|100%| S|CS|TAMS 0x000000074ac00000| PB 0x000000074ac00000| Complete 
| 599|0x000000074ae00000, 0x000000074b000000, 0x000000074b000000|100%| S|CS|TAMS 0x000000074ae00000| PB 0x000000074ae00000| Complete 
| 600|0x000000074b000000, 0x000000074b200000, 0x000000074b200000|100%| S|CS|TAMS 0x000000074b000000| PB 0x000000074b000000| Complete 
| 601|0x000000074b200000, 0x000000074b400000, 0x000000074b400000|100%| S|CS|TAMS 0x000000074b200000| PB 0x000000074b200000| Complete 
| 602|0x000000074b400000, 0x000000074b600000, 0x000000074b600000|100%| S|CS|TAMS 0x000000074b400000| PB 0x000000074b400000| Complete 
| 603|0x000000074b600000, 0x000000074b800000, 0x000000074b800000|100%| S|CS|TAMS 0x000000074b600000| PB 0x000000074b600000| Complete 
| 604|0x000000074b800000, 0x000000074ba00000, 0x000000074ba00000|100%| S|CS|TAMS 0x000000074b800000| PB 0x000000074b800000| Complete 
| 605|0x000000074ba00000, 0x000000074bc00000, 0x000000074bc00000|100%| S|CS|TAMS 0x000000074ba00000| PB 0x000000074ba00000| Complete 
| 606|0x000000074bc00000, 0x000000074be00000, 0x000000074be00000|100%| S|CS|TAMS 0x000000074bc00000| PB 0x000000074bc00000| Complete 
| 607|0x000000074be00000, 0x000000074c000000, 0x000000074c000000|100%| S|CS|TAMS 0x000000074be00000| PB 0x000000074be00000| Complete 
| 608|0x000000074c000000, 0x000000074c200000, 0x000000074c200000|100%| S|CS|TAMS 0x000000074c000000| PB 0x000000074c000000| Complete 
| 609|0x000000074c200000, 0x000000074c400000, 0x000000074c400000|100%| S|CS|TAMS 0x000000074c200000| PB 0x000000074c200000| Complete 
| 610|0x000000074c400000, 0x000000074c600000, 0x000000074c600000|100%| S|CS|TAMS 0x000000074c400000| PB 0x000000074c400000| Complete 
| 611|0x000000074c600000, 0x000000074c800000, 0x000000074c800000|100%| S|CS|TAMS 0x000000074c600000| PB 0x000000074c600000| Complete 
| 612|0x000000074c800000, 0x000000074ca00000, 0x000000074ca00000|100%| S|CS|TAMS 0x000000074c800000| PB 0x000000074c800000| Complete 
| 613|0x000000074ca00000, 0x000000074cc00000, 0x000000074cc00000|100%| S|CS|TAMS 0x000000074ca00000| PB 0x000000074ca00000| Complete 
| 614|0x000000074cc00000, 0x000000074ce00000, 0x000000074ce00000|100%| S|CS|TAMS 0x000000074cc00000| PB 0x000000074cc00000| Complete 
| 615|0x000000074ce00000, 0x000000074d000000, 0x000000074d000000|100%| S|CS|TAMS 0x000000074ce00000| PB 0x000000074ce00000| Complete 
| 616|0x000000074d000000, 0x000000074d200000, 0x000000074d200000|100%| S|CS|TAMS 0x000000074d000000| PB 0x000000074d000000| Complete 
| 617|0x000000074d200000, 0x000000074d400000, 0x000000074d400000|100%| S|CS|TAMS 0x000000074d200000| PB 0x000000074d200000| Complete 
| 618|0x000000074d400000, 0x000000074d600000, 0x000000074d600000|100%| S|CS|TAMS 0x000000074d400000| PB 0x000000074d400000| Complete 
| 619|0x000000074d600000, 0x000000074d800000, 0x000000074d800000|100%| S|CS|TAMS 0x000000074d600000| PB 0x000000074d600000| Complete 
| 620|0x000000074d800000, 0x000000074da00000, 0x000000074da00000|100%| S|CS|TAMS 0x000000074d800000| PB 0x000000074d800000| Complete 
| 621|0x000000074da00000, 0x000000074dc00000, 0x000000074dc00000|100%| S|CS|TAMS 0x000000074da00000| PB 0x000000074da00000| Complete 
| 622|0x000000074dc00000, 0x000000074de00000, 0x000000074de00000|100%| S|CS|TAMS 0x000000074dc00000| PB 0x000000074dc00000| Complete 
| 623|0x000000074de00000, 0x000000074e000000, 0x000000074e000000|100%| S|CS|TAMS 0x000000074de00000| PB 0x000000074de00000| Complete 
| 624|0x000000074e000000, 0x000000074e200000, 0x000000074e200000|100%| S|CS|TAMS 0x000000074e000000| PB 0x000000074e000000| Complete 
| 625|0x000000074e200000, 0x000000074e400000, 0x000000074e400000|100%| S|CS|TAMS 0x000000074e200000| PB 0x000000074e200000| Complete 
| 626|0x000000074e400000, 0x000000074e600000, 0x000000074e600000|100%| S|CS|TAMS 0x000000074e400000| PB 0x000000074e400000| Complete 
| 627|0x000000074e600000, 0x000000074e800000, 0x000000074e800000|100%| S|CS|TAMS 0x000000074e600000| PB 0x000000074e600000| Complete 
| 628|0x000000074e800000, 0x000000074ea00000, 0x000000074ea00000|100%| S|CS|TAMS 0x000000074e800000| PB 0x000000074e800000| Complete 
| 629|0x000000074ea00000, 0x000000074ec00000, 0x000000074ec00000|100%| S|CS|TAMS 0x000000074ea00000| PB 0x000000074ea00000| Complete 
| 630|0x000000074ec00000, 0x000000074ee00000, 0x000000074ee00000|100%| S|CS|TAMS 0x000000074ec00000| PB 0x000000074ec00000| Complete 
| 631|0x000000074ee00000, 0x000000074ef00000, 0x000000074f000000| 50%| S|CS|TAMS 0x000000074ee00000| PB 0x000000074ee00000| Complete 
|1953|0x00000007f4200000, 0x00000007f4400000, 0x00000007f4400000|100%| E|CS|TAMS 0x00000007f4200000| PB 0x00000007f4200000| Complete 
|1954|0x00000007f4400000, 0x00000007f4600000, 0x00000007f4600000|100%| E|CS|TAMS 0x00000007f4400000| PB 0x00000007f4400000| Complete 
|1955|0x00000007f4600000, 0x00000007f4800000, 0x00000007f4800000|100%| E|CS|TAMS 0x00000007f4600000| PB 0x00000007f4600000| Complete 
|1956|0x00000007f4800000, 0x00000007f4a00000, 0x00000007f4a00000|100%| E|CS|TAMS 0x00000007f4800000| PB 0x00000007f4800000| Complete 
|1957|0x00000007f4a00000, 0x00000007f4c00000, 0x00000007f4c00000|100%| E|CS|TAMS 0x00000007f4a00000| PB 0x00000007f4a00000| Complete 
|1958|0x00000007f4c00000, 0x00000007f4e00000, 0x00000007f4e00000|100%| E|CS|TAMS 0x00000007f4c00000| PB 0x00000007f4c00000| Complete 
|1959|0x00000007f4e00000, 0x00000007f5000000, 0x00000007f5000000|100%| E|CS|TAMS 0x00000007f4e00000| PB 0x00000007f4e00000| Complete 
|1960|0x00000007f5000000, 0x00000007f5200000, 0x00000007f5200000|100%| E|CS|TAMS 0x00000007f5000000| PB 0x00000007f5000000| Complete 
|1961|0x00000007f5200000, 0x00000007f5400000, 0x00000007f5400000|100%| E|CS|TAMS 0x00000007f5200000| PB 0x00000007f5200000| Complete 
|1962|0x00000007f5400000, 0x00000007f5600000, 0x00000007f5600000|100%| E|CS|TAMS 0x00000007f5400000| PB 0x00000007f5400000| Complete 
|1963|0x00000007f5600000, 0x00000007f5800000, 0x00000007f5800000|100%| O|Cm|TAMS 0x00000007f5600000| PB 0x00000007f5600000| Complete 
|1964|0x00000007f5800000, 0x00000007f5a00000, 0x00000007f5a00000|100%| E|CS|TAMS 0x00000007f5800000| PB 0x00000007f5800000| Complete 
|1965|0x00000007f5a00000, 0x00000007f5c00000, 0x00000007f5c00000|100%| O|Cm|TAMS 0x00000007f5a00000| PB 0x00000007f5a00000| Complete 
|1966|0x00000007f5c00000, 0x00000007f5e00000, 0x00000007f5e00000|100%| E|CS|TAMS 0x00000007f5c00000| PB 0x00000007f5c00000| Complete 
|1967|0x00000007f5e00000, 0x00000007f6000000, 0x00000007f6000000|100%| O|Cm|TAMS 0x00000007f5e00000| PB 0x00000007f5e00000| Complete 
|1968|0x00000007f6000000, 0x00000007f6200000, 0x00000007f6200000|100%| E|CS|TAMS 0x00000007f6000000| PB 0x00000007f6000000| Complete 
|1969|0x00000007f6200000, 0x00000007f6400000, 0x00000007f6400000|100%| E|CS|TAMS 0x00000007f6200000| PB 0x00000007f6200000| Complete 
|1970|0x00000007f6400000, 0x00000007f6600000, 0x00000007f6600000|100%| O|Cm|TAMS 0x00000007f6400000| PB 0x00000007f6400000| Complete 
|1971|0x00000007f6600000, 0x00000007f6800000, 0x00000007f6800000|100%| O|Cm|TAMS 0x00000007f6600000| PB 0x00000007f6600000| Complete 
|1972|0x00000007f6800000, 0x00000007f6a00000, 0x00000007f6a00000|100%| O|  |TAMS 0x00000007f6800000| PB 0x00000007f6800000| Untracked 
|1973|0x00000007f6a00000, 0x00000007f6c00000, 0x00000007f6c00000|100%| O|Cm|TAMS 0x00000007f6a00000| PB 0x00000007f6a00000| Complete 
|1974|0x00000007f6c00000, 0x00000007f6e00000, 0x00000007f6e00000|100%| O|  |TAMS 0x00000007f6c00000| PB 0x00000007f6c00000| Untracked 
|1975|0x00000007f6e00000, 0x00000007f7000000, 0x00000007f7000000|100%| E|CS|TAMS 0x00000007f6e00000| PB 0x00000007f6e00000| Complete 
|1976|0x00000007f7000000, 0x00000007f7200000, 0x00000007f7200000|100%| E|CS|TAMS 0x00000007f7000000| PB 0x00000007f7000000| Complete 
|1977|0x00000007f7200000, 0x00000007f7400000, 0x00000007f7400000|100%| E|CS|TAMS 0x00000007f7200000| PB 0x00000007f7200000| Complete 
|1978|0x00000007f7400000, 0x00000007f7600000, 0x00000007f7600000|100%| E|CS|TAMS 0x00000007f7400000| PB 0x00000007f7400000| Complete 
|1979|0x00000007f7600000, 0x00000007f7800000, 0x00000007f7800000|100%| E|CS|TAMS 0x00000007f7600000| PB 0x00000007f7600000| Complete 
|2007|0x00000007fae00000, 0x00000007fb000000, 0x00000007fb000000|100%| O|  |TAMS 0x00000007fae00000| PB 0x00000007fae00000| Untracked 
|2029|0x00000007fda00000, 0x00000007fdc00000, 0x00000007fdc00000|100%| E|CS|TAMS 0x00000007fda00000| PB 0x00000007fda00000| Complete 
|2030|0x00000007fdc00000, 0x00000007fde00000, 0x00000007fde00000|100%| E|CS|TAMS 0x00000007fdc00000| PB 0x00000007fdc00000| Complete 
|2031|0x00000007fde00000, 0x00000007fe000000, 0x00000007fe000000|100%| E|CS|TAMS 0x00000007fde00000| PB 0x00000007fde00000| Complete 
|2032|0x00000007fe000000, 0x00000007fe200000, 0x00000007fe200000|100%| E|CS|TAMS 0x00000007fe000000| PB 0x00000007fe000000| Complete 
|2033|0x00000007fe200000, 0x00000007fe400000, 0x00000007fe400000|100%| E|CS|TAMS 0x00000007fe200000| PB 0x00000007fe200000| Complete 
|2034|0x00000007fe400000, 0x00000007fe600000, 0x00000007fe600000|100%| E|CS|TAMS 0x00000007fe400000| PB 0x00000007fe400000| Complete 
|2035|0x00000007fe600000, 0x00000007fe800000, 0x00000007fe800000|100%| E|CS|TAMS 0x00000007fe600000| PB 0x00000007fe600000| Complete 
|2036|0x00000007fe800000, 0x00000007fea00000, 0x00000007fea00000|100%| E|CS|TAMS 0x00000007fe800000| PB 0x00000007fe800000| Complete 
|2037|0x00000007fea00000, 0x00000007fec00000, 0x00000007fec00000|100%| E|CS|TAMS 0x00000007fea00000| PB 0x00000007fea00000| Complete 
|2038|0x00000007fec00000, 0x00000007fee00000, 0x00000007fee00000|100%| E|CS|TAMS 0x00000007fec00000| PB 0x00000007fec00000| Complete 
|2039|0x00000007fee00000, 0x00000007ff000000, 0x00000007ff000000|100%| E|CS|TAMS 0x00000007fee00000| PB 0x00000007fee00000| Complete 
|2040|0x00000007ff000000, 0x00000007ff200000, 0x00000007ff200000|100%| E|CS|TAMS 0x00000007ff000000| PB 0x00000007ff000000| Complete 
|2041|0x00000007ff200000, 0x00000007ff400000, 0x00000007ff400000|100%| E|CS|TAMS 0x00000007ff200000| PB 0x00000007ff200000| Complete 
|2042|0x00000007ff400000, 0x00000007ff600000, 0x00000007ff600000|100%| O|  |TAMS 0x00000007ff400000| PB 0x00000007ff400000| Untracked 
|2043|0x00000007ff600000, 0x00000007ff800000, 0x00000007ff800000|100%| O|  |TAMS 0x00000007ff600000| PB 0x00000007ff600000| Untracked 
|2044|0x00000007ff800000, 0x00000007ffa00000, 0x00000007ffa00000|100%| E|CS|TAMS 0x00000007ff800000| PB 0x00000007ff800000| Complete 
|2045|0x00000007ffa00000, 0x00000007ffc00000, 0x00000007ffc00000|100%| E|CS|TAMS 0x00000007ffa00000| PB 0x00000007ffa00000| Complete 
|2046|0x00000007ffc00000, 0x00000007ffe00000, 0x00000007ffe00000|100%| E|CS|TAMS 0x00000007ffc00000| PB 0x00000007ffc00000| Complete 
|2047|0x00000007ffe00000, 0x0000000800000000, 0x0000000800000000|100%| O|  |TAMS 0x00000007ffe00000| PB 0x00000007ffe00000| Untracked 

Card table byte_map: [0x0000000114e2f000,0x000000011562f000] _byte_map_base: 0x000000011162f000

Marking Bits: (CMBitMap*) 0x00007fbf6703b210
 Bits: [0x000000011562f000, 0x000000011962f000)

Polling page: 0x0000000100762000

Metaspace:

Usage:
  Non-class:    192.05 MB used.
      Class:     28.73 MB used.
       Both:    220.78 MB used.

Virtual space:
  Non-class space:      256.00 MB reserved,     193.38 MB ( 76%) committed,  4 nodes.
      Class space:        1.00 GB reserved,      30.06 MB (  3%) committed,  1 nodes.
             Both:        1.25 GB reserved,     223.44 MB ( 17%) committed. 

Chunk freelists:
   Non-Class:  13.81 MB
       Class:  1.93 MB
        Both:  15.74 MB

MaxMetaspaceSize: unlimited
CompressedClassSpaceSize: 1.00 GB
Initial GC threshold: 21.00 MB
Current GC threshold: 370.56 MB
CDS: off
 - commit_granule_bytes: 65536.
 - commit_granule_words: 8192.
 - virtual_space_node_default_size: 8388608.
 - enlarge_chunks_in_place: 1.
 - use_allocation_guard: 0.


Internal statistics:

num_allocs_failed_limit: 9.
num_arena_births: 5404.
num_arena_deaths: 18.
num_vsnodes_births: 5.
num_vsnodes_deaths: 0.
num_space_committed: 3570.
num_space_uncommitted: 0.
num_chunks_returned_to_freelist: 32.
num_chunks_taken_from_freelist: 14949.
num_chunk_merges: 11.
num_chunk_splits: 10131.
num_chunks_enlarged: 6979.
num_inconsistent_stats: 0.

CodeHeap 'non-profiled nmethods': size=120032Kb used=24186Kb max_used=30706Kb free=95845Kb
 bounds [0x000000010d8f7000, 0x000000010f6f7000, 0x0000000114e2f000]
CodeHeap 'profiled nmethods': size=120028Kb used=51747Kb max_used=58699Kb free=68280Kb
 bounds [0x0000000105e2f000, 0x000000010978f000, 0x000000010d366000]
CodeHeap 'non-nmethods': size=5700Kb used=2477Kb max_used=2571Kb free=3222Kb
 bounds [0x000000010d366000, 0x000000010d616000, 0x000000010d8f7000]
CodeCache: size=245760Kb, used=78410Kb, max_used=91976Kb, free=167347Kb
 total_blobs=29513, nmethods=28351, adapters=1062, full_count=0
Compilation: enabled, stopped_count=0, restarted_count=0

Compilation events (20 events):
Event: 1285.476 Thread 0x00007fbf6704d200 nmethod 50910 0x0000000106342a10 code [0x0000000106342bc0, 0x0000000106342cf0]
Event: 1285.476 Thread 0x00007fbf6704d200 50911       2       ksp.org.jetbrains.kotlin.metadata.ProtoBuf$Property::getAnnotationCount (10 bytes)
Event: 1285.476 Thread 0x00007fbf6704d200 nmethod 50911 0x0000000106342690 code [0x0000000106342840, 0x0000000106342970]
Event: 1285.477 Thread 0x00007fbf6704d200 50916   !   3       ksp.org.jetbrains.kotlin.metadata.ProtoBuf$Annotation$Argument$Value::<init> (719 bytes)
Event: 1285.480 Thread 0x00007fbf6704d200 nmethod 50916 0x0000000107828190 code [0x0000000107828860, 0x000000010782cbc0]
Event: 1285.480 Thread 0x00007fbf6704d200 50919       3       kotlin.text.StringsKt__StringsJVMKt::regionMatches$default (23 bytes)
Event: 1285.480 Thread 0x00007fbf6704d200 nmethod 50919 0x0000000106342290 code [0x0000000106342440, 0x0000000106342590]
Event: 1285.480 Thread 0x00007fbf6704d200 50913       3       ksp.org.jetbrains.kotlin.metadata.ProtoBuf$Annotation$Argument$Value::initFields (62 bytes)
Event: 1285.480 Thread 0x00007fbf6704d200 nmethod 50913 0x0000000106341c90 code [0x0000000106341e40, 0x0000000106342198]
Event: 1285.480 Thread 0x00007fbf6704d200 50914       3       ksp.org.jetbrains.kotlin.metadata.ProtoBuf$Annotation$Argument$Value$1::parsePartialFrom (7 bytes)
Event: 1285.480 Thread 0x00007fbf6704d200 nmethod 50914 0x0000000106341910 code [0x0000000106341ac0, 0x0000000106341bf8]
Event: 1285.480 Thread 0x00007fbf6704d200 50915       3       ksp.org.jetbrains.kotlin.metadata.ProtoBuf$Annotation$Argument$Value$1::parsePartialFrom (11 bytes)
Event: 1285.480 Thread 0x00007fbf6704d200 nmethod 50915 0x0000000106341410 code [0x00000001063415c0, 0x00000001063417d8]
Event: 1285.480 Thread 0x00007fbf6704d200 50918       2       ksp.org.jetbrains.kotlin.metadata.ProtoBuf$Constructor::isInitialized (141 bytes)
Event: 1285.482 Thread 0x00007fbf6704d200 nmethod 50918 0x0000000106340710 code [0x00000001063409a0, 0x0000000106341098]
Event: 1285.482 Thread 0x00007fbf6704d200 50912       1       ksp.com.intellij.util.indexing.IndexedFileImpl::setProject (6 bytes)
Event: 1285.482 Thread 0x00007fbf6704d200 nmethod 50912 0x000000010e30d710 code [0x000000010e30d8a0, 0x000000010e30d9b8]
Event: 1285.484 Thread 0x00007fbf6704d200 50921       3       kotlin.text.StringsKt__StringsJVMKt::regionMatches (42 bytes)
Event: 1285.484 Thread 0x00007fbf6704d200 nmethod 50921 0x0000000107f70f10 code [0x0000000107f711c0, 0x0000000107f71cc0]
Event: 1285.484 Thread 0x00007fbf6704d200 50924       3       ksp.org.jetbrains.kotlin.metadata.deserialization.ProtoTypeTableUtilKt::flexibleUpperBound (47 bytes)

GC Heap History (20 events):
Event: 112.720 GC heap before
{Heap before GC invocations=135 (full 0):
 garbage-first heap   total 2088960K, used 1814495K [0x0000000700000000, 0x0000000800000000)
  region size 2048K, 612 young (1253376K), 32 survivors (65536K)
 Metaspace       used 152343K, committed 154688K, reserved 1245184K
  class space    used 21089K, committed 22208K, reserved 1048576K
}
Event: 112.768 GC heap after
{Heap after GC invocations=136 (full 0):
 garbage-first heap   total 2088960K, used 629983K [0x0000000700000000, 0x0000000800000000)
  region size 2048K, 34 young (69632K), 34 survivors (69632K)
 Metaspace       used 152343K, committed 154688K, reserved 1245184K
  class space    used 21089K, committed 22208K, reserved 1048576K
}
Event: 114.384 GC heap before
{Heap before GC invocations=136 (full 0):
 garbage-first heap   total 2088960K, used 1813727K [0x0000000700000000, 0x0000000800000000)
  region size 2048K, 612 young (1253376K), 34 survivors (69632K)
 Metaspace       used 152348K, committed 154688K, reserved 1245184K
  class space    used 21089K, committed 22208K, reserved 1048576K
}
Event: 114.437 GC heap after
{Heap after GC invocations=137 (full 0):
 garbage-first heap   total 2088960K, used 537449K [0x0000000700000000, 0x0000000800000000)
  region size 2048K, 36 young (73728K), 36 survivors (73728K)
 Metaspace       used 152348K, committed 154688K, reserved 1245184K
  class space    used 21089K, committed 22208K, reserved 1048576K
}
Event: 116.200 GC heap before
{Heap before GC invocations=137 (full 0):
 garbage-first heap   total 2088960K, used 1323881K [0x0000000700000000, 0x0000000800000000)
  region size 2048K, 422 young (864256K), 36 survivors (73728K)
 Metaspace       used 152423K, committed 154752K, reserved 1245184K
  class space    used 21093K, committed 22208K, reserved 1048576K
}
Event: 116.279 GC heap after
{Heap after GC invocations=138 (full 0):
 garbage-first heap   total 2088960K, used 610153K [0x0000000700000000, 0x0000000800000000)
  region size 2048K, 71 young (145408K), 71 survivors (145408K)
 Metaspace       used 152423K, committed 154752K, reserved 1245184K
  class space    used 21093K, committed 22208K, reserved 1048576K
}
Event: 119.407 GC heap before
{Heap before GC invocations=139 (full 0):
 garbage-first heap   total 2062336K, used 1752937K [0x0000000700000000, 0x0000000800000000)
  region size 2048K, 604 young (1236992K), 71 survivors (145408K)
 Metaspace       used 153022K, committed 155328K, reserved 1245184K
  class space    used 21155K, committed 22272K, reserved 1048576K
}
Event: 119.506 GC heap after
{Heap after GC invocations=140 (full 0):
 garbage-first heap   total 2062336K, used 654185K [0x0000000700000000, 0x0000000800000000)
  region size 2048K, 64 young (131072K), 64 survivors (131072K)
 Metaspace       used 153022K, committed 155328K, reserved 1245184K
  class space    used 21155K, committed 22272K, reserved 1048576K
}
Event: 186.159 GC heap before
{Heap before GC invocations=140 (full 0):
 garbage-first heap   total 2062336K, used 2059113K [0x0000000700000000, 0x0000000800000000)
  region size 2048K, 495 young (1013760K), 64 survivors (131072K)
 Metaspace       used 162081K, committed 164480K, reserved 1245184K
  class space    used 22005K, committed 23168K, reserved 1048576K
}
Event: 186.231 GC heap after
{Heap after GC invocations=141 (full 0):
 garbage-first heap   total 2138112K, used 551785K [0x0000000700000000, 0x0000000800000000)
  region size 2048K, 12 young (24576K), 12 survivors (24576K)
 Metaspace       used 162081K, committed 164480K, reserved 1245184K
  class space    used 22005K, committed 23168K, reserved 1048576K
}
Event: 1143.953 GC heap before
{Heap before GC invocations=141 (full 0):
 garbage-first heap   total 2138112K, used 858985K [0x0000000700000000, 0x0000000800000000)
  region size 2048K, 164 young (335872K), 12 survivors (24576K)
 Metaspace       used 164826K, committed 167232K, reserved 1245184K
  class space    used 22323K, committed 23488K, reserved 1048576K
}
Event: 1144.016 GC heap after
{Heap after GC invocations=142 (full 0):
 garbage-first heap   total 2138112K, used 579433K [0x0000000700000000, 0x0000000800000000)
  region size 2048K, 25 young (51200K), 25 survivors (51200K)
 Metaspace       used 164826K, committed 167232K, reserved 1245184K
  class space    used 22323K, committed 23488K, reserved 1048576K
}
Event: 1155.518 GC heap before
{Heap before GC invocations=143 (full 0):
 garbage-first heap   total 2082816K, used 2047849K [0x0000000700000000, 0x0000000800000000)
  region size 2048K, 610 young (1249280K), 25 survivors (51200K)
 Metaspace       used 190769K, committed 193344K, reserved 1245184K
  class space    used 25479K, committed 26752K, reserved 1048576K
}
Event: 1155.614 GC heap after
{Heap after GC invocations=144 (full 0):
 garbage-first heap   total 2144256K, used 492393K [0x0000000700000000, 0x0000000800000000)
  region size 2048K, 46 young (94208K), 46 survivors (94208K)
 Metaspace       used 190769K, committed 193344K, reserved 1245184K
  class space    used 25479K, committed 26752K, reserved 1048576K
}
Event: 1181.963 GC heap before
{Heap before GC invocations=144 (full 0):
 garbage-first heap   total 2144256K, used 1723241K [0x0000000700000000, 0x0000000800000000)
  region size 2048K, 628 young (1286144K), 46 survivors (94208K)
 Metaspace       used 224598K, committed 227328K, reserved 1245184K
  class space    used 29358K, committed 30720K, reserved 1048576K
}
Event: 1182.040 GC heap after
{Heap after GC invocations=145 (full 0):
 garbage-first heap   total 2144256K, used 397871K [0x0000000700000000, 0x0000000800000000)
  region size 2048K, 47 young (96256K), 47 survivors (96256K)
 Metaspace       used 224598K, committed 227328K, reserved 1245184K
  class space    used 29358K, committed 30720K, reserved 1048576K
}
Event: 1204.895 GC heap before
{Heap before GC invocations=145 (full 0):
 garbage-first heap   total 2144256K, used 471599K [0x0000000700000000, 0x0000000800000000)
  region size 2048K, 84 young (172032K), 47 survivors (96256K)
 Metaspace       used 224854K, committed 227584K, reserved 1310720K
  class space    used 29389K, committed 30720K, reserved 1048576K
}
Event: 1204.942 GC heap after
{Heap after GC invocations=146 (full 0):
 garbage-first heap   total 2144256K, used 361321K [0x0000000700000000, 0x0000000800000000)
  region size 2048K, 19 young (38912K), 19 survivors (38912K)
 Metaspace       used 224854K, committed 227584K, reserved 1310720K
  class space    used 29389K, committed 30720K, reserved 1048576K
}
Event: 1269.569 GC heap before
{Heap before GC invocations=147 (full 0):
 garbage-first heap   total 1314816K, used 1311593K [0x0000000700000000, 0x0000000800000000)
  region size 2048K, 312 young (638976K), 19 survivors (38912K)
 Metaspace       used 225681K, committed 228416K, reserved 1310720K
  class space    used 29404K, committed 30720K, reserved 1048576K
}
Event: 1269.670 GC heap after
{Heap after GC invocations=148 (full 0):
 garbage-first heap   total 1390592K, used 398185K [0x0000000700000000, 0x0000000800000000)
  region size 2048K, 37 young (75776K), 37 survivors (75776K)
 Metaspace       used 225681K, committed 228416K, reserved 1310720K
  class space    used 29404K, committed 30720K, reserved 1048576K
}

Dll operation events (20 events):
Event: 0.014 Loaded shared library /Applications/Android Studio.app/Contents/jbr/Contents/Home/lib/libjava.dylib
Event: 0.017 Loaded shared library /Applications/Android Studio.app/Contents/jbr/Contents/Home/lib/libzip.dylib
Event: 0.124 Loaded shared library /Applications/Android Studio.app/Contents/jbr/Contents/Home/lib/libnio.dylib
Event: 0.130 Loaded shared library /Applications/Android Studio.app/Contents/jbr/Contents/Home/lib/libinstrument.dylib
Event: 0.137 Loaded shared library /Applications/Android Studio.app/Contents/jbr/Contents/Home/lib/libzip.dylib
Event: 0.206 Loaded shared library /Applications/Android Studio.app/Contents/jbr/Contents/Home/lib/libnet.dylib
Event: 0.260 Loaded shared library /Applications/Android Studio.app/Contents/jbr/Contents/Home/lib/libjimage.dylib
Event: 0.465 Loaded shared library /Applications/Android Studio.app/Contents/jbr/Contents/Home/lib/libverify.dylib
Event: 0.529 Loaded shared library /Users/imacmantra/.gradle/native/660c5614fbf4a5f2a75b1949f50a0caf5cd603558e7d8a26e50b933a0cfb79d1/osx-amd64/libnative-platform.dylib
Event: 0.627 Loaded shared library /Users/imacmantra/.gradle/native/0.2.8/x86_64-macos/libgradle-fileevents.dylib
Event: 1.538 Loaded shared library /Applications/Android Studio.app/Contents/jbr/Contents/Home/lib/libmanagement.dylib
Event: 1.540 Loaded shared library /Applications/Android Studio.app/Contents/jbr/Contents/Home/lib/libmanagement_ext.dylib
Event: 1.702 Loaded shared library /Applications/Android Studio.app/Contents/jbr/Contents/Home/lib/libextnet.dylib
Event: 1156.576 Loaded shared library /Applications/Android Studio.app/Contents/jbr/Contents/Home/lib/libawt.dylib
Event: 1156.647 Loaded shared library /Applications/Android Studio.app/Contents/jbr/Contents/Home/lib/libawt_lwawt.dylib
Event: 1156.716 Loaded shared library /Applications/Android Studio.app/Contents/jbr/Contents/Home/lib/libfontmanager.dylib
Event: 1159.644 Loaded shared library /private/var/folders/_f/j9sqjjwx11s7n49ps__4zd0c0000gn/T/sqlite-3.41.2.2-4250514d-47a6-4ddd-898a-2a6a59ff5774-libsqlitejdbc.jnilib
Event: 1161.048 Loaded shared library /private/var/folders/_f/j9sqjjwx11s7n49ps__4zd0c0000gn/T/sqlite-3.41.2.2-d1987e2b-b0d7-4b93-bd2f-3b6c24db16d5-libsqlitejdbc.jnilib
Event: 1164.263 Loaded shared library /Applications/Android Studio.app/Contents/jbr/Contents/Home/lib/librmi.dylib
Event: 1181.637 Loaded shared library /Users/imacmantra/Library/Caches/JNA/temp/jna2927989863090214724.tmp

Deoptimization events (20 events):
Event: 1285.042 Thread 0x00007fbf68762000 Uncommon trap: trap_request=0xffffff45 fr.pc=0x000000010dc9de2c relative=0x0000000000000d4c
Event: 1285.042 Thread 0x00007fbf68762000 Uncommon trap: reason=unstable_if action=reinterpret pc=0x000000010dc9de2c method=java.util.concurrent.ConcurrentLinkedQueue.updateHead(Ljava/util/concurrent/ConcurrentLinkedQueue$Node;Ljava/util/concurrent/ConcurrentLinkedQueue$Node;)V @ 14 c2
Event: 1285.042 Thread 0x00007fbf68762000 DEOPT PACKING pc=0x000000010dc9de2c sp=0x0000700003d9be70
Event: 1285.042 Thread 0x00007fbf68762000 DEOPT UNPACKING pc=0x000000010d3b9f99 sp=0x0000700003d9bd58 mode 2
Event: 1285.097 Thread 0x00007fbf67b69a00 Uncommon trap: trap_request=0xffffffde fr.pc=0x000000010f403fc4 relative=0x0000000000000184
Event: 1285.097 Thread 0x00007fbf67b69a00 Uncommon trap: reason=class_check action=maybe_recompile pc=0x000000010f403fc4 method=ksp.com.intellij.lang.LanguageExtension.forLanguage(Lksp/com/intellij/lang/Language;)Ljava/lang/Object; @ 26 c2
Event: 1285.097 Thread 0x00007fbf67b69a00 DEOPT PACKING pc=0x000000010f403fc4 sp=0x00007000052dae90
Event: 1285.097 Thread 0x00007fbf67b69a00 DEOPT UNPACKING pc=0x000000010d3b9f99 sp=0x00007000052dae48 mode 2
Event: 1285.221 Thread 0x00007fbf683a6c00 Uncommon trap: trap_request=0xffffff45 fr.pc=0x000000010f03b160 relative=0x0000000000000a00
Event: 1285.221 Thread 0x00007fbf683a6c00 Uncommon trap: reason=unstable_if action=reinterpret pc=0x000000010f03b160 method=com.google.common.cache.LocalCache$Segment.recordRead(Lcom/google/common/cache/ReferenceEntry;J)V @ 7 c2
Event: 1285.221 Thread 0x00007fbf683a6c00 DEOPT PACKING pc=0x000000010f03b160 sp=0x00007000045b2fa0
Event: 1285.221 Thread 0x00007fbf683a6c00 DEOPT UNPACKING pc=0x000000010d3b9f99 sp=0x00007000045b2ee0 mode 2
Event: 1285.315 Thread 0x00007fbf6824da00 Uncommon trap: trap_request=0xffffff45 fr.pc=0x000000010dc9f404 relative=0x0000000000000544
Event: 1285.315 Thread 0x00007fbf6824da00 Uncommon trap: reason=unstable_if action=reinterpret pc=0x000000010dc9f404 method=java.util.concurrent.ConcurrentLinkedQueue.poll()Ljava/lang/Object; @ 24 c2
Event: 1285.315 Thread 0x00007fbf6824da00 DEOPT PACKING pc=0x000000010dc9f404 sp=0x0000700003686e30
Event: 1285.315 Thread 0x00007fbf6824da00 DEOPT UNPACKING pc=0x000000010d3b9f99 sp=0x0000700003686de8 mode 2
Event: 1285.484 Thread 0x00007fbf67b69a00 Uncommon trap: trap_request=0xffffffde fr.pc=0x000000010f4f1744 relative=0x00000000000001e4
Event: 1285.484 Thread 0x00007fbf67b69a00 Uncommon trap: reason=class_check action=maybe_recompile pc=0x000000010f4f1744 method=ksp.com.intellij.psi.stubs.MaterialStubList.get(I)Lksp/com/intellij/psi/stubs/StubBase; @ 8 c2
Event: 1285.484 Thread 0x00007fbf67b69a00 DEOPT PACKING pc=0x000000010f4f1744 sp=0x00007000052da230
Event: 1285.484 Thread 0x00007fbf67b69a00 DEOPT UNPACKING pc=0x000000010d3b9f99 sp=0x00007000052da110 mode 2

Classes loaded (20 events):
Event: 1181.925 Loading class java/util/logging/LogRecord
Event: 1181.925 Loading class java/util/logging/LogRecord done
Event: 1182.041 Loading class sun/rmi/transport/DGCClient$EndpointEntry$CleanRequest
Event: 1182.042 Loading class sun/rmi/transport/DGCClient$EndpointEntry$CleanRequest done
Event: 1182.073 Loading class java/util/Collections$EmptyListIterator
Event: 1182.073 Loading class java/util/Collections$EmptyListIterator done
Event: 1182.091 Loading class java/net/UrlDeserializedState
Event: 1182.091 Loading class java/net/UrlDeserializedState done
Event: 1194.266 Loading class java/lang/StackStreamFactory
Event: 1194.266 Loading class java/lang/StackStreamFactory done
Event: 1194.267 Loading class java/lang/StackWalker$ExtendedOption
Event: 1194.267 Loading class java/lang/StackWalker$ExtendedOption done
Event: 1194.267 Loading class java/lang/StackStreamFactory$StackFrameTraverser
Event: 1194.267 Loading class java/lang/StackStreamFactory$StackFrameTraverser done
Event: 1194.268 Loading class java/lang/StackStreamFactory$WalkerState
Event: 1194.268 Loading class java/lang/StackStreamFactory$WalkerState done
Event: 1194.268 Loading class java/lang/StackStreamFactory$StackFrameTraverser$StackFrameBuffer
Event: 1194.268 Loading class java/lang/StackStreamFactory$FrameBuffer
Event: 1194.268 Loading class java/lang/StackStreamFactory$FrameBuffer done
Event: 1194.268 Loading class java/lang/StackStreamFactory$StackFrameTraverser$StackFrameBuffer done

Classes unloaded (9 events):
Event: 27.035 Thread 0x00007fbf68a05af0 Unloading class 0x0000000801240400 'java/lang/invoke/LambdaForm$DMH+0x0000000801240400'
Event: 27.035 Thread 0x00007fbf68a05af0 Unloading class 0x0000000801156400 'jdk/internal/reflect/GeneratedSerializationConstructorAccessor87'
Event: 30.208 Thread 0x00007fbf68a05af0 Unloading class 0x000000080129c400 'java/lang/invoke/LambdaForm$DMH+0x000000080129c400'
Event: 41.561 Thread 0x00007fbf68a05af0 Unloading class 0x00000008014bc400 'java/lang/invoke/LambdaForm$DMH+0x00000008014bc400'
Event: 41.561 Thread 0x00007fbf68a05af0 Unloading class 0x00000008014bc000 'java/lang/invoke/LambdaForm$DMH+0x00000008014bc000'
Event: 1205.573 Thread 0x00007fbf68a05af0 Unloading class 0x0000000801470c00 'java/lang/invoke/LambdaForm$MH+0x0000000801470c00'
Event: 1205.573 Thread 0x00007fbf68a05af0 Unloading class 0x0000000801041800 'java/lang/invoke/LambdaForm$MH+0x0000000801041800'
Event: 1205.573 Thread 0x00007fbf68a05af0 Unloading class 0x0000000801041400 'java/lang/invoke/LambdaForm$MH+0x0000000801041400'
Event: 1205.573 Thread 0x00007fbf68a05af0 Unloading class 0x0000000800eb8000 'java/lang/invoke/LambdaForm$MH+0x0000000800eb8000'

Classes redefined (0 events):
No events

Internal exceptions (20 events):
Event: 1283.304 Thread 0x00007fbf6faeaa00 Exception <a 'sun/nio/fs/UnixException'{0x00000007f4ab2af0}> (0x00000007f4ab2af0) 
thrown [src/hotspot/share/prims/jni.cpp, line 537]
Event: 1283.306 Thread 0x00007fbf6faeaa00 Exception <a 'sun/nio/fs/UnixException'{0x00000007f4ac4f70}> (0x00000007f4ac4f70) 
thrown [src/hotspot/share/prims/jni.cpp, line 537]
Event: 1283.306 Thread 0x00007fbf6faeaa00 Exception <a 'sun/nio/fs/UnixException'{0x00000007f4ac6130}> (0x00000007f4ac6130) 
thrown [src/hotspot/share/prims/jni.cpp, line 537]
Event: 1283.306 Thread 0x00007fbf6faeaa00 Exception <a 'sun/nio/fs/UnixException'{0x00000007f4ac72e8}> (0x00000007f4ac72e8) 
thrown [src/hotspot/share/prims/jni.cpp, line 537]
Event: 1283.933 Thread 0x00007fbf6faeaa00 Exception <a 'sun/nio/fs/UnixException'{0x0000000746fd6a40}> (0x0000000746fd6a40) 
thrown [src/hotspot/share/prims/jni.cpp, line 537]
Event: 1283.937 Thread 0x00007fbf683a6c00 Exception <a 'sun/nio/fs/UnixException'{0x0000000746cf28b0}> (0x0000000746cf28b0) 
thrown [src/hotspot/share/prims/jni.cpp, line 537]
Event: 1284.192 Thread 0x00007fbf687a6a00 Exception <a 'sun/nio/fs/UnixException'{0x0000000743fc5d28}> (0x0000000743fc5d28) 
thrown [src/hotspot/share/prims/jni.cpp, line 537]
Event: 1284.192 Thread 0x00007fbf687a6a00 Exception <a 'sun/nio/fs/UnixException'{0x0000000743fc8a78}> (0x0000000743fc8a78) 
thrown [src/hotspot/share/prims/jni.cpp, line 537]
Event: 1284.192 Thread 0x00007fbf687a6a00 Exception <a 'sun/nio/fs/UnixException'{0x0000000743fcc1f0}> (0x0000000743fcc1f0) 
thrown [src/hotspot/share/prims/jni.cpp, line 537]
Event: 1284.489 Thread 0x00007fbf71698600 Exception <a 'sun/nio/fs/UnixException'{0x0000000740623178}> (0x0000000740623178) 
thrown [src/hotspot/share/prims/jni.cpp, line 537]
Event: 1284.489 Thread 0x00007fbf71698600 Exception <a 'sun/nio/fs/UnixException'{0x00000007406259b8}> (0x00000007406259b8) 
thrown [src/hotspot/share/prims/jni.cpp, line 537]
Event: 1284.489 Thread 0x00007fbf71698600 Exception <a 'sun/nio/fs/UnixException'{0x0000000740628200}> (0x0000000740628200) 
thrown [src/hotspot/share/prims/jni.cpp, line 537]
Event: 1284.489 Thread 0x00007fbf71698600 Exception <a 'sun/nio/fs/UnixException'{0x000000074062aa50}> (0x000000074062aa50) 
thrown [src/hotspot/share/prims/jni.cpp, line 537]
Event: 1284.997 Thread 0x00007fbf683a6c00 Exception <a 'sun/nio/fs/UnixException'{0x0000000738b82da8}> (0x0000000738b82da8) 
thrown [src/hotspot/share/prims/jni.cpp, line 537]
Event: 1284.997 Thread 0x00007fbf683a6c00 Exception <a 'sun/nio/fs/UnixException'{0x0000000738b855a0}> (0x0000000738b855a0) 
thrown [src/hotspot/share/prims/jni.cpp, line 537]
Event: 1284.997 Thread 0x00007fbf683a6c00 Exception <a 'sun/nio/fs/UnixException'{0x0000000738b887c0}> (0x0000000738b887c0) 
thrown [src/hotspot/share/prims/jni.cpp, line 537]
Event: 1285.267 Thread 0x00007fbf687a6a00 Exception <a 'sun/nio/fs/UnixException'{0x0000000734f8f1b8}> (0x0000000734f8f1b8) 
thrown [src/hotspot/share/prims/jni.cpp, line 537]
Event: 1285.267 Thread 0x00007fbf687a6a00 Exception <a 'sun/nio/fs/UnixException'{0x0000000734f91f60}> (0x0000000734f91f60) 
thrown [src/hotspot/share/prims/jni.cpp, line 537]
Event: 1285.267 Thread 0x00007fbf687a6a00 Exception <a 'sun/nio/fs/UnixException'{0x0000000734f94d08}> (0x0000000734f94d08) 
thrown [src/hotspot/share/prims/jni.cpp, line 537]
Event: 1285.267 Thread 0x00007fbf687a6a00 Exception <a 'sun/nio/fs/UnixException'{0x0000000734f97ac0}> (0x0000000734f97ac0) 
thrown [src/hotspot/share/prims/jni.cpp, line 537]

ZGC Phase Switch (0 events):
No events

VM Operations (20 events):
Event: 1264.941 Executing safepoint VM operation: Cleanup
Event: 1264.941 Executing safepoint VM operation: Cleanup done
Event: 1267.947 Executing safepoint VM operation: Cleanup
Event: 1267.947 Executing safepoint VM operation: Cleanup done
Event: 1268.950 Executing safepoint VM operation: Cleanup
Event: 1268.950 Executing safepoint VM operation: Cleanup done
Event: 1269.569 Executing safepoint VM operation: G1CollectForAllocation (G1 Evacuation Pause)
Event: 1269.670 Executing safepoint VM operation: G1CollectForAllocation (G1 Evacuation Pause) done
Event: 1270.671 Executing safepoint VM operation: Cleanup
Event: 1270.671 Executing safepoint VM operation: Cleanup done
Event: 1278.695 Executing safepoint VM operation: Cleanup
Event: 1278.695 Executing safepoint VM operation: Cleanup done
Event: 1279.700 Executing safepoint VM operation: Cleanup
Event: 1279.700 Executing safepoint VM operation: Cleanup done
Event: 1283.468 Executing safepoint VM operation: ICBufferFull
Event: 1283.468 Executing safepoint VM operation: ICBufferFull done
Event: 1283.938 Executing safepoint VM operation: ICBufferFull
Event: 1283.938 Executing safepoint VM operation: ICBufferFull done
Event: 1284.940 Executing safepoint VM operation: Cleanup
Event: 1284.941 Executing safepoint VM operation: Cleanup done

Memory protections (20 events):
Event: 1283.284 Protecting memory [0x0000700002862000,0x0000700002866000] with protection modes 0
Event: 1283.284 Protecting memory [0x0000700002c6e000,0x0000700002c72000] with protection modes 0
Event: 1283.292 Protecting memory [0x0000700002d71000,0x0000700002d75000] with protection modes 0
Event: 1283.293 Protecting memory [0x000070000317d000,0x0000700003181000] with protection modes 0
Event: 1283.301 Protecting memory [0x0000700003280000,0x0000700003284000] with protection modes 0
Event: 1283.303 Protecting memory [0x0000700003383000,0x0000700003387000] with protection modes 0
Event: 1283.304 Protecting memory [0x0000700003486000,0x000070000348a000] with protection modes 0
Event: 1283.316 Protecting memory [0x0000700003589000,0x000070000358d000] with protection modes 0
Event: 1283.318 Protecting memory [0x000070000368c000,0x0000700003690000] with protection modes 0
Event: 1283.410 Protecting memory [0x000070000378f000,0x0000700003793000] with protection modes 0
Event: 1283.410 Protecting memory [0x0000700003c9e000,0x0000700003ca2000] with protection modes 0
Event: 1283.463 Protecting memory [0x0000700003da1000,0x0000700003da5000] with protection modes 0
Event: 1283.933 Protecting memory [0x00007000040aa000,0x00007000040ae000] with protection modes 0
Event: 1283.934 Protecting memory [0x00007000042b0000,0x00007000042b4000] with protection modes 0
Event: 1283.935 Protecting memory [0x00007000043b3000,0x00007000043b7000] with protection modes 0
Event: 1283.936 Protecting memory [0x00007000044b6000,0x00007000044ba000] with protection modes 0
Event: 1283.936 Protecting memory [0x00007000045b9000,0x00007000045bd000] with protection modes 0
Event: 1283.936 Protecting memory [0x00007000049c5000,0x00007000049c9000] with protection modes 0
Event: 1283.937 Protecting memory [0x0000700004dd1000,0x0000700004dd5000] with protection modes 0
Event: 1284.896 Protecting memory [0x00007000051dd000,0x00007000051e1000] with protection modes 0

Nmethod flushes (20 events):
Event: 1205.626 Thread 0x00007fbf68a05af0 flushing  nmethod 0x0000000108aef190
Event: 1205.626 Thread 0x00007fbf68a05af0 flushing  nmethod 0x0000000108aef510
Event: 1205.626 Thread 0x00007fbf68a05af0 flushing osr nmethod 0x0000000108af0910
Event: 1205.626 Thread 0x00007fbf68a05af0 flushing  nmethod 0x0000000108b05f10
Event: 1205.626 Thread 0x00007fbf68a05af0 flushing  nmethod 0x0000000108b06210
Event: 1205.626 Thread 0x00007fbf68a05af0 flushing  nmethod 0x0000000108b87d90
Event: 1205.626 Thread 0x00007fbf68a05af0 flushing  nmethod 0x0000000108b88590
Event: 1205.626 Thread 0x00007fbf68a05af0 flushing  nmethod 0x0000000108b88d90
Event: 1205.626 Thread 0x00007fbf68a05af0 flushing  nmethod 0x0000000108b89310
Event: 1205.626 Thread 0x00007fbf68a05af0 flushing  nmethod 0x0000000108b89a10
Event: 1205.626 Thread 0x00007fbf68a05af0 flushing  nmethod 0x0000000108ba0310
Event: 1205.626 Thread 0x00007fbf68a05af0 flushing  nmethod 0x0000000108ba2f10
Event: 1205.626 Thread 0x00007fbf68a05af0 flushing  nmethod 0x0000000108bd5c10
Event: 1205.626 Thread 0x00007fbf68a05af0 flushing  nmethod 0x0000000108bd6f90
Event: 1205.626 Thread 0x00007fbf68a05af0 flushing  nmethod 0x0000000108bd8590
Event: 1205.626 Thread 0x00007fbf68a05af0 flushing  nmethod 0x0000000108bdcc10
Event: 1205.626 Thread 0x00007fbf68a05af0 flushing  nmethod 0x0000000108bdcf90
Event: 1205.626 Thread 0x00007fbf68a05af0 flushing  nmethod 0x0000000108c0a510
Event: 1205.626 Thread 0x00007fbf68a05af0 flushing  nmethod 0x0000000108c10c90
Event: 1205.626 Thread 0x00007fbf68a05af0 flushing  nmethod 0x0000000108c13a10

Events (20 events):
Event: 1283.284 Thread 0x00007fbf6faeaa00 Thread added: 0x00007fbf6d989600
Event: 1283.284 Thread 0x00007fbf6faeaa00 Thread added: 0x00007fbf6df4ba00
Event: 1283.292 Thread 0x00007fbf6faeaa00 Thread added: 0x00007fbf714fbe00
Event: 1283.293 Thread 0x00007fbf6faeaa00 Thread added: 0x00007fbf6862d200
Event: 1283.301 Thread 0x00007fbf6faeaa00 Thread added: 0x00007fbf71246000
Event: 1283.303 Thread 0x00007fbf6faeaa00 Thread added: 0x00007fbf67a20e00
Event: 1283.304 Thread 0x00007fbf6faeaa00 Thread added: 0x00007fbf6db05200
Event: 1283.316 Thread 0x00007fbf6faeaa00 Thread added: 0x00007fbf6824da00
Event: 1283.318 Thread 0x00007fbf6faeaa00 Thread added: 0x00007fbf6db93c00
Event: 1283.410 Thread 0x00007fbf6faeaa00 Thread added: 0x00007fbf6cfcd800
Event: 1283.410 Thread 0x00007fbf6faeaa00 Thread added: 0x00007fbf68762000
Event: 1283.463 Thread 0x00007fbf6faeaa00 Thread added: 0x00007fbf67848800
Event: 1283.933 Thread 0x00007fbf6faeaa00 Thread added: 0x00007fbf6facda00
Event: 1283.934 Thread 0x00007fbf6faeaa00 Thread added: 0x00007fbf687a6200
Event: 1283.935 Thread 0x00007fbf6faeaa00 Thread added: 0x00007fbf687a6a00
Event: 1283.936 Thread 0x00007fbf687a6a00 Thread added: 0x00007fbf683a6c00
Event: 1283.936 Thread 0x00007fbf687a6a00 Thread added: 0x00007fbf71698600
Event: 1283.936 Thread 0x00007fbf687a6a00 Thread added: 0x00007fbf683a7400
Event: 1283.937 Thread 0x00007fbf683a6c00 Thread added: 0x00007fbf6d844200
Event: 1284.896 Thread 0x00007fbf71698600 Thread added: 0x00007fbf67b69a00


Dynamic libraries:
0x0000000100764000 	/Applications/Android Studio.app/Contents/jbr/Contents/Home/lib/libjli.dylib
0x00007ff827a12000 	/System/Library/Frameworks/Cocoa.framework/Versions/A/Cocoa
0x00007ff811855000 	/System/Library/Frameworks/AppKit.framework/Versions/C/AppKit
0x00007ff814469000 	/System/Library/Frameworks/CoreData.framework/Versions/A/CoreData
0x00007ff80f622000 	/System/Library/Frameworks/Foundation.framework/Versions/C/Foundation
0x00007ff81a58b000 	/usr/lib/libSystem.B.dylib
0x00007ff81285f000 	/System/Library/PrivateFrameworks/UIFoundation.framework/Versions/A/UIFoundation
0x00007ffb16ca7000 	/System/Library/PrivateFrameworks/CollectionViewCore.framework/Versions/A/CollectionViewCore
0x00007ff821915000 	/System/Library/PrivateFrameworks/RemoteViewServices.framework/Versions/A/RemoteViewServices
0x00007ff81855b000 	/System/Library/PrivateFrameworks/XCTTargetBootstrap.framework/Versions/A/XCTTargetBootstrap
0x00007ff81d3ec000 	/System/Library/PrivateFrameworks/InternationalSupport.framework/Versions/A/InternationalSupport
0x00007ff81d475000 	/System/Library/PrivateFrameworks/UserActivity.framework/Versions/A/UserActivity
0x00007ffb2db46000 	/System/Library/PrivateFrameworks/WindowManagement.framework/Versions/A/WindowManagement
0x00007ff80f311000 	/System/Library/Frameworks/SystemConfiguration.framework/Versions/A/SystemConfiguration
0x00007ff81c7c0000 	/usr/lib/libspindump.dylib
0x00007ff812a2d000 	/System/Library/Frameworks/UniformTypeIdentifiers.framework/Versions/A/UniformTypeIdentifiers
0x00007ff816713000 	/usr/lib/libapp_launch_measurement.dylib
0x00007ff8158f3000 	/System/Library/PrivateFrameworks/CoreAnalytics.framework/Versions/A/CoreAnalytics
0x00007ff816716000 	/System/Library/PrivateFrameworks/CoreAutoLayout.framework/Versions/A/CoreAutoLayout
0x00007ff817dc5000 	/System/Library/Frameworks/Metal.framework/Versions/A/Metal
0x00007ff818ce3000 	/usr/lib/liblangid.dylib
0x00007ff818560000 	/System/Library/PrivateFrameworks/CoreSVG.framework/Versions/A/CoreSVG
0x00007ff813395000 	/System/Library/PrivateFrameworks/SkyLight.framework/Versions/A/SkyLight
0x00007ff813789000 	/System/Library/Frameworks/CoreGraphics.framework/Versions/A/CoreGraphics
0x00007ff821ffc000 	/System/Library/Frameworks/Accelerate.framework/Versions/A/Accelerate
0x00007ff81c231000 	/System/Library/PrivateFrameworks/IconServices.framework/Versions/A/IconServices
0x00007ff817da6000 	/System/Library/Frameworks/IOSurface.framework/Versions/A/IOSurface
0x00007ff81591e000 	/usr/lib/libDiagnosticMessagesClient.dylib
0x00007ff81a4a6000 	/usr/lib/libz.1.dylib
0x00007ff8256d2000 	/System/Library/Frameworks/ApplicationServices.framework/Versions/A/ApplicationServices
0x00007ff818547000 	/System/Library/PrivateFrameworks/DFRFoundation.framework/Versions/A/DFRFoundation
0x00007ff81111f000 	/usr/lib/libicucore.A.dylib
0x00007ff81e28b000 	/System/Library/Frameworks/AudioToolbox.framework/Versions/A/AudioToolbox
0x00007ff81d3f7000 	/System/Library/PrivateFrameworks/DataDetectorsCore.framework/Versions/A/DataDetectorsCore
0x00007ff916171000 	/System/Library/PrivateFrameworks/TextInput.framework/Versions/A/TextInput
0x00007ff8132fe000 	/usr/lib/libMobileGestalt.dylib
0x00007ff81824f000 	/System/Library/Frameworks/Carbon.framework/Versions/A/Frameworks/HIToolbox.framework/Versions/A/HIToolbox
0x00007ff81609e000 	/System/Library/Frameworks/QuartzCore.framework/Versions/A/QuartzCore
0x00007ff810d8c000 	/System/Library/Frameworks/Security.framework/Versions/A/Security
0x00007ff82194d000 	/System/Library/Frameworks/Carbon.framework/Versions/A/Frameworks/SpeechRecognition.framework/Versions/A/SpeechRecognition
0x00007ff816451000 	/System/Library/PrivateFrameworks/CoreUI.framework/Versions/A/CoreUI
0x00007ff8106da000 	/System/Library/Frameworks/CoreAudio.framework/Versions/A/CoreAudio
0x00007ff8159f7000 	/System/Library/Frameworks/DiskArbitration.framework/Versions/A/DiskArbitration
0x00007ff81cbe2000 	/System/Library/PrivateFrameworks/MultitouchSupport.framework/Versions/A/MultitouchSupport
0x00007ff8132fd000 	/usr/lib/libenergytrace.dylib
0x00007ff811735000 	/System/Library/Frameworks/IOKit.framework/Versions/A/IOKit
0x00007ff821d4b000 	/System/Library/Frameworks/CoreServices.framework/Versions/A/CoreServices
0x00007ff8166aa000 	/System/Library/PrivateFrameworks/PerformanceAnalysis.framework/Versions/A/PerformanceAnalysis
0x00007ffa28e0b000 	/System/Library/Frameworks/OpenGL.framework/Versions/A/OpenGL
0x00007ff81675e000 	/usr/lib/libxml2.2.dylib
0x00007ff81993f000 	/System/Library/PrivateFrameworks/MobileKeyBag.framework/Versions/A/MobileKeyBag
0x00007ff80e37c000 	/usr/lib/libobjc.A.dylib
0x00007ff80e648000 	/usr/lib/libc++.1.dylib
0x00007ff813e9f000 	/System/Library/Frameworks/ColorSync.framework/Versions/A/ColorSync
0x00007ff80e778000 	/System/Library/Frameworks/CoreFoundation.framework/Versions/A/CoreFoundation
0x00007ff8188af000 	/System/Library/Frameworks/CoreImage.framework/Versions/A/CoreImage
0x00007ff8104e8000 	/System/Library/Frameworks/CoreText.framework/Versions/A/CoreText
0x00007ff818597000 	/System/Library/Frameworks/ImageIO.framework/Versions/A/ImageIO
0x00007ff81a591000 	/System/Library/PrivateFrameworks/SoftLinking.framework/Versions/A/SoftLinking
0x00007ff81a813000 	/usr/lib/libcompression.dylib
0x00007ff81d325000 	/System/Library/PrivateFrameworks/TextureIO.framework/Versions/A/TextureIO
0x00007ff81bef1000 	/usr/lib/libate.dylib
0x00007ff81a585000 	/usr/lib/system/libcache.dylib
0x00007ff81a53f000 	/usr/lib/system/libcommonCrypto.dylib
0x00007ff81a569000 	/usr/lib/system/libcompiler_rt.dylib
0x00007ff81a55e000 	/usr/lib/system/libcopyfile.dylib
0x00007ff80e4b0000 	/usr/lib/system/libcorecrypto.dylib
0x00007ff80e575000 	/usr/lib/system/libdispatch.dylib
0x00007ff80e71f000 	/usr/lib/system/libdyld.dylib
0x00007ff81a57b000 	/usr/lib/system/libkeymgr.dylib
0x00007ff81a51e000 	/usr/lib/system/libmacho.dylib
0x00007ff819a2c000 	/usr/lib/system/libquarantine.dylib
0x00007ff81a579000 	/usr/lib/system/libremovefile.dylib
0x00007ff813363000 	/usr/lib/system/libsystem_asl.dylib
0x00007ff80e451000 	/usr/lib/system/libsystem_blocks.dylib
0x00007ff80e5c0000 	/usr/lib/system/libsystem_c.dylib
0x00007ff81a571000 	/usr/lib/system/libsystem_collections.dylib
0x00007ff818cd4000 	/usr/lib/system/libsystem_configuration.dylib
0x00007ff817d76000 	/usr/lib/system/libsystem_containermanager.dylib
0x00007ff81a1d8000 	/usr/lib/system/libsystem_coreservices.dylib
0x00007ff8113b0000 	/usr/lib/system/libsystem_darwin.dylib
0x00007ff81a57c000 	/usr/lib/system/libsystem_dnssd.dylib
0x00007ff80e5bd000 	/usr/lib/system/libsystem_featureflags.dylib
0x00007ff80e74d000 	/usr/lib/system/libsystem_info.dylib
0x00007ff81a4b9000 	/usr/lib/system/libsystem_m.dylib
0x00007ff80e548000 	/usr/lib/system/libsystem_malloc.dylib
0x00007ff8132e6000 	/usr/lib/system/libsystem_networkextension.dylib
0x00007ff8117f3000 	/usr/lib/system/libsystem_notify.dylib
0x00007ff818cd8000 	/usr/lib/system/libsystem_sandbox.dylib
0x00007ff81a576000 	/usr/lib/system/libsystem_secinit.dylib
0x00007ff80e6d9000 	/usr/lib/system/libsystem_kernel.dylib
0x00007ff80e743000 	/usr/lib/system/libsystem_platform.dylib
0x00007ff80e713000 	/usr/lib/system/libsystem_pthread.dylib
0x00007ff814cb5000 	/usr/lib/system/libsystem_symptoms.dylib
0x00007ff80e496000 	/usr/lib/system/libsystem_trace.dylib
0x00007ff81a54b000 	/usr/lib/system/libunwind.dylib
0x00007ff80e455000 	/usr/lib/system/libxpc.dylib
0x00007ff80e6c4000 	/usr/lib/libc++abi.dylib
0x00007ff81a556000 	/usr/lib/liboah.dylib
0x00007ff81bc9e000 	/usr/lib/liblzma.5.dylib
0x00007ff81a58d000 	/usr/lib/libfakelink.dylib
0x00007ff812f49000 	/System/Library/Frameworks/CFNetwork.framework/Versions/A/CFNetwork
0x00007ff81a6ca000 	/usr/lib/libarchive.2.dylib
0x00007ff81fbe3000 	/System/Library/Frameworks/Combine.framework/Versions/A/Combine
0x00007ff81dd27000 	/usr/lib/swift/libswiftCore.dylib
0x00007ff913137000 	/usr/lib/swift/libswiftCoreFoundation.dylib
0x00007ff9111c7000 	/usr/lib/swift/libswiftDarwin.dylib
0x00007ff82359e000 	/usr/lib/swift/libswiftDispatch.dylib
0x00007ff913153000 	/usr/lib/swift/libswiftIOKit.dylib
0x00007ff825b11000 	/usr/lib/swift/libswiftObjectiveC.dylib
0x00007ff913148000 	/usr/lib/swift/libswiftXPC.dylib
0x00007ffc146f8000 	/usr/lib/swift/libswift_Concurrency.dylib
0x00007ffc14835000 	/usr/lib/swift/libswift_StringProcessing.dylib
0x00007ff825b15000 	/usr/lib/swift/libswiftos.dylib
0x00007ff8116b7000 	/System/Library/PrivateFrameworks/CoreServicesInternal.framework/Versions/A/CoreServicesInternal
0x00007ff819a53000 	/usr/lib/libbsm.0.dylib
0x00007ff81a523000 	/usr/lib/system/libkxld.dylib
0x00007ff8166de000 	/System/Library/Frameworks/CoreServices.framework/Versions/A/Frameworks/FSEvents.framework/Versions/A/FSEvents
0x00007ff8113bb000 	/System/Library/Frameworks/CoreServices.framework/Versions/A/Frameworks/CarbonCore.framework/Versions/A/CarbonCore
0x00007ff815961000 	/System/Library/Frameworks/CoreServices.framework/Versions/A/Frameworks/Metadata.framework/Versions/A/Metadata
0x00007ff81a1df000 	/System/Library/Frameworks/CoreServices.framework/Versions/A/Frameworks/OSServices.framework/Versions/A/OSServices
0x00007ff81a752000 	/System/Library/Frameworks/CoreServices.framework/Versions/A/Frameworks/SearchKit.framework/Versions/A/SearchKit
0x00007ff814c3d000 	/System/Library/Frameworks/CoreServices.framework/Versions/A/Frameworks/AE.framework/Versions/A/AE
0x00007ff80ec15000 	/System/Library/Frameworks/CoreServices.framework/Versions/A/Frameworks/LaunchServices.framework/Versions/A/LaunchServices
0x00007ff81bc4f000 	/System/Library/Frameworks/CoreServices.framework/Versions/A/Frameworks/DictionaryServices.framework/Versions/A/DictionaryServices
0x00007ff8166eb000 	/System/Library/Frameworks/CoreServices.framework/Versions/A/Frameworks/SharedFileList.framework/Versions/A/SharedFileList
0x00007ff81a7dc000 	/usr/lib/libapple_nghttp2.dylib
0x00007ff812f45000 	/usr/lib/libnetwork.dylib
0x00007ff8148e8000 	/usr/lib/libsqlite3.dylib
0x00007ff814cbd000 	/System/Library/Frameworks/Network.framework/Versions/A/Network
0x00007ffc13663000 	/usr/lib/libCoreEntitlements.dylib
0x00007ffb20729000 	/System/Library/PrivateFrameworks/MessageSecurity.framework/Versions/A/MessageSecurity
0x00007ff8148cf000 	/System/Library/PrivateFrameworks/ProtocolBuffer.framework/Versions/A/ProtocolBuffer
0x00007ff81a0fa000 	/System/Library/PrivateFrameworks/AppleFSCompression.framework/Versions/A/AppleFSCompression
0x00007ff819a3b000 	/usr/lib/libcoretls.dylib
0x00007ff81bcb7000 	/usr/lib/libcoretls_cfhelpers.dylib
0x00007ff81a80d000 	/usr/lib/libpam.2.dylib
0x00007ff81bd2a000 	/usr/lib/libxar.1.dylib
0x00007ff81c20d000 	/usr/lib/libheimdal-asn1.dylib
0x00007ff81a592000 	/usr/lib/libpcap.A.dylib
0x00007ff814cac000 	/usr/lib/libdns_services.dylib
0x00007ff818cdf000 	/System/Library/PrivateFrameworks/AppleSystemInfo.framework/Versions/A/AppleSystemInfo
0x00007ff819746000 	/System/Library/PrivateFrameworks/IOMobileFramebuffer.framework/Versions/A/IOMobileFramebuffer
0x00007ff81a1c9000 	/usr/lib/libbz2.1.0.dylib
0x00007ff819a2f000 	/usr/lib/libCheckFix.dylib
0x00007ff81337a000 	/System/Library/PrivateFrameworks/TCC.framework/Versions/A/TCC
0x00007ff818ce5000 	/System/Library/PrivateFrameworks/CoreNLP.framework/Versions/A/CoreNLP
0x00007ff815920000 	/System/Library/PrivateFrameworks/MetadataUtilities.framework/Versions/A/MetadataUtilities
0x00007ff819a64000 	/usr/lib/libmecab.dylib
0x00007ff80f391000 	/usr/lib/libCRFSuite.dylib
0x00007ff819abd000 	/usr/lib/libgermantok.dylib
0x00007ff81a7b8000 	/usr/lib/libThaiTokenizer.dylib
0x00007ff8159fe000 	/System/Library/Frameworks/Accelerate.framework/Versions/A/Frameworks/vImage.framework/Versions/A/vImage
0x00007ff821d1e000 	/System/Library/Frameworks/Accelerate.framework/Versions/A/Frameworks/vecLib.framework/Versions/A/vecLib
0x00007ff81bd6c000 	/System/Library/Frameworks/Accelerate.framework/Versions/A/Frameworks/vecLib.framework/Versions/A/libvMisc.dylib
0x00007ff81955b000 	/System/Library/Frameworks/Accelerate.framework/Versions/A/Frameworks/vecLib.framework/Versions/A/libvDSP.dylib
0x00007ff80efd5000 	/System/Library/Frameworks/Accelerate.framework/Versions/A/Frameworks/vecLib.framework/Versions/A/libBLAS.dylib
0x00007ff81a8f1000 	/System/Library/Frameworks/Accelerate.framework/Versions/A/Frameworks/vecLib.framework/Versions/A/libLAPACK.dylib
0x00007ff819ac0000 	/System/Library/Frameworks/Accelerate.framework/Versions/A/Frameworks/vecLib.framework/Versions/A/libLinearAlgebra.dylib
0x00007ff81a7f7000 	/System/Library/Frameworks/Accelerate.framework/Versions/A/Frameworks/vecLib.framework/Versions/A/libSparseBLAS.dylib
0x00007ff81a8eb000 	/System/Library/Frameworks/Accelerate.framework/Versions/A/Frameworks/vecLib.framework/Versions/A/libQuadrature.dylib
0x00007ff818dcb000 	/System/Library/Frameworks/Accelerate.framework/Versions/A/Frameworks/vecLib.framework/Versions/A/libBNNS.dylib
0x00007ff80f29a000 	/System/Library/Frameworks/Accelerate.framework/Versions/A/Frameworks/vecLib.framework/Versions/A/libSparse.dylib
0x00007ffb1f963000 	/System/Library/PrivateFrameworks/MIL.framework/Versions/A/MIL
0x00007ff81a5c7000 	/usr/lib/libiconv.2.dylib
0x00007ff81a51d000 	/usr/lib/libcharset.1.dylib
0x00007ff8166c2000 	/System/Library/Frameworks/OpenDirectory.framework/Versions/A/Frameworks/CFOpenDirectory.framework/Versions/A/CFOpenDirectory
0x00007ff8166b6000 	/System/Library/Frameworks/OpenDirectory.framework/Versions/A/OpenDirectory
0x00007ff81bcb9000 	/System/Library/PrivateFrameworks/APFS.framework/Versions/A/APFS
0x00007ff819972000 	/System/Library/Frameworks/SecurityFoundation.framework/Versions/A/SecurityFoundation
0x00007ff81bd38000 	/usr/lib/libutil.dylib
0x00007ffb1e902000 	/System/Library/PrivateFrameworks/InstalledContentLibrary.framework/Versions/A/InstalledContentLibrary
0x00007ff8116f8000 	/System/Library/PrivateFrameworks/CoreServicesStore.framework/Versions/A/CoreServicesStore
0x00007ffb1582a000 	/System/Library/PrivateFrameworks/AppleMobileFileIntegrity.framework/Versions/A/AppleMobileFileIntegrity
0x00007ff913119000 	/usr/lib/libmis.dylib
0x00007ff9219fd000 	/System/Library/PrivateFrameworks/MobileSystemServices.framework/Versions/A/MobileSystemServices
0x00007ffa1d6e1000 	/System/Library/PrivateFrameworks/ConfigProfileHelper.framework/Versions/A/ConfigProfileHelper
0x00007ff81a7ba000 	/System/Library/PrivateFrameworks/AppleSauce.framework/Versions/A/AppleSauce
0x00007ff80ffab000 	/System/Library/PrivateFrameworks/LanguageModeling.framework/Versions/A/LanguageModeling
0x00007ff81bd3c000 	/usr/lib/libxslt.1.dylib
0x00007ff81a6b9000 	/usr/lib/libcmph.dylib
0x00007ff819733000 	/System/Library/PrivateFrameworks/CoreEmoji.framework/Versions/A/CoreEmoji
0x00007ff818dc6000 	/System/Library/PrivateFrameworks/LinguisticData.framework/Versions/A/LinguisticData
0x00007ff80f251000 	/System/Library/PrivateFrameworks/Lexicon.framework/Versions/A/Lexicon
0x00007ff819a00000 	/System/Library/PrivateFrameworks/BackgroundTaskManagement.framework/Versions/A/BackgroundTaskManagement
0x00007ffc137a5000 	/usr/lib/libTLE.dylib
0x00007ffc1477e000 	/usr/lib/swift/libswift_RegexParser.dylib
0x00007ff81caa6000 	/System/Library/PrivateFrameworks/AppleJPEG.framework/Versions/A/AppleJPEG
0x00007ff81c1f2000 	/usr/lib/libexpat.1.dylib
0x00007ff81d17c000 	/System/Library/Frameworks/ImageIO.framework/Versions/A/Resources/libPng.dylib
0x00007ff81d1aa000 	/System/Library/Frameworks/ImageIO.framework/Versions/A/Resources/libTIFF.dylib
0x00007ff81d29f000 	/System/Library/Frameworks/ImageIO.framework/Versions/A/Resources/libGIF.dylib
0x00007ff81caf1000 	/System/Library/Frameworks/ImageIO.framework/Versions/A/Resources/libJP2.dylib
0x00007ff81d23f000 	/System/Library/Frameworks/ImageIO.framework/Versions/A/Resources/libJPEG.dylib
0x00007ff81d236000 	/System/Library/Frameworks/ImageIO.framework/Versions/A/Resources/libRadiance.dylib
0x00007ff8180e8000 	/System/Library/PrivateFrameworks/FontServices.framework/libFontParser.dylib
0x00007ff814be2000 	/System/Library/PrivateFrameworks/RunningBoardServices.framework/Versions/A/RunningBoardServices
0x00007ff8280bf000 	/System/Library/PrivateFrameworks/IOSurfaceAccelerator.framework/Versions/A/IOSurfaceAccelerator
0x00007ff81cbde000 	/System/Library/PrivateFrameworks/WatchdogClient.framework/Versions/A/WatchdogClient
0x00007ff810111000 	/System/Library/Frameworks/CoreDisplay.framework/Versions/A/CoreDisplay
0x00007ff817fd6000 	/System/Library/Frameworks/CoreMedia.framework/Versions/A/CoreMedia
0x00007ff817dbc000 	/System/Library/PrivateFrameworks/IOAccelerator.framework/Versions/A/IOAccelerator
0x00007ff81683d000 	/System/Library/Frameworks/CoreVideo.framework/Versions/A/CoreVideo
0x00007ff81a80b000 	/System/Library/Frameworks/MetalPerformanceShaders.framework/Versions/A/MetalPerformanceShaders
0x00007ff81cc1d000 	/System/Library/Frameworks/VideoToolbox.framework/Versions/A/VideoToolbox
0x00007ff814b20000 	/System/Library/PrivateFrameworks/BaseBoard.framework/Versions/A/BaseBoard
0x00007ff81d22f000 	/System/Library/PrivateFrameworks/GPUWrangler.framework/Versions/A/GPUWrangler
0x00007ff81d213000 	/System/Library/PrivateFrameworks/IOPresentment.framework/Versions/A/IOPresentment
0x00007ff81d239000 	/System/Library/PrivateFrameworks/DSExternalDisplay.framework/Versions/A/DSExternalDisplay
0x00007ffb1add4000 	/System/Library/PrivateFrameworks/GPUCompiler.framework/Versions/31001/Libraries/libllvm-flatbuffers.dylib
0x00007ffa28dff000 	/System/Library/Frameworks/OpenGL.framework/Versions/A/Libraries/libCoreFSCache.dylib
0x00007ffb1add0000 	/System/Library/PrivateFrameworks/GPUCompiler.framework/Versions/31001/Libraries/libGPUCompilerUtils.dylib
0x00007ff81d2a5000 	/System/Library/PrivateFrameworks/CMCaptureCore.framework/Versions/A/CMCaptureCore
0x00007ffb0fc9d000 	/System/Library/Frameworks/ExtensionFoundation.framework/Versions/A/ExtensionFoundation
0x00007ff823d36000 	/System/Library/PrivateFrameworks/CoreTime.framework/Versions/A/CoreTime
0x00007ff81c7ab000 	/System/Library/PrivateFrameworks/AppServerSupport.framework/Versions/A/AppServerSupport
0x00007ff81eb45000 	/System/Library/PrivateFrameworks/perfdata.framework/Versions/A/perfdata
0x00007ff81023d000 	/System/Library/PrivateFrameworks/AudioToolboxCore.framework/Versions/A/AudioToolboxCore
0x00007ff817fb1000 	/System/Library/PrivateFrameworks/caulk.framework/Versions/A/caulk
0x00007ff81e420000 	/usr/lib/libAudioStatistics.dylib
0x00007ff912587000 	/System/Library/PrivateFrameworks/SystemPolicy.framework/Versions/A/SystemPolicy
0x00007ff81e6bb000 	/usr/lib/libSMC.dylib
0x00007ff8278b0000 	/System/Library/Frameworks/CoreMIDI.framework/Versions/A/CoreMIDI
0x00007ff81d14a000 	/usr/lib/libAudioToolboxUtility.dylib
0x00007ff82d23a000 	/System/Library/PrivateFrameworks/OSAServicesClient.framework/Versions/A/OSAServicesClient
0x00007ff81eb52000 	/usr/lib/libperfcheck.dylib
0x00007ff81c0d2000 	/System/Library/PrivateFrameworks/PlugInKit.framework/Versions/A/PlugInKit
0x00007ff819965000 	/System/Library/PrivateFrameworks/AssertionServices.framework/Versions/A/AssertionServices
0x00007ffa28e5c000 	/System/Library/Frameworks/OpenGL.framework/Versions/A/Libraries/libGLU.dylib
0x00007ffa28e1e000 	/System/Library/Frameworks/OpenGL.framework/Versions/A/Libraries/libGFXShared.dylib
0x00007ffa2901d000 	/System/Library/Frameworks/OpenGL.framework/Versions/A/Libraries/libGL.dylib
0x00007ffa28e27000 	/System/Library/Frameworks/OpenGL.framework/Versions/A/Libraries/libGLImage.dylib
0x00007ffa28e1b000 	/System/Library/Frameworks/OpenGL.framework/Versions/A/Libraries/libCVMSPluginSupport.dylib
0x00007ffc13784000 	/usr/lib/libRosetta.dylib
0x00007ffa28e06000 	/System/Library/Frameworks/OpenGL.framework/Versions/A/Libraries/libCoreVMClient.dylib
0x00007ff818c54000 	/System/Library/Frameworks/MetalPerformanceShaders.framework/Versions/A/Frameworks/MPSCore.framework/Versions/A/MPSCore
0x00007ff81a064000 	/System/Library/Frameworks/MetalPerformanceShaders.framework/Versions/A/Frameworks/MPSImage.framework/Versions/A/MPSImage
0x00007ff819ad6000 	/System/Library/Frameworks/MetalPerformanceShaders.framework/Versions/A/Frameworks/MPSNeuralNetwork.framework/Versions/A/MPSNeuralNetwork
0x00007ff819f47000 	/System/Library/Frameworks/MetalPerformanceShaders.framework/Versions/A/Frameworks/MPSMatrix.framework/Versions/A/MPSMatrix
0x00007ff819d03000 	/System/Library/Frameworks/MetalPerformanceShaders.framework/Versions/A/Frameworks/MPSRayIntersector.framework/Versions/A/MPSRayIntersector
0x00007ff819f83000 	/System/Library/Frameworks/MetalPerformanceShaders.framework/Versions/A/Frameworks/MPSNDArray.framework/Versions/A/MPSNDArray
0x00007ffb11085000 	/System/Library/Frameworks/MetalPerformanceShaders.framework/Versions/A/Frameworks/MPSFunctions.framework/Versions/A/MPSFunctions
0x00007ff80ee95000 	/System/Library/PrivateFrameworks/MetalTools.framework/Versions/A/MetalTools
0x00007ff818cde000 	/System/Library/PrivateFrameworks/AggregateDictionary.framework/Versions/A/AggregateDictionary
0x00007ff81bf88000 	/usr/lib/libIOReport.dylib
0x00007ffb2325e000 	/System/Library/PrivateFrameworks/PhotosensitivityProcessing.framework/Versions/A/PhotosensitivityProcessing
0x00007ffa2a40e000 	/System/Library/Frameworks/OpenCL.framework/Versions/A/OpenCL
0x00007ff81c33a000 	/System/Library/PrivateFrameworks/GraphVisualizer.framework/Versions/A/GraphVisualizer
0x00007ffb1ace9000 	/System/Library/PrivateFrameworks/FontServices.framework/Versions/A/FontServices
0x00007ff81c766000 	/System/Library/PrivateFrameworks/OTSVG.framework/Versions/A/OTSVG
0x00007ff816405000 	/System/Library/Frameworks/ApplicationServices.framework/Versions/A/Frameworks/ATS.framework/Versions/A/Resources/libFontRegistry.dylib
0x00007ff81c7b5000 	/System/Library/PrivateFrameworks/FontServices.framework/libhvf.dylib
0x00007ffb1acea000 	/System/Library/PrivateFrameworks/FontServices.framework/libXTFontStaticRegistryData.dylib
0x00007ff91dff1000 	/usr/lib/swift/libswiftMetal.dylib
0x00007ff9160d2000 	/usr/lib/swift/libswiftsimd.dylib
0x00007ffb2c944000 	/System/Library/PrivateFrameworks/VideoToolboxParavirtualizationSupport.framework/Versions/A/VideoToolboxParavirtualizationSupport
0x00007ff81c1a2000 	/System/Library/PrivateFrameworks/AppleVA.framework/Versions/A/AppleVA
0x00007ff81e460000 	/System/Library/Frameworks/ApplicationServices.framework/Versions/A/Frameworks/ATS.framework/Versions/A/ATS
0x00007ff813f8f000 	/System/Library/Frameworks/ApplicationServices.framework/Versions/A/Frameworks/HIServices.framework/Versions/A/HIServices
0x00007ff81d2b1000 	/System/Library/Frameworks/ApplicationServices.framework/Versions/A/Frameworks/PrintCore.framework/Versions/A/PrintCore
0x00007ff81e811000 	/System/Library/Frameworks/ApplicationServices.framework/Versions/A/Frameworks/QD.framework/Versions/A/QD
0x00007ff81e809000 	/System/Library/Frameworks/ApplicationServices.framework/Versions/A/Frameworks/ColorSyncLegacy.framework/Versions/A/ColorSyncLegacy
0x00007ff81e434000 	/System/Library/Frameworks/ApplicationServices.framework/Versions/A/Frameworks/SpeechSynthesis.framework/Versions/A/SpeechSynthesis
0x00007ff81d26f000 	/System/Library/Frameworks/ApplicationServices.framework/Versions/A/Frameworks/ATSUI.framework/Versions/A/ATSUI
0x00007ff81e79b000 	/usr/lib/libcups.2.dylib
0x00007ff81eb61000 	/System/Library/Frameworks/Kerberos.framework/Versions/A/Kerberos
0x00007ff81eb70000 	/System/Library/Frameworks/GSS.framework/Versions/A/GSS
0x00007ff81e4ce000 	/usr/lib/libresolv.9.dylib
0x00007ff81c7c5000 	/System/Library/PrivateFrameworks/Heimdal.framework/Versions/A/Heimdal
0x00007ff825a93000 	/System/Library/Frameworks/Kerberos.framework/Versions/A/Libraries/libHeimdalProxy.dylib
0x00007ff81ebbb000 	/System/Library/PrivateFrameworks/CommonAuth.framework/Versions/A/CommonAuth
0x00007ffb0ef4c000 	/System/Library/Frameworks/AVFAudio.framework/Versions/A/AVFAudio
0x00007ff82d283000 	/System/Library/PrivateFrameworks/AXCoreUtilities.framework/Versions/A/AXCoreUtilities
0x00007ff81e3ae000 	/System/Library/PrivateFrameworks/AudioSession.framework/Versions/A/AudioSession
0x00007ff81f9b5000 	/System/Library/Frameworks/IOBluetooth.framework/Versions/A/IOBluetooth
0x00007ff81c2a8000 	/System/Library/PrivateFrameworks/MediaExperience.framework/Versions/A/MediaExperience
0x00007ff81e258000 	/System/Library/PrivateFrameworks/AudioSession.framework/libSessionUtility.dylib
0x00007ff81e81d000 	/System/Library/PrivateFrameworks/AudioResourceArbitration.framework/Versions/A/AudioResourceArbitration
0x00007ff822948000 	/System/Library/PrivateFrameworks/PowerLog.framework/Versions/A/PowerLog
0x00007ff822886000 	/System/Library/Frameworks/CoreBluetooth.framework/Versions/A/CoreBluetooth
0x00007ff825a94000 	/System/Library/Frameworks/AudioUnit.framework/Versions/A/AudioUnit
0x00007ff8197cf000 	/System/Library/PrivateFrameworks/CoreUtils.framework/Versions/A/CoreUtils
0x00007ffb197b7000 	/System/Library/PrivateFrameworks/CoreUtilsExtras.framework/Versions/A/CoreUtilsExtras
0x00007ffb1e791000 	/System/Library/PrivateFrameworks/IO80211.framework/Versions/A/IO80211
0x00007ff81c216000 	/System/Library/PrivateFrameworks/IconFoundation.framework/Versions/A/IconFoundation
0x00007ff82193d000 	/System/Library/PrivateFrameworks/SpeechRecognitionCore.framework/Versions/A/SpeechRecognitionCore
0x0000000101a3e000 	/Applications/Android Studio.app/Contents/jbr/Contents/Home/lib/server/libjvm.dylib
0x00000001007e2000 	/Applications/Android Studio.app/Contents/jbr/Contents/Home/lib/libjimage.dylib
0x0000000100806000 	/Applications/Android Studio.app/Contents/jbr/Contents/Home/lib/libinstrument.dylib
0x0000000100848000 	/Applications/Android Studio.app/Contents/jbr/Contents/Home/lib/libjava.dylib
0x0000000101296000 	/Applications/Android Studio.app/Contents/jbr/Contents/Home/lib/libzip.dylib
0x00000001012bd000 	/Applications/Android Studio.app/Contents/jbr/Contents/Home/lib/libnio.dylib
0x000000010082c000 	/Applications/Android Studio.app/Contents/jbr/Contents/Home/lib/libnet.dylib
0x00000001012d9000 	/Applications/Android Studio.app/Contents/jbr/Contents/Home/lib/libverify.dylib
0x000000010081e000 	/Users/imacmantra/.gradle/native/660c5614fbf4a5f2a75b1949f50a0caf5cd603558e7d8a26e50b933a0cfb79d1/osx-amd64/libnative-platform.dylib
0x000000010135b000 	/Users/imacmantra/.gradle/native/0.2.8/x86_64-macos/libgradle-fileevents.dylib
0x00000001012f9000 	/Applications/Android Studio.app/Contents/jbr/Contents/Home/lib/libmanagement.dylib
0x0000000101312000 	/Applications/Android Studio.app/Contents/jbr/Contents/Home/lib/libmanagement_ext.dylib
0x0000000101305000 	/Applications/Android Studio.app/Contents/jbr/Contents/Home/lib/libextnet.dylib
0x000000010146c000 	/Applications/Android Studio.app/Contents/jbr/Contents/Home/lib/libawt.dylib
0x00000001015db000 	/Applications/Android Studio.app/Contents/jbr/Contents/Home/lib/libmlib_image.dylib
0x00007ffb1026f000 	/System/Library/Frameworks/JavaRuntimeSupport.framework/Versions/A/JavaRuntimeSupport
0x00007ff911f94000 	/System/Library/Frameworks/Carbon.framework/Versions/A/Carbon
0x00007ff823c52000 	/System/Library/PrivateFrameworks/CoreSymbolication.framework/Versions/A/CoreSymbolication
0x00007ff829609000 	/System/Library/Frameworks/Carbon.framework/Versions/A/Frameworks/CommonPanels.framework/Versions/A/CommonPanels
0x00007ff8253e7000 	/System/Library/Frameworks/Carbon.framework/Versions/A/Frameworks/Help.framework/Versions/A/Help
0x00007ff82960d000 	/System/Library/Frameworks/Carbon.framework/Versions/A/Frameworks/ImageCapture.framework/Versions/A/ImageCapture
0x00007ff8295e5000 	/System/Library/Frameworks/Carbon.framework/Versions/A/Frameworks/OpenScripting.framework/Versions/A/OpenScripting
0x00007ff829605000 	/System/Library/Frameworks/Carbon.framework/Versions/A/Frameworks/Ink.framework/Versions/A/Ink
0x00007ff911f90000 	/System/Library/Frameworks/Carbon.framework/Versions/A/Frameworks/Print.framework/Versions/A/Print
0x00007ff829601000 	/System/Library/Frameworks/Carbon.framework/Versions/A/Frameworks/SecurityHI.framework/Versions/A/SecurityHI
0x00007ff823c13000 	/System/Library/PrivateFrameworks/DebugSymbols.framework/Versions/A/DebugSymbols
0x000000011b62f000 	/Applications/Android Studio.app/Contents/jbr/Contents/Home/lib/libawt_lwawt.dylib
0x00000001013ca000 	/Applications/Android Studio.app/Contents/jbr/Contents/Home/lib/libosxapp.dylib
0x00007ff911239000 	/System/Library/Frameworks/ExceptionHandling.framework/Versions/A/ExceptionHandling
0x00000001017f1000 	/Applications/Android Studio.app/Contents/jbr/Contents/Home/lib/libfontmanager.dylib
0x0000000101735000 	/Applications/Android Studio.app/Contents/jbr/Contents/Home/lib/libfreetype.dylib
0x000000011b935000 	/private/var/folders/_f/j9sqjjwx11s7n49ps__4zd0c0000gn/T/sqlite-3.41.2.2-4250514d-47a6-4ddd-898a-2a6a59ff5774-libsqlitejdbc.jnilib
0x000000011ba58000 	/private/var/folders/_f/j9sqjjwx11s7n49ps__4zd0c0000gn/T/sqlite-3.41.2.2-d1987e2b-b0d7-4b93-bd2f-3b6c24db16d5-libsqlitejdbc.jnilib
0x00000001012ed000 	/Applications/Android Studio.app/Contents/jbr/Contents/Home/lib/librmi.dylib
0x0000000101402000 	/Users/imacmantra/Library/Caches/JNA/temp/jna2927989863090214724.tmp
0x00007ffb10277000 	/System/Library/Frameworks/JavaVM.framework/Versions/A/JavaVM

JVMTI agents:
/Users/imacmantra/.gradle/wrapper/dists/gradle-9.4.1-bin/arn2x92ynaizyzdaamcbpbhtj/gradle-9.4.1/lib/agents/gradle-instrumentation-agent-9.4.1.jar path:none, loaded, initialized, instrumentlib options:none


VM Arguments:
jvm_args: --add-opens=java.base/java.lang=ALL-UNNAMED --add-opens=java.base/java.lang.invoke=ALL-UNNAMED --add-opens=java.base/java.util=ALL-UNNAMED --add-opens=java.prefs/java.util.prefs=ALL-UNNAMED --add-exports=jdk.compiler/com.sun.tools.javac.api=ALL-UNNAMED --add-exports=jdk.compiler/com.sun.tools.javac.util=ALL-UNNAMED --add-opens=java.base/java.util=ALL-UNNAMED --add-opens=java.prefs/java.util.prefs=ALL-UNNAMED --add-opens=java.base/java.nio.charset=ALL-UNNAMED --add-opens=java.base/java.net=ALL-UNNAMED --add-opens=java.base/java.util.concurrent=ALL-UNNAMED --add-opens=java.base/java.util.concurrent.atomic=ALL-UNNAMED --add-opens=java.xml/javax.xml.namespace=ALL-UNNAMED --add-opens=java.base/java.time=ALL-UNNAMED -Xmx4096m -Dfile.encoding=UTF-8 -Duser.country=419 -Duser.language=es -Duser.variant -javaagent:/Users/imacmantra/.gradle/wrapper/dists/gradle-9.4.1-bin/arn2x92ynaizyzdaamcbpbhtj/gradle-9.4.1/lib/agents/gradle-instrumentation-agent-9.4.1.jar 
java_command: org.gradle.launcher.daemon.bootstrap.GradleDaemon 9.4.1
java_class_path (initial): /Users/imacmantra/.gradle/wrapper/dists/gradle-9.4.1-bin/arn2x92ynaizyzdaamcbpbhtj/gradle-9.4.1/lib/gradle-daemon-main-9.4.1.jar
Launcher Type: SUN_STANDARD

[Global flags]
     intx CICompilerCount                          = 3                                         {product} {ergonomic}
     uint ConcGCThreads                            = 1                                         {product} {ergonomic}
     uint G1ConcRefinementThreads                  = 4                                         {product} {ergonomic}
   size_t G1HeapRegionSize                         = 2097152                                   {product} {ergonomic}
    uintx GCDrainStackTargetSize                   = 64                                        {product} {ergonomic}
   size_t InitialHeapSize                          = 402653184                                 {product} {ergonomic}
   size_t MarkStackSize                            = 4194304                                   {product} {ergonomic}
   size_t MaxHeapSize                              = 4294967296                                {product} {command line}
   size_t MaxNewSize                               = 2575302656                                {product} {ergonomic}
   size_t MinHeapDeltaBytes                        = 2097152                                   {product} {ergonomic}
   size_t MinHeapSize                              = 8388608                                   {product} {ergonomic}
    uintx NonNMethodCodeHeapSize                   = 5832780                                {pd product} {ergonomic}
    uintx NonProfiledCodeHeapSize                  = 122912730                              {pd product} {ergonomic}
    uintx ProfiledCodeHeapSize                     = 122912730                              {pd product} {ergonomic}
    uintx ReservedCodeCacheSize                    = 251658240                              {pd product} {ergonomic}
     bool SegmentedCodeCache                       = true                                      {product} {ergonomic}
   size_t SoftMaxHeapSize                          = 4294967296                             {manageable} {ergonomic}
     bool UseCompressedOops                        = true                           {product lp64_product} {ergonomic}
     bool UseG1GC                                  = true                                      {product} {ergonomic}
     bool UseNUMA                                  = false                                     {product} {ergonomic}
     bool UseNUMAInterleaving                      = false                                     {product} {ergonomic}

Logging:
Log output configuration:
 #0: stdout all=warning uptime,level,tags foldmultilines=false
 #1: stderr all=off uptime,level,tags foldmultilines=false

Release file:
JAVA_VERSION="21.0.10"
MODULES="java.base java.compiler java.datatransfer java.xml java.prefs java.desktop java.instrument java.logging java.management java.security.sasl java.naming java.rmi java.management.rmi java.net.http java.scripting java.security.jgss java.transaction.xa java.sql java.sql.rowset java.xml.crypto java.se java.smartcardio jdk.accessibility jdk.internal.jvmstat jdk.attach jdk.charsets jdk.internal.opt jdk.zipfs jdk.compiler jdk.crypto.ec jdk.crypto.cryptoki jdk.dynalink jdk.hotspot.agent jdk.httpserver jdk.internal.ed jdk.internal.le jdk.internal.vm.ci jdk.jartool jdk.javadoc jdk.jcmd jdk.jdeps jdk.jdwp.agent jdk.jdi jdk.jfr jdk.jlink jdk.jsobject jdk.localedata jdk.management jdk.management.agent jdk.management.jfr jdk.naming.dns jdk.naming.rmi jdk.net jdk.sctp jdk.security.auth jdk.security.jgss jdk.unsupported jdk.unsupported.desktop jdk.xml.dom"
IMPLEMENTOR="JetBrains s.r.o."
JAVA_RUNTIME_VERSION="21.0.10+-117844309-b1163.108"
LIBC="default"
OS_ARCH="x86_64"
OS_NAME="Darwin"
SOURCE=".:git:1351622c2ff2"

Environment Variables:
JAVA_HOME=/Applications/Android Studio.app/Contents/jbr/Contents/Home
PATH=/Users/imacmantra/.gemini/antigravity-cli/bin:/Users/imacmantra/.local/bin:/Users/imacmantra/.opencode/bin:/Users/imacmantra/.local/bin:/Users/imacmantra/.opencode/bin:/Library/Frameworks/Python.framework/Versions/3.14/bin:/usr/local/bin:/System/Cryptexes/App/usr/bin:/usr/bin:/bin:/usr/sbin:/sbin:/Library/Apple/usr/bin:/var/run/com.apple.security.cryptexd/codex.system/bootstrap/usr/local/bin:/var/run/com.apple.security.cryptexd/codex.system/bootstrap/usr/bin:/var/run/com.apple.security.cryptexd/codex.system/bootstrap/usr/appleinternal/bin
SHELL=/bin/zsh
LC_CTYPE=UTF-8
TERM=xterm-256color
TMPDIR=/var/folders/_f/j9sqjjwx11s7n49ps__4zd0c0000gn/T/

Active Locale:
LC_ALL=C/UTF-8/C/C/C/C
LC_COLLATE=C
LC_CTYPE=UTF-8
LC_MESSAGES=C
LC_MONETARY=C
LC_NUMERIC=C
LC_TIME=C

Signal Handlers:
   SIGSEGV: crash_handler in libjvm.dylib, mask=11100110000111110111111111111111, flags=SA_ONSTACK|SA_RESTART|SA_SIGINFO, unblocked
    SIGBUS: crash_handler in libjvm.dylib, mask=11100110000111110111111111111111, flags=SA_RESTART|SA_SIGINFO, unblocked
    SIGFPE: crash_handler in libjvm.dylib, mask=11100110000111110111111111111111, flags=SA_RESTART|SA_SIGINFO, unblocked
   SIGPIPE: javaSignalHandler in libjvm.dylib, mask=11100110000111110111111111111111, flags=SA_RESTART|SA_SIGINFO, blocked
   SIGXFSZ: javaSignalHandler in libjvm.dylib, mask=11100110000111110111111111111111, flags=SA_RESTART|SA_SIGINFO, blocked
    SIGILL: crash_handler in libjvm.dylib, mask=11100110000111110111111111111111, flags=SA_RESTART|SA_SIGINFO, unblocked
   SIGUSR2: SR_handler in libjvm.dylib, mask=00000000000000000000000000000000, flags=SA_RESTART|SA_SIGINFO, blocked
    SIGHUP: UserHandler in libjvm.dylib, mask=11100110000111110111111111111111, flags=SA_RESTART|SA_SIGINFO, blocked
    SIGINT: UserHandler in libjvm.dylib, mask=11100110000111110111111111111111, flags=SA_RESTART|SA_SIGINFO, blocked
   SIGTERM: UserHandler in libjvm.dylib, mask=11100110000111110111111111111111, flags=SA_RESTART|SA_SIGINFO, blocked
   SIGQUIT: UserHandler in libjvm.dylib, mask=11100110000111110111111111111111, flags=SA_RESTART|SA_SIGINFO, blocked
   SIGTRAP: crash_handler in libjvm.dylib, mask=11100110000111110111111111111111, flags=SA_RESTART|SA_SIGINFO, unblocked


Periodic native trim disabled

JNI global refs:
JNI global refs: 34, weak refs: 138

JNI global refs memory usage: 835, weak refs: 2097

Process memory usage:
Resident Set Size: 1994460K (7% of 25165824K total physical memory with 1795812K free physical memory)

OOME stack traces (most recent first):
Classloader memory used:
Loader org.gradle.internal.classloader.VisitableURLClassLoader$InstrumentingVisitableURLClassLoader: 77701K
Loader org.gradle.internal.classloader.VisitableURLClassLoader                         : 49609K
Loader java.net.URLClassLoader                                                         : 48773K
Loader bootstrap                                                                       : 33525K
Loader org.gradle.initialization.MixInLegacyTypesClassLoader                           : 14509K
Loader jdk.internal.reflect.DelegatingClassLoader                                      : 824K
Loader org.gradle.internal.classloader.VisitableURLClassLoader                         : 337K
Loader jdk.internal.loader.ClassLoaders$PlatformClassLoader                            : 324K
Loader jdk.internal.jrtfs.JrtFileSystemProvider$JrtFsLoader                            : 275K
Loader jdk.internal.loader.ClassLoaders$AppClassLoader                                 : 195K
Loader sun.reflect.misc.MethodUtil                                                     : 2984B

Classes loaded by more than one classloader:
Class Program                                                                         : loaded 5 times (x 72B)
Class kotlin.collections.ArrayAsCollection                                            : loaded 3 times (x 105B)
Class kotlin.collections.ArraysUtilJVM                                                : loaded 3 times (x 71B)
Class kotlin.jvm.functions.Function0                                                  : loaded 3 times (x 70B)
Class kotlin.LazyKt__LazyKt                                                           : loaded 3 times (x 71B)
Class kotlin.text.StringsKt__StringBuilderJVMKt                                       : loaded 3 times (x 71B)
Class kotlin.LazyKt__LazyJVMKt                                                        : loaded 3 times (x 71B)
Class kotlin.io.FilesKt__FileTreeWalkKt                                               : loaded 3 times (x 71B)
Class kotlin.io.CloseableKt                                                           : loaded 3 times (x 71B)
Class kotlin.collections.CollectionsKt__MutableCollectionsKt                          : loaded 3 times (x 71B)
Class kotlin.sequences.FilteringSequence$iterator$1                                   : loaded 3 times (x 79B)
Class kotlin.sequences.SequencesKt__SequenceBuilderKt                                 : loaded 3 times (x 71B)
Class kotlin.jvm.internal.CallableReference$NoReceiver                                : loaded 3 times (x 71B)
Class kotlin.jvm.functions.Function1                                                  : loaded 3 times (x 70B)
Class kotlin.text.StringsKt__StringBuilderKt                                          : loaded 3 times (x 71B)
Class kotlin.io.FilesKt__FileReadWriteKt                                              : loaded 3 times (x 71B)
Class kotlin.text.StringsKt__StringNumberConversionsKt                                : loaded 3 times (x 71B)
Class kotlin.UNINITIALIZED_VALUE                                                      : loaded 3 times (x 71B)
Class kotlin.collections.CollectionsKt__ReversedViewsKt                               : loaded 3 times (x 71B)
Class androidx.room.RoomKspProcessor$Provider                                         : loaded 3 times (x 74B)
Class kotlin.io.FileAlreadyExistsException                                            : loaded 3 times (x 82B)
Class kotlin.reflect.KAnnotatedElement                                                : loaded 3 times (x 70B)
Class kotlin.Lazy                                                                     : loaded 3 times (x 70B)
Class kotlin.NoWhenBranchMatchedException                                             : loaded 3 times (x 82B)
Class kotlin._Assertions                                                              : loaded 3 times (x 71B)
Class kotlin.jvm.internal.Intrinsics                                                  : loaded 3 times (x 71B)
Class kotlin.sequences.Sequence                                                       : loaded 3 times (x 70B)
Class kotlin.jvm.functions.Function2                                                  : loaded 3 times (x 70B)
Class kotlin.Pair                                                                     : loaded 3 times (x 72B)
Class kotlin.ranges.RangesKt__RangesKt                                                : loaded 3 times (x 71B)
Class kotlin.collections.SetsKt___SetsKt                                              : loaded 3 times (x 71B)
Class kotlin.sequences.SequencesKt__SequencesKt                                       : loaded 3 times (x 71B)
Class kotlin.io.FileSystemException                                                   : loaded 3 times (x 82B)
Class kotlin.text.StringsKt__StringNumberConversionsJVMKt                             : loaded 3 times (x 71B)
Class [Lkotlin.reflect.KCallable;                                                     : loaded 3 times (x 69B)
Class kotlin.collections.ArraysKt___ArraysJvmKt                                       : loaded 3 times (x 71B)
Class kotlin.text.StringsKt__StringsJVMKt                                             : loaded 3 times (x 71B)
Class kotlin.UninitializedPropertyAccessException                                     : loaded 3 times (x 82B)
Class kotlin.collections.MapsKt                                                       : loaded 3 times (x 71B)
Class kotlin.collections.CollectionsKt__IterablesKt                                   : loaded 3 times (x 71B)
Class kotlin.collections.CollectionsKt__IteratorsJVMKt                                : loaded 3 times (x 71B)
Class kotlin.io.FilesKt__UtilsKt                                                      : loaded 3 times (x 71B)
Class kotlin.jvm.functions.Function3                                                  : loaded 3 times (x 70B)
Class kotlin.collections.MapsKt___MapsJvmKt                                           : loaded 3 times (x 71B)
Class kotlin.sequences.ConstrainedOnceSequence                                        : loaded 3 times (x 75B)
Class kotlin.collections.CollectionsKt__CollectionsJVMKt                              : loaded 3 times (x 71B)
Class kotlin.collections.EmptyList                                                    : loaded 3 times (x 174B)
Class kotlin.collections.MapsKt__MapsJVMKt                                            : loaded 3 times (x 71B)
Class kotlin.collections.CollectionsKt__CollectionsKt                                 : loaded 3 times (x 71B)
Class kotlin.jvm.internal.markers.KMappedMarker                                       : loaded 3 times (x 70B)
Class kotlin.sequences.FilteringSequence                                              : loaded 3 times (x 75B)
Class kotlin.collections.IndexingIterator                                             : loaded 3 times (x 79B)
Class kotlin.reflect.KCallable                                                        : loaded 3 times (x 70B)
Class Build_gradle                                                                    : loaded 3 times (x 126B)
Class kotlin.io.TerminateException                                                    : loaded 3 times (x 82B)
Class kotlin.KotlinNullPointerException                                               : loaded 3 times (x 83B)
Class kotlin.collections.EmptySet                                                     : loaded 3 times (x 122B)
Class kotlin.collections.CollectionsKt___CollectionsKt                                : loaded 3 times (x 71B)
Class kotlin.collections.IndexedValue                                                 : loaded 3 times (x 72B)
Class kotlin.collections.SetsKt                                                       : loaded 3 times (x 71B)
Class kotlin.sequences.SequencesKt                                                    : loaded 3 times (x 71B)
Class kotlin.collections.CollectionsKt__IteratorsKt                                   : loaded 3 times (x 71B)
Class kotlin.jvm.internal.CallableReference                                           : loaded 3 times (x 106B)
Class kotlin.ranges.RangesKt___RangesKt                                               : loaded 3 times (x 71B)
Class kotlin.text.StringsKt__IndentKt                                                 : loaded 3 times (x 71B)
Class kotlin.collections.IndexingIterable                                             : loaded 3 times (x 79B)
Class kotlin.io.FilesKt__FilePathComponentsKt                                         : loaded 3 times (x 71B)
Class kotlin.reflect.KDeclarationContainer                                            : loaded 3 times (x 70B)
Class kotlin.collections.ArraysKt__ArraysKt                                           : loaded 3 times (x 71B)
Class kotlin.text.StringsKt___StringsJvmKt                                            : loaded 3 times (x 71B)
Class kotlin.text.StringsKt__RegexExtensionsJVMKt                                     : loaded 3 times (x 71B)
Class kotlin.text.StringsKt__StringsKt                                                : loaded 3 times (x 71B)
Class [Lkotlin.reflect.KAnnotatedElement;                                             : loaded 3 times (x 69B)
Class kotlin.jvm.internal.FunctionReferenceImpl                                       : loaded 3 times (x 122B)
Class kotlin.collections.ArraysKt                                                     : loaded 3 times (x 71B)
Class kotlin.collections.CollectionsKt___CollectionsJvmKt                             : loaded 3 times (x 71B)
Class kotlin.collections.EmptyIterator                                                : loaded 3 times (x 89B)
Class kotlin.SynchronizedLazyImpl                                                     : loaded 3 times (x 76B)
Class kotlin.text.StringsKt__RegexExtensionsKt                                        : loaded 3 times (x 71B)
Class kotlin.collections.MapsKt___MapsKt                                              : loaded 3 times (x 71B)
Class kotlin.io.FilesKt                                                               : loaded 3 times (x 71B)
Class kotlin.collections.ArraysKt___ArraysKt                                          : loaded 3 times (x 71B)
Class kotlin.reflect.KFunction                                                        : loaded 3 times (x 70B)
Class kotlin.jvm.internal.FunctionReference                                           : loaded 3 times (x 122B)
Class kotlin.TuplesKt                                                                 : loaded 3 times (x 71B)
Class kotlin.Unit                                                                     : loaded 3 times (x 71B)
Class kotlin.sequences.SequencesKt___SequencesJvmKt                                   : loaded 3 times (x 71B)
Class kotlin.io.NoSuchFileException                                                   : loaded 3 times (x 82B)
Class kotlin.collections.CollectionsKt                                                : loaded 3 times (x 71B)
Class kotlin.jvm.internal.FunctionBase                                                : loaded 3 times (x 70B)
Class kotlin.collections.SetsKt__SetsKt                                               : loaded 3 times (x 71B)
Class kotlin.LazyKt                                                                   : loaded 3 times (x 71B)
Class kotlin.collections.MapsKt__MapWithDefaultKt                                     : loaded 3 times (x 71B)
Class kotlin.text.StringsKt                                                           : loaded 3 times (x 71B)
Class kotlin.text.StringsKt__AppendableKt                                             : loaded 3 times (x 71B)
Class kotlin.sequences.SequencesKt__SequencesJVMKt                                    : loaded 3 times (x 71B)
Class kotlin.collections.AbstractList                                                 : loaded 3 times (x 197B)
Class kotlin.collections.AbstractCollection                                           : loaded 3 times (x 117B)
Class kotlin.enums.EnumEntriesList                                                    : loaded 3 times (x 223B)
Class kotlin.enums.EnumEntries                                                        : loaded 3 times (x 70B)
Class kotlin.sequences.SequencesKt___SequencesKt                                      : loaded 3 times (x 71B)
Class kotlin.collections.AbstractList$Companion                                       : loaded 3 times (x 71B)
Class kotlin.collections.CollectionsKt__MutableCollectionsJVMKt                       : loaded 3 times (x 71B)
Class kotlin.enums.EnumEntriesKt                                                      : loaded 3 times (x 71B)
Class kotlin.text.StringsKt___StringsKt                                               : loaded 3 times (x 71B)
Class kotlin.jvm.KotlinReflectionNotSupportedError                                    : loaded 3 times (x 82B)
Class kotlin.collections.ArraysKt__ArraysJVMKt                                        : loaded 3 times (x 71B)
Class kotlin.ranges.RangesKt                                                          : loaded 3 times (x 71B)
Class kotlin.collections.SetsKt__SetsJVMKt                                            : loaded 3 times (x 71B)
Class kotlin.Function                                                                 : loaded 3 times (x 70B)
Class kotlin.collections.MapsKt__MapsKt                                               : loaded 3 times (x 71B)
Class kotlin.NotImplementedError                                                      : loaded 3 times (x 82B)
Class [Lcom.google.common.collect.Maps$EntryFunction;                                 : loaded 2 times (x 69B)
Class com.google.common.cache.LocalCache$Strength$3                                   : loaded 2 times (x 81B)
Class com.google.common.collect.MapDifference                                         : loaded 2 times (x 70B)
Class androidx.room.vo.BuiltInConverterFlags$Companion                                : loaded 2 times (x 71B)
Class kotlin.text.Regex$Companion                                                     : loaded 2 times (x 71B)
Class com.google.common.reflect.Invokable                                             : loaded 2 times (x 103B)
Class org.objectweb.asm.FieldWriter                                                   : loaded 2 times (x 78B)
Class com.google.common.cache.CacheBuilder$NullListener                               : loaded 2 times (x 82B)
Class org.gradle.internal.classpath.TransformedClassPath                              : loaded 2 times (x 96B)
Class org.gradle.internal.classloader.InstrumentingClassLoader                        : loaded 2 times (x 70B)
Class [Lorg.jetbrains.org.objectweb.asm.SymbolTable$Entry;                            : loaded 2 times (x 69B)
Class org.sqlite.jdbc3.JDBC3Connection                                                : loaded 2 times (x 223B)
Class androidx.room.compiler.processing.ksp.ResolverExtKt                             : loaded 2 times (x 71B)
Class [Lkotlin.coroutines.intrinsics.CoroutineSingletons;                             : loaded 2 times (x 69B)
Class com.google.common.reflect.Types$ParameterizedTypeImpl                           : loaded 2 times (x 81B)
Class org.apache.commons.io.output.UnsynchronizedByteArrayOutputStream                : loaded 2 times (x 102B)
Class com.google.common.collect.ImmutableRangeSet$AsSet                               : loaded 2 times (x 300B)
Class com.google.common.collect.Maps$IteratorBasedAbstractMap$1                       : loaded 2 times (x 138B)
Class com.google.common.cache.CacheLoader$FunctionToCacheLoader                       : loaded 2 times (x 75B)
Class com.google.common.collect.Iterators$ArrayItr                                    : loaded 2 times (x 97B)
Class com.google.common.collect.ImmutableCollection$Builder                           : loaded 2 times (x 76B)
Class kotlin.comparisons.ComparisonsKt___ComparisonsJvmKt                             : loaded 2 times (x 71B)
Class androidx.room.compiler.processing.ksp.KspPrimitiveType                          : loaded 2 times (x 186B)
Class com.google.common.reflect.TypeResolver$TypeVariableKey                          : loaded 2 times (x 72B)
Class org.apache.commons.io.output.ByteArrayOutputStream                              : loaded 2 times (x 102B)
Class com.google.common.collect.BaseImmutableMultimap                                 : loaded 2 times (x 123B)
Class com.google.common.base.Joiner                                                   : loaded 2 times (x 79B)
Class com.google.common.base.MoreObjects                                              : loaded 2 times (x 71B)
Class [Lorg.jetbrains.kotlin.com.intellij.openapi.diagnostic.LogLevel;                : loaded 2 times (x 69B)
Class org.jetbrains.kotlin.build.report.metrics.GradleBuildTime                       : loaded 2 times (x 86B)
Class androidx.room.compiler.processing.ksp.KspProcessingEnv$jvmPlatformInfo$2        : loaded 2 times (x 79B)
Class kotlin.reflect.KProperty0                                                       : loaded 2 times (x 70B)
Class kotlin.Result                                                                   : loaded 2 times (x 72B)
Class com.google.common.collect.Platform                                              : loaded 2 times (x 71B)
Class [Lorg.objectweb.asm.Type;                                                       : loaded 2 times (x 69B)
Class com.google.common.collect.UnmodifiableIterator                                  : loaded 2 times (x 80B)
Class org.gradle.internal.service.ServiceLocator                                      : loaded 2 times (x 70B)
Class [Lkotlin.Function;                                                              : loaded 2 times (x 69B)
Class androidx.room.compiler.processing.ksp.KspMessager                               : loaded 2 times (x 73B)
Class androidx.room.RoomKspProcessor                                                  : loaded 2 times (x 88B)
Class jdk.internal.jrtfs.JrtFileSystemProvider                                        : loaded 2 times (x 101B)
Class kotlin.reflect.KClass                                                           : loaded 2 times (x 70B)
Class kotlin.reflect.KProperty1                                                       : loaded 2 times (x 70B)
Class kotlin.sequences.TransformingSequence$iterator$1                                : loaded 2 times (x 79B)
Class org.apache.commons.io.FileExistsException                                       : loaded 2 times (x 82B)
Class com.google.common.collect.HashBiMap$BiEntry                                     : loaded 2 times (x 83B)
Class com.google.common.collect.SingletonImmutableBiMap                               : loaded 2 times (x 143B)
Class com.google.common.base.Ascii                                                    : loaded 2 times (x 71B)
Class com.google.common.cache.LocalCache$1                                            : loaded 2 times (x 89B)
Class com.google.common.collect.Iterators$SingletonIterator                           : loaded 2 times (x 81B)
Class com.google.common.collect.AbstractMapEntry                                      : loaded 2 times (x 81B)
Class com.squareup.javapoet.CodeWriter$Multiset                                       : loaded 2 times (x 72B)
Class androidx.room.processor.cache.Cache                                             : loaded 2 times (x 72B)
Class kotlin.sequences.GeneratorSequence$iterator$1                                   : loaded 2 times (x 79B)
Class kotlin.reflect.KProperty2                                                       : loaded 2 times (x 70B)
Class com.google.common.io.CharSource$StringCharSource                                : loaded 2 times (x 86B)
Class com.google.common.reflect.TypeToken$SimpleTypeToken                             : loaded 2 times (x 73B)
Class com.google.common.io.ByteSource$ByteArrayByteSource                             : loaded 2 times (x 85B)
Class com.google.common.collect.Sets$ImprovedAbstractSet                              : loaded 2 times (x 135B)
Class com.google.common.collect.ImmutableList$Builder                                 : loaded 2 times (x 77B)
Class com.google.common.collect.AbstractMultimap                                      : loaded 2 times (x 123B)
Class com.google.common.cache.LocalCache$2                                            : loaded 2 times (x 142B)
Class com.squareup.javapoet.CodeWriter                                                : loaded 2 times (x 72B)
Class com.google.common.collect.ImmutableRangeSet$1                                   : loaded 2 times (x 210B)
Class com.google.common.hash.AbstractHashFunction                                     : loaded 2 times (x 95B)
Class com.google.common.collect.RegularImmutableAsList                                : loaded 2 times (x 217B)
Class kotlin.io.LinesSequence$iterator$1                                              : loaded 2 times (x 79B)
Class kotlin.collections.AbstractIterator                                             : loaded 2 times (x 83B)
Class kotlin.text.CharsKt                                                             : loaded 2 times (x 71B)
Class com.google.common.collect.Range                                                 : loaded 2 times (x 87B)
Class com.google.common.base.Optional                                                 : loaded 2 times (x 80B)
Class com.google.common.util.concurrent.AbstractFuture$Trusted                        : loaded 2 times (x 70B)
Class com.google.common.collect.Iterators                                             : loaded 2 times (x 71B)
Class [Lorg.jetbrains.kotlin.build.report.metrics.BuildTime;                          : loaded 2 times (x 69B)
Class jdk.internal.jimage.ImageLocation                                               : loaded 2 times (x 90B)
Class kotlin.text.DelimitedRangesSequence$iterator$1                                  : loaded 2 times (x 79B)
Class com.google.common.io.ByteSink$AsCharSink                                        : loaded 2 times (x 80B)
Class com.google.common.collect.Lists$StringAsImmutableList                           : loaded 2 times (x 207B)
Class com.google.common.util.concurrent.UncheckedExecutionException                   : loaded 2 times (x 82B)
Class org.gradle.kotlin.dsl.VersionCatalogAccessorsKt                                 : loaded 2 times (x 71B)
Class org.jetbrains.org.objectweb.asm.ClassTooLargeException                          : loaded 2 times (x 83B)
Class androidx.room.compiler.processing.ksp.KspAnnotated$Companion                    : loaded 2 times (x 71B)
Class kotlin.io.FileTreeWalk$FileTreeWalkIterator$WhenMappings                        : loaded 2 times (x 71B)
Class androidx.room.compiler.processing.ksp.KspType$typeName$2                        : loaded 2 times (x 79B)
Class androidx.room.processor.Context$Companion                                       : loaded 2 times (x 71B)
Class jdk.internal.jimage.ImageBufferCache$1                                          : loaded 2 times (x 83B)
Class kotlin.collections.ArraysKt___ArraysKt$asSequence$$inlined$Sequence$1           : loaded 2 times (x 75B)
Class kotlin.time.DurationUnitKt__DurationUnitJvmKt                                   : loaded 2 times (x 71B)
Class kotlin.jvm.JvmStatic                                                            : loaded 2 times (x 70B)
Class com.google.common.collect.AbstractMapBasedMultimap$KeySet$1                     : loaded 2 times (x 82B)
Class com.google.common.base.CharMatcher$And                                          : loaded 2 times (x 112B)
Class org.objectweb.asm.ClassWriter                                                   : loaded 2 times (x 106B)
Class com.google.common.cache.CacheLoader$UnsupportedLoadingOperationException        : loaded 2 times (x 82B)
Class androidx.room.compiler.processing.ksp.KspType                                   : loaded 2 times (x 186B)
Class androidx.room.compiler.processing.XAnnotated                                    : loaded 2 times (x 70B)
Class [Landroidx.room.compiler.processing.XProcessingEnv$Backend;                     : loaded 2 times (x 69B)
Class jdk.internal.jimage.ImageBufferCache$2                                          : loaded 2 times (x 91B)
Class kotlin.collections.builders.ListBuilderKt                                       : loaded 2 times (x 71B)
Class com.google.common.collect.FluentIterable$1                                      : loaded 2 times (x 81B)
Class com.google.common.base.Objects                                                  : loaded 2 times (x 71B)
Class org.objectweb.asm.FieldVisitor                                                  : loaded 2 times (x 77B)
Class com.google.common.collect.IndexedImmutableSet                                   : loaded 2 times (x 152B)
Class com.google.common.collect.BiMap                                                 : loaded 2 times (x 70B)
Class com.google.common.collect.ImmutableMap$1                                        : loaded 2 times (x 81B)
Class org.gradle.api.internal.classpath.DefaultModuleRegistry$DefaultModule           : loaded 2 times (x 82B)
Class org.sqlite.util.ProcessRunner                                                   : loaded 2 times (x 73B)
Class androidx.room.compiler.processing.ksp.KspTypeMapper                             : loaded 2 times (x 71B)
Class kotlin.ResultKt                                                                 : loaded 2 times (x 71B)
Class com.google.common.reflect.Reflection                                            : loaded 2 times (x 71B)
Class com.google.common.collect.FluentIterable$2                                      : loaded 2 times (x 81B)
Class com.google.common.base.Absent                                                   : loaded 2 times (x 80B)
Class com.google.common.primitives.Ints                                               : loaded 2 times (x 71B)
Class com.google.common.collect.AbstractIterator                                      : loaded 2 times (x 82B)
Class org.jetbrains.org.objectweb.asm.FieldVisitor                                    : loaded 2 times (x 77B)
Class androidx.room.processor.QueryRewriter                                           : loaded 2 times (x 70B)
Class kotlin.Result$Failure                                                           : loaded 2 times (x 72B)
Class com.google.common.collect.FluentIterable$3                                      : loaded 2 times (x 81B)
Class com.google.common.collect.ObjectArrays                                          : loaded 2 times (x 71B)
Class com.google.common.math.MathPreconditions                                        : loaded 2 times (x 71B)
Class com.google.common.collect.Multiset                                              : loaded 2 times (x 70B)
Class com.google.common.collect.ArrayListMultimapGwtSerializationDependencies         : loaded 2 times (x 172B)
Class com.google.common.collect.AbstractIndexedListIterator                           : loaded 2 times (x 96B)
Class androidx.room.compiler.processing.ksp.KspArrayType$Factory                      : loaded 2 times (x 72B)
Class com.squareup.javapoet.ParameterizedTypeName                                     : loaded 2 times (x 81B)
Class androidx.room.compiler.processing.XProcessingEnvConfig$Builder                  : loaded 2 times (x 72B)
Class org.apache.commons.io.output.NullOutputStream                                   : loaded 2 times (x 85B)
Class com.google.common.collect.ImmutableMapEntrySet                                  : loaded 2 times (x 152B)
Class org.gradle.api.internal.classpath.Module                                        : loaded 2 times (x 70B)
Class kotlin.KotlinVersion                                                            : loaded 2 times (x 74B)
Class kotlin.reflect.KMutableProperty                                                 : loaded 2 times (x 70B)
Class kotlin.internal.ProgressionUtilKt                                               : loaded 2 times (x 71B)
Class com.google.common.cache.Weigher                                                 : loaded 2 times (x 70B)
Class org.gradle.api.internal.classpath.UnknownModuleException                        : loaded 2 times (x 82B)
Class jdk.internal.jimage.ImageHeader                                                 : loaded 2 times (x 71B)
Class kotlin.jvm.internal.PropertyReference                                           : loaded 2 times (x 115B)
Class com.google.common.base.Stopwatch                                                : loaded 2 times (x 72B)
Class com.google.common.cache.LocalCache$Strength                                     : loaded 2 times (x 81B)
Class com.google.common.cache.Cache                                                   : loaded 2 times (x 70B)
Class org.jetbrains.kotlin.build.report.metrics.BuildMetricsReporter                  : loaded 2 times (x 70B)
Class org.sqlite.util.LibraryLoaderUtil                                               : loaded 2 times (x 71B)
Class androidx.room.compiler.processing.XFiler                                        : loaded 2 times (x 70B)
Class org.apache.commons.io.filefilter.IOFileFilter                                   : loaded 2 times (x 70B)
Class com.google.common.base.NullnessCasts                                            : loaded 2 times (x 71B)
Class com.google.common.util.concurrent.AbstractFuture$Cancellation                   : loaded 2 times (x 72B)
Class com.google.common.collect.ImmutableMap$Builder                                  : loaded 2 times (x 82B)
Class org.jetbrains.org.objectweb.asm.FieldWriter                                     : loaded 2 times (x 78B)
Class org.jetbrains.org.objectweb.asm.MethodVisitor                                   : loaded 2 times (x 105B)
Class kotlin.io.ByteStreamsKt                                                         : loaded 2 times (x 71B)
Class androidx.room.compiler.processing.CommonProcessorDelegate$processRound$currentElementsDeferredByStep$1$stepDeferredElementsByAnnotation$1: loaded 2 times (x 78B)
Class androidx.room.compiler.processing.ksp.KspBasicAnnotationProcessor               : loaded 2 times (x 88B)
Class com.google.common.collect.AbstractMapBasedMultimap$WrappedCollection$WrappedIterator: loaded 2 times (x 84B)
Class com.google.common.collect.Maps$EntryFunction$1                                  : loaded 2 times (x 91B)
Class com.google.common.base.Present                                                  : loaded 2 times (x 81B)
Class com.google.common.cache.RemovalListener                                         : loaded 2 times (x 70B)
Class org.gradle.api.internal.DefaultClassPathRegistry                                : loaded 2 times (x 76B)
Class kotlin.jvm.JvmClassMappingKt                                                    : loaded 2 times (x 71B)
Class kotlin.jvm.internal.Reflection                                                  : loaded 2 times (x 71B)
Class kotlin.reflect.KProperty                                                        : loaded 2 times (x 70B)
Class kotlin.ranges.ClosedRange                                                       : loaded 2 times (x 70B)
Class com.google.common.reflect.Invokable$ConstructorInvokable                        : loaded 2 times (x 107B)
Class org.apache.commons.io.file.DeleteOption                                         : loaded 2 times (x 70B)
Class com.google.common.collect.Maps$EntryFunction$2                                  : loaded 2 times (x 91B)
Class com.google.common.primitives.IntsMethodsForWeb                                  : loaded 2 times (x 71B)
Class com.google.common.collect.Multimap                                              : loaded 2 times (x 70B)
Class org.gradle.internal.classpath.DefaultClassPath$ImmutableUniqueList              : loaded 2 times (x 199B)
Class org.gradle.api.internal.ClassPathRegistry                                       : loaded 2 times (x 70B)
Class org.jetbrains.org.objectweb.asm.ByteVector                                      : loaded 2 times (x 78B)
Class org.sqlite.core.Codes                                                           : loaded 2 times (x 70B)
Class kotlin.jvm.internal.TypeIntrinsics                                              : loaded 2 times (x 71B)
Class kotlin.collections.IntIterator                                                  : loaded 2 times (x 82B)
Class com.google.common.reflect.TypeToken                                             : loaded 2 times (x 73B)
Class com.google.common.collect.NullnessCasts                                         : loaded 2 times (x 71B)
Class org.apache.commons.io.IOUtils                                                   : loaded 2 times (x 71B)
Class com.google.common.base.ExtraObjectsMethodsForWeb                                : loaded 2 times (x 71B)
Class kotlin.time.DurationUnit                                                        : loaded 2 times (x 79B)
Class com.google.common.io.ByteSink                                                   : loaded 2 times (x 76B)
Class com.google.common.cache.CacheBuilder                                            : loaded 2 times (x 72B)
Class com.google.common.collect.SingletonImmutableList                                : loaded 2 times (x 207B)
Class Settings_gradle$1                                                               : loaded 2 times (x 74B)
Class org.gradle.internal.classpath.ClassPath                                         : loaded 2 times (x 70B)
Class org.sqlite.core.DB                                                              : loaded 2 times (x 143B)
Class kotlin.collections.ArrayDeque                                                   : loaded 2 times (x 207B)
Class com.google.common.collect.LinkedListMultimap$Node                               : loaded 2 times (x 82B)
Class [Lcom.google.common.reflect.Types$JavaVersion;                                  : loaded 2 times (x 69B)
Class com.google.common.io.Files$FileByteSource                                       : loaded 2 times (x 85B)
Class com.google.common.base.JdkPattern                                               : loaded 2 times (x 75B)
Class com.google.common.collect.ImmutableList$ReverseImmutableList                    : loaded 2 times (x 209B)
Class org.jetbrains.kotlin.com.intellij.openapi.diagnostic.Logger                     : loaded 2 times (x 99B)
Class androidx.room.compiler.processing.ksp.KspType$equalityItems$2                   : loaded 2 times (x 79B)
Class androidx.room.compiler.processing.ksp.KspType$typeElement$2                     : loaded 2 times (x 79B)
Class androidx.room.compiler.processing.CommonProcessorDelegate                       : loaded 2 times (x 72B)
Class kotlin.time.DurationUnitKt__DurationUnitKt                                      : loaded 2 times (x 71B)
Class [Lkotlin.reflect.KDeclarationContainer;                                         : loaded 2 times (x 69B)
Class kotlin.jvm.internal.Lambda                                                      : loaded 2 times (x 75B)
Class com.google.common.io.CharSource$CharSequenceCharSource                          : loaded 2 times (x 86B)
Class org.objectweb.asm.SymbolTable$Entry                                             : loaded 2 times (x 74B)
Class org.gradle.api.internal.classpath.DefaultModuleRegistry$DefaultModuleAlias      : loaded 2 times (x 80B)
Class org.jetbrains.org.objectweb.asm.ClassWriter                                     : loaded 2 times (x 106B)
Class androidx.room.compiler.processing.InternalXAnnotated                            : loaded 2 times (x 70B)
Class jdk.internal.jimage.ImageStringsReader                                          : loaded 2 times (x 80B)
Class org.objectweb.asm.Edge                                                          : loaded 2 times (x 72B)
Class com.google.common.base.Suppliers$SupplierOfInstance                             : loaded 2 times (x 79B)
Class com.google.common.collect.Iterators$1                                           : loaded 2 times (x 81B)
Class kotlin.properties.Delegates                                                     : loaded 2 times (x 71B)
Class kotlin.Metadata                                                                 : loaded 2 times (x 70B)
Class kotlin.collections.AbstractMutableSet                                           : loaded 2 times (x 142B)
Class com.google.devtools.ksp.processing.KSPJvmConfig                                 : loaded 2 times (x 72B)
Class com.google.common.reflect.TypeToken$1                                           : loaded 2 times (x 110B)
Class com.google.common.cache.LocalCache$ComputingValueReference                      : loaded 2 times (x 96B)
Class com.google.common.collect.SingletonImmutableSet                                 : loaded 2 times (x 146B)
Class com.google.common.collect.ImmutableMap$IteratorBasedImmutableMap                : loaded 2 times (x 126B)
Class org.sqlite.ProgressHandler                                                      : loaded 2 times (x 72B)
Class androidx.room.compiler.processing.ksp.DefaultKspType                            : loaded 2 times (x 186B)
Class [Landroidx.room.BuiltInTypeConverters$State;                                    : loaded 2 times (x 69B)
Class androidx.room.processor.CustomConverterProcessor$ProcessResult                  : loaded 2 times (x 72B)
Class jdk.internal.jimage.ImageReader                                                 : loaded 2 times (x 75B)
Class kotlin.reflect.KProperty$Getter                                                 : loaded 2 times (x 70B)
Class com.google.common.reflect.TypeToken$2                                           : loaded 2 times (x 110B)
Class com.google.common.cache.LocalCache$Segment                                      : loaded 2 times (x 154B)
Class org.sqlite.util.OSInfo                                                          : loaded 2 times (x 71B)
Class jdk.internal.jimage.ImageReader$SharedImageReader                               : loaded 2 times (x 95B)
Class kotlin.time.DurationJvmKt                                                       : loaded 2 times (x 71B)
Class kotlin.SafePublicationLazyImpl                                                  : loaded 2 times (x 76B)
Class [Lcom.google.common.base.Supplier;                                              : loaded 2 times (x 69B)
Class com.google.common.collect.SortedIterable                                        : loaded 2 times (x 70B)
Class com.google.common.collect.AbstractListMultimap                                  : loaded 2 times (x 172B)
Class [Lorg.objectweb.asm.SymbolTable$Entry;                                          : loaded 2 times (x 69B)
Class com.google.common.cache.CacheLoader                                             : loaded 2 times (x 74B)
Class com.google.common.collect.Iterators$4                                           : loaded 2 times (x 82B)
Class com.google.common.collect.ImmutableBiMap                                        : loaded 2 times (x 143B)
Class org.gradle.api.internal.classpath.ModuleRegistry                                : loaded 2 times (x 70B)
Class org.gradle.internal.installation.GradleInstallation$1                           : loaded 2 times (x 75B)
Class org.jetbrains.org.objectweb.asm.AnnotationVisitor                               : loaded 2 times (x 78B)
Class androidx.room.compiler.processing.ksp.KspType$nullability$2                     : loaded 2 times (x 79B)
Class com.google.devtools.ksp.processing.KSPLogger                                    : loaded 2 times (x 70B)
Class org.apache.commons.io.output.NullWriter                                         : loaded 2 times (x 99B)
Class com.google.common.base.Splitter$SplittingIterator                               : loaded 2 times (x 84B)
Class com.google.common.collect.ImmutableSet$JdkBackedSetBuilderImpl                  : loaded 2 times (x 76B)
Class com.google.common.util.concurrent.internal.InternalFutureFailureAccess          : loaded 2 times (x 72B)
Class com.google.common.collect.Iterators$5                                           : loaded 2 times (x 82B)
Class kotlin.time.Duration$Companion                                                  : loaded 2 times (x 71B)
Class kotlin.coroutines.intrinsics.IntrinsicsKt__IntrinsicsKt                         : loaded 2 times (x 71B)
Class com.google.common.collect.Iterators$6                                           : loaded 2 times (x 81B)
Class com.google.common.collect.HashBiMap$Inverse                                     : loaded 2 times (x 142B)
Class com.google.common.base.CharMatcher$ForPredicate                                 : loaded 2 times (x 112B)
Class com.google.common.cache.LocalCache$LocalManualCache$1                           : loaded 2 times (x 75B)
Class jdk.internal.jimage.ImageReader$Node                                            : loaded 2 times (x 84B)
Class com.google.common.collect.Multimaps$AsMap$EntrySet                              : loaded 2 times (x 138B)
Class com.google.common.collect.LinkedListMultimap                                    : loaded 2 times (x 161B)
Class com.google.common.base.CharMatcher$AnyOf                                        : loaded 2 times (x 112B)
Class com.google.common.collect.ImmutableCollection                                   : loaded 2 times (x 125B)
Class org.gradle.api.internal.classpath.DefaultModuleRegistry                         : loaded 2 times (x 84B)
Class org.jetbrains.org.objectweb.asm.AnnotationWriter                                : loaded 2 times (x 79B)
Class org.jetbrains.kotlin.build.report.metrics.GradleBuildTime$Companion             : loaded 2 times (x 71B)
Class com.squareup.javapoet.TypeName                                                  : loaded 2 times (x 81B)
Class jdk.internal.jimage.BasicImageReader$1                                          : loaded 2 times (x 77B)
Class kotlin.KotlinVersionCurrentValue                                                : loaded 2 times (x 71B)
Class kotlin.collections.builders.MapBuilder$Itr                                      : loaded 2 times (x 72B)
Class com.google.common.collect.Lists                                                 : loaded 2 times (x 71B)
Class com.google.common.util.concurrent.ListenableFuture                              : loaded 2 times (x 70B)
Class com.google.common.cache.ReferenceEntry                                          : loaded 2 times (x 70B)
Class com.google.common.base.Converter                                                : loaded 2 times (x 90B)
Class com.google.common.collect.ImmutableSet$CachingAsList                            : loaded 2 times (x 148B)
Class org.jetbrains.kotlin.com.intellij.openapi.diagnostic.Logger$DefaultFactory      : loaded 2 times (x 74B)
Class kotlin.jvm.internal.markers.KMutableSet                                         : loaded 2 times (x 70B)
Class com.google.common.hash.HashFunction                                             : loaded 2 times (x 70B)
Class com.google.common.collect.AbstractMapBasedMultimap                              : loaded 2 times (x 139B)
Class com.google.common.util.concurrent.AbstractFuture                                : loaded 2 times (x 106B)
Class com.google.common.base.FunctionalEquivalence                                    : loaded 2 times (x 83B)
Class com.google.common.collect.Iterators$9                                           : loaded 2 times (x 81B)
Class com.google.common.collect.ImmutableAsList                                       : loaded 2 times (x 209B)
Class kotlin.coroutines.jvm.internal.RestrictedContinuationImpl                       : loaded 2 times (x 87B)
Class com.google.common.reflect.TypeResolver$TypeTable                                : loaded 2 times (x 73B)
Class com.google.common.hash.HashCode                                                 : loaded 2 times (x 80B)
Class org.objectweb.asm.RecordComponentVisitor                                        : loaded 2 times (x 77B)
Class com.google.common.cache.CacheLoader$SupplierToCacheLoader                       : loaded 2 times (x 75B)
Class jdk.internal.jimage.decompressor.Decompressor                                   : loaded 2 times (x 72B)
Class [Lkotlin.Pair;                                                                  : loaded 2 times (x 69B)
Class kotlin.jvm.internal.markers.KMutableList                                        : loaded 2 times (x 70B)
Class com.google.common.reflect.TypeResolver$TypeTable$1                              : loaded 2 times (x 73B)
Class com.google.common.collect.Maps$EntryTransformer                                 : loaded 2 times (x 70B)
Class org.gradle.internal.service.ServiceLookupException                              : loaded 2 times (x 82B)
Class org.jetbrains.kotlin.com.intellij.openapi.diagnostic.LogLevel                   : loaded 2 times (x 79B)
Class org.sqlite.SQLiteConnection                                                     : loaded 2 times (x 222B)
Class org.sqlite.core.DB$ProgressObserver                                             : loaded 2 times (x 70B)
Class androidx.room.compiler.processing.ksp.KspType$rawType$2                         : loaded 2 times (x 79B)
Class com.squareup.javapoet.LineWrapper                                               : loaded 2 times (x 72B)
Class [Lkotlin.sequences.Sequence;                                                    : loaded 2 times (x 69B)
Class kotlin.jvm.internal.MutablePropertyReference1Impl                               : loaded 2 times (x 137B)
Class com.google.common.collect.LinkedListMultimap$DistinctKeyIterator                : loaded 2 times (x 82B)
Class com.google.common.collect.ImmutableSortedSet                                    : loaded 2 times (x 300B)
Class com.google.common.collect.Lists$ReverseList                                     : loaded 2 times (x 200B)
Class [Lcom.google.common.cache.LocalCache$EntryFactory;                              : loaded 2 times (x 69B)
Class org.gradle.internal.classloader.ClassLoaderFactory                              : loaded 2 times (x 70B)
Class org.apache.commons.io.CloseableURLConnection                                    : loaded 2 times (x 116B)
Class com.google.common.collect.ImmutableMap$SerializedForm                           : loaded 2 times (x 73B)
Class com.google.common.base.CommonPattern                                            : loaded 2 times (x 74B)
Class com.google.common.base.CharMatcher$IsNot                                        : loaded 2 times (x 111B)
Class com.google.common.cache.LocalCache$LocalManualCache                             : loaded 2 times (x 99B)
Class org.gradle.internal.service.CachingServiceLocator                               : loaded 2 times (x 82B)
Class org.sqlite.core.NativeDB                                                        : loaded 2 times (x 143B)
Class androidx.room.compiler.processing.ksp.KspAnnotated                              : loaded 2 times (x 133B)
Class kotlin.collections.AbstractList$IteratorImpl                                    : loaded 2 times (x 82B)
Class com.google.common.collect.RegularImmutableSortedSet                             : loaded 2 times (x 300B)
Class com.google.common.collect.AbstractMapBasedMultimap$KeySet                       : loaded 2 times (x 137B)
Class com.google.common.math.IntMath                                                  : loaded 2 times (x 71B)
Class org.jetbrains.kotlin.build.report.metrics.BuildTime                             : loaded 2 times (x 70B)
Class kotlin.properties.ReadOnlyProperty                                              : loaded 2 times (x 70B)
Class kotlin.jvm.internal.markers.KMutableMap                                         : loaded 2 times (x 70B)
Class kotlin.ranges.IntRange                                                          : loaded 2 times (x 93B)
Class com.google.common.reflect.Types$TypeVariableInvocationHandler                   : loaded 2 times (x 75B)
Class [Lcom.google.common.collect.HashBiMap$BiEntry;                                  : loaded 2 times (x 69B)
Class com.google.common.collect.ImmutableMapEntry                                     : loaded 2 times (x 85B)
Class org.jetbrains.org.objectweb.asm.Type                                            : loaded 2 times (x 72B)
Class org.jetbrains.kotlin.build.report.metrics.DoNothingBuildMetricsReporter         : loaded 2 times (x 86B)
Class org.sqlite.jdbc4.JDBC4Connection                                                : loaded 2 times (x 223B)
Class com.google.common.collect.ImmutableMultimap                                     : loaded 2 times (x 147B)
Class com.google.common.base.Predicates                                               : loaded 2 times (x 71B)
Class com.google.common.base.Equivalence                                              : loaded 2 times (x 82B)
Class com.google.common.base.Function                                                 : loaded 2 times (x 70B)
Class com.google.common.collect.ImmutableMapEntry$NonTerminalImmutableMapEntry        : loaded 2 times (x 85B)
Class androidx.room.compiler.processing.XProcessingEnv$Platform                       : loaded 2 times (x 79B)
Class org.apache.commons.io.output.AbstractByteArrayOutputStream                      : loaded 2 times (x 102B)
Class com.google.common.hash.Hashing                                                  : loaded 2 times (x 71B)
Class com.google.common.collect.IndexedImmutableSet$1                                 : loaded 2 times (x 213B)
Class com.google.common.cache.CacheBuilder$OneWeigher                                 : loaded 2 times (x 82B)
Class com.google.common.collect.RegularImmutableList                                  : loaded 2 times (x 213B)
Class org.jetbrains.kotlin.com.intellij.openapi.diagnostic.Logger$Factory             : loaded 2 times (x 70B)
Class jdk.internal.jimage.ImageBufferCache                                            : loaded 2 times (x 71B)
Class jdk.internal.jrtfs.JrtPath                                                      : loaded 2 times (x 118B)
Class com.google.common.reflect.Types$ClassOwnership$1LocalClass                      : loaded 2 times (x 71B)
Class com.google.common.collect.Maps$EntryFunction                                    : loaded 2 times (x 91B)
Class org.gradle.internal.classloader.ClasspathUtil                                   : loaded 2 times (x 71B)
Class androidx.room.processor.Context                                                 : loaded 2 times (x 72B)
Class kotlin.jvm.internal.PropertyReference0                                          : loaded 2 times (x 127B)
Class kotlin.sequences.EmptySequence                                                  : loaded 2 times (x 78B)
Class com.google.common.collect.Maps$3                                                : loaded 2 times (x 82B)
Class com.google.common.util.concurrent.Uninterruptibles                              : loaded 2 times (x 71B)
Class org.jetbrains.org.objectweb.asm.ModuleVisitor                                   : loaded 2 times (x 81B)
Class com.squareup.javapoet.TypeVariableName                                          : loaded 2 times (x 81B)
Class androidx.room.compiler.processing.ksp.KspBasicAnnotationProcessor$steps$2       : loaded 2 times (x 79B)
Class kotlin.jvm.internal.PropertyReference1                                          : loaded 2 times (x 127B)
Class com.google.common.io.CharSource                                                 : loaded 2 times (x 85B)
Class com.google.common.util.concurrent.LazyLogger                                    : loaded 2 times (x 72B)
Class com.google.common.collect.Maps                                                  : loaded 2 times (x 71B)
Class org.gradle.api.specs.Spec                                                       : loaded 2 times (x 70B)
Class androidx.room.compiler.processing.ksp.KspProcessingEnv$jvmDefaultMode$2         : loaded 2 times (x 79B)
Class androidx.room.compiler.processing.ksp.KspProcessingEnv$jvmVersion$2             : loaded 2 times (x 79B)
Class kotlin.jvm.internal.MutablePropertyReference                                    : loaded 2 times (x 119B)
Class kotlin.UnsafeLazyImpl                                                           : loaded 2 times (x 76B)
Class kotlin.LazyKt__LazyJVMKt$WhenMappings                                           : loaded 2 times (x 71B)
Class com.google.common.reflect.Types$JavaVersion                                     : loaded 2 times (x 83B)
Class org.apache.commons.io.file.PathFilter                                           : loaded 2 times (x 70B)
Class [Lcom.google.common.collect.ImmutableEntry;                                     : loaded 2 times (x 69B)
Class org.jetbrains.org.objectweb.asm.Symbol                                          : loaded 2 times (x 73B)
Class androidx.room.preconditions.Checks                                              : loaded 2 times (x 72B)
Class androidx.room.DatabaseProcessingStep$Companion                                  : loaded 2 times (x 71B)
Class kotlin.jvm.internal.ArrayIterator                                               : loaded 2 times (x 79B)
Class kotlin.LazyThreadSafetyMode                                                     : loaded 2 times (x 79B)
Class com.google.common.cache.LocalCache$LoadingValueReference                        : loaded 2 times (x 96B)
Class com.squareup.javapoet.ArrayTypeName                                             : loaded 2 times (x 81B)
Class kotlin.jvm.internal.SpreadBuilder                                               : loaded 2 times (x 76B)
Class com.google.common.reflect.Invokable$MethodInvokable                             : loaded 2 times (x 107B)
Class com.google.common.collect.CollectSpliterators                                   : loaded 2 times (x 71B)
Class com.google.common.base.Platform                                                 : loaded 2 times (x 71B)
Class jdk.internal.jimage.ImageReader$Directory                                       : loaded 2 times (x 84B)
Class kotlin.io.FilePathComponents                                                    : loaded 2 times (x 72B)
Class kotlin.coroutines.jvm.internal.RestrictedSuspendLambda                          : loaded 2 times (x 91B)
Class com.google.devtools.ksp.processing.KspGradleLogger$Companion                    : loaded 2 times (x 71B)
Class com.google.common.collect.AbstractMapBasedMultimap$WrappedList                  : loaded 2 times (x 205B)
Class [Lorg.objectweb.asm.AnnotationWriter;                                           : loaded 2 times (x 69B)
Class com.google.common.collect.Maps$8                                                : loaded 2 times (x 82B)
Class kotlin.text.Regex                                                               : loaded 2 times (x 72B)
Class kotlin.Triple                                                                   : loaded 2 times (x 72B)
Class kotlin.sequences.SequencesKt__SequenceBuilderKt$sequence$$inlined$Sequence$1    : loaded 2 times (x 75B)
Class com.google.common.collect.ImmutableRangeSet$Builder                             : loaded 2 times (x 77B)
Class com.google.common.base.Predicates$CompositionPredicate                          : loaded 2 times (x 88B)
Class com.google.common.collect.Lists$ReverseList$1                                   : loaded 2 times (x 99B)
Class com.google.common.collect.Sets$SetView                                          : loaded 2 times (x 138B)
Class com.google.common.cache.LocalCache$StrongValueReference                         : loaded 2 times (x 90B)
Class kotlin.jvm.internal.Ref$ObjectRef                                               : loaded 2 times (x 72B)
Class kotlin.jvm.internal.ReflectionFactory                                           : loaded 2 times (x 91B)
Class com.google.common.graph.SuccessorsFunction                                      : loaded 2 times (x 70B)
Class org.objectweb.asm.Type                                                          : loaded 2 times (x 72B)
Class org.gradle.internal.classloader.VisitableURLClassLoader$InstrumentingVisitableURLClassLoader: loaded 2 times (x 123B)
Class kotlin.comparisons.ComparisonsKt__ComparisonsKt                                 : loaded 2 times (x 71B)
Class androidx.room.processor.Context$BooleanProcessorOptions                         : loaded 2 times (x 80B)
Class kotlin.jvm.internal.ClassBasedDeclarationContainer                              : loaded 2 times (x 70B)
Class kotlin.coroutines.Continuation                                                  : loaded 2 times (x 70B)
Class org.apache.commons.io.FileUtils                                                 : loaded 2 times (x 71B)
Class com.google.common.io.Files$FileByteSink                                         : loaded 2 times (x 77B)
Class com.google.common.math.IntMath$1                                                : loaded 2 times (x 71B)
Class org.objectweb.asm.ByteVector                                                    : loaded 2 times (x 79B)
Class [Lcom.google.common.cache.CacheBuilder$NullListener;                            : loaded 2 times (x 69B)
Class org.gradle.internal.classloader.VisitableURLClassLoader$Spec                    : loaded 2 times (x 74B)
Class org.gradle.internal.classpath.DefaultClassPath                                  : loaded 2 times (x 90B)
Class kotlin.comparisons.ComparisonsKt                                                : loaded 2 times (x 71B)
Class kotlin.comparisons.ComparisonsKt___ComparisonsKt                                : loaded 2 times (x 71B)
Class [Lorg.jetbrains.kotlin.build.report.metrics.GradleBuildTime;                    : loaded 2 times (x 69B)
Class kotlin.Result$Companion                                                         : loaded 2 times (x 71B)
Class kotlin.coroutines.jvm.internal.BaseContinuationImpl                             : loaded 2 times (x 87B)
Class kotlin.text.CharsKt__CharJVMKt                                                  : loaded 2 times (x 71B)
Class com.google.devtools.ksp.processing.KspGradleLogger                              : loaded 2 times (x 79B)
Class com.google.common.reflect.Types$ClassOwnership                                  : loaded 2 times (x 80B)
Class com.google.common.base.AbstractIterator                                         : loaded 2 times (x 80B)
Class org.objectweb.asm.Symbol                                                        : loaded 2 times (x 73B)
Class androidx.room.compiler.processing.XBasicAnnotationProcessor                     : loaded 2 times (x 70B)
Class kotlin.reflect.KType                                                            : loaded 2 times (x 70B)
Class com.google.common.collect.Sets$FilteredSet                                      : loaded 2 times (x 137B)
Class com.google.common.io.Closer                                                     : loaded 2 times (x 78B)
Class com.google.common.base.CharMatcher$BitSetMatcher                                : loaded 2 times (x 112B)
Class com.google.common.collect.RegularImmutableMap$Values                            : loaded 2 times (x 207B)
Class com.google.common.collect.ImmutableSet                                          : loaded 2 times (x 145B)
Class org.gradle.internal.classloader.ClassLoaderSpec                                 : loaded 2 times (x 71B)
Class androidx.room.compiler.processing.ksp.KspType$typeArguments$2                   : loaded 2 times (x 79B)
Class kotlin.text.DelimitedRangesSequence                                             : loaded 2 times (x 75B)
Class com.google.common.io.ByteSource$EmptyByteSource                                 : loaded 2 times (x 85B)
Class org.objectweb.asm.AnnotationWriter                                              : loaded 2 times (x 79B)
Class com.google.common.cache.CacheStats                                              : loaded 2 times (x 71B)
Class kotlin.jdk7.AutoCloseableKt                                                     : loaded 2 times (x 71B)
Class kotlin.time.DurationKt                                                          : loaded 2 times (x 71B)
Class kotlin.jvm.internal.markers.KMutableIterable                                    : loaded 2 times (x 70B)
Class com.google.common.io.LineProcessor                                              : loaded 2 times (x 70B)
Class com.google.common.io.Closer$Suppressor                                          : loaded 2 times (x 70B)
Class com.google.common.base.CharMatcher$Or                                           : loaded 2 times (x 112B)
Class org.objectweb.asm.RecordComponentWriter                                         : loaded 2 times (x 78B)
Class com.google.common.util.concurrent.AbstractFuture$Listener                       : loaded 2 times (x 72B)
Class Settings_gradle$1$1                                                             : loaded 2 times (x 74B)
Class org.gradle.api.internal.classpath.Module$ModuleAlias                            : loaded 2 times (x 70B)
Class kotlin.io.FileTreeWalk$DirectoryState                                           : loaded 2 times (x 73B)
Class org.objectweb.asm.Attribute                                                     : loaded 2 times (x 77B)
Class com.google.common.base.Supplier                                                 : loaded 2 times (x 70B)
Class org.gradle.internal.classloader.VisitableURLClassLoader                         : loaded 2 times (x 117B)
Class org.sqlite.Function$Aggregate                                                   : loaded 2 times (x 75B)
Class kotlin.sequences.GeneratorSequence                                              : loaded 2 times (x 75B)
Class kotlin.sequences.FlatteningSequence$iterator$1                                  : loaded 2 times (x 79B)
Class com.google.common.io.CharSource$AsByteSource                                    : loaded 2 times (x 85B)
Class com.google.common.collect.ImmutableList$SerializedForm                          : loaded 2 times (x 73B)
Class Settings_gradle                                                                 : loaded 2 times (x 124B)
Class org.gradle.internal.Cast                                                        : loaded 2 times (x 71B)
Class org.gradle.api.Action                                                           : loaded 2 times (x 70B)
Class kotlin.properties.ReadWriteProperty                                             : loaded 2 times (x 70B)
Class kotlin.collections.AbstractMutableList                                          : loaded 2 times (x 206B)
Class com.google.common.collect.HashBiMap                                             : loaded 2 times (x 143B)
Class com.google.common.base.Strings                                                  : loaded 2 times (x 71B)
Class com.google.common.collect.Sets                                                  : loaded 2 times (x 71B)
Class org.objectweb.asm.Handler                                                       : loaded 2 times (x 72B)
Class com.google.common.base.CharMatcher$FastMatcher                                  : loaded 2 times (x 111B)
Class com.google.common.base.Ticker                                                   : loaded 2 times (x 72B)
Class androidx.room.Database                                                          : loaded 2 times (x 70B)
Class androidx.room.compiler.processing.XRoundEnv                                     : loaded 2 times (x 70B)
Class androidx.room.compiler.processing.XExecutableElementStore                       : loaded 2 times (x 72B)
Class kotlin.jvm.internal.markers.KMutableIterator                                    : loaded 2 times (x 70B)
Class kotlin.KotlinNothingValueException                                              : loaded 2 times (x 82B)
Class com.google.devtools.ksp.processing.KSPConfig                                    : loaded 2 times (x 72B)
Class [Lcom.google.common.cache.LocalCache$Segment;                                   : loaded 2 times (x 69B)
Class com.google.common.base.Predicate                                                : loaded 2 times (x 70B)
Class [Lcom.google.common.cache.LocalCache$Strength;                                  : loaded 2 times (x 69B)
Class com.google.common.cache.CacheBuilder$1                                          : loaded 2 times (x 85B)
Class com.google.common.collect.ImmutableMap                                          : loaded 2 times (x 120B)
Class org.gradle.internal.classpath.DefaultClassPath$ImmutableUniqueList$Builder      : loaded 2 times (x 75B)
Class androidx.room.log.RLog$Companion                                                : loaded 2 times (x 71B)
Class androidx.room.compiler.processing.ksp.KspFiler                                  : loaded 2 times (x 78B)
Class kotlin.io.FileTreeWalk$WalkState                                                : loaded 2 times (x 73B)
Class com.google.common.collect.LinkedListMultimap$ValueForKeyIterator                : loaded 2 times (x 99B)
Class com.google.common.collect.AbstractRangeSet                                      : loaded 2 times (x 114B)
Class com.google.common.base.CharMatcher$NegatedFastMatcher                           : loaded 2 times (x 113B)
Class com.google.common.cache.LocalCache                                              : loaded 2 times (x 187B)
Class com.google.common.cache.CacheBuilder$2                                          : loaded 2 times (x 79B)
Class androidx.room.verifier.DatabaseVerifier$Companion                               : loaded 2 times (x 71B)
Class [Landroidx.room.processor.Context$BooleanProcessorOptions;                      : loaded 2 times (x 69B)
Class kotlin.annotation.Target                                                        : loaded 2 times (x 70B)
Class kotlin.jvm.functions.Function4                                                  : loaded 2 times (x 70B)
Class com.google.common.collect.ArrayListMultimap                                     : loaded 2 times (x 172B)
Class com.google.common.cache.CacheBuilder$3                                          : loaded 2 times (x 72B)
Class [Lcom.google.common.collect.AbstractMapEntry;                                   : loaded 2 times (x 69B)
Class com.google.common.collect.ImmutableEntry                                        : loaded 2 times (x 82B)
Class org.gradle.api.GradleException                                                  : loaded 2 times (x 82B)
Class org.jetbrains.org.objectweb.asm.SymbolTable$Entry                               : loaded 2 times (x 74B)
Class androidx.room.compiler.processing.CommonProcessorDelegate$processRound$currentElementsDeferredByStep$1$previousRoundDeferredElementsByAnnotation$1: loaded 2 times (x 78B)
Class jdk.internal.jimage.ImageStrings                                                : loaded 2 times (x 70B)
Class kotlin.annotation.Retention                                                     : loaded 2 times (x 70B)
Class kotlin.jvm.functions.Function5                                                  : loaded 2 times (x 70B)
Class com.google.common.io.CharSource$EmptyCharSource                                 : loaded 2 times (x 86B)
Class org.apache.commons.io.StandardLineSeparator                                     : loaded 2 times (x 79B)
Class com.google.common.base.Suppliers$MemoizingSupplier                              : loaded 2 times (x 79B)
Class com.google.common.collect.CollectPreconditions                                  : loaded 2 times (x 71B)
Class [Landroidx.room.compiler.processing.XProcessingEnv$Platform;                    : loaded 2 times (x 69B)
Class kotlin.jvm.functions.Function6                                                  : loaded 2 times (x 70B)
Class [Lcom.google.common.io.FileWriteMode;                                           : loaded 2 times (x 69B)
Class com.google.common.collect.Maps$AbstractFilteredMap                              : loaded 2 times (x 127B)
Class com.google.common.collect.SortedMapDifference                                   : loaded 2 times (x 70B)
Class [Lorg.jetbrains.org.objectweb.asm.Symbol;                                       : loaded 2 times (x 69B)
Class androidx.room.compiler.processing.ksp.KspType$superTypes$2                      : loaded 2 times (x 79B)
Class [Lkotlin.time.DurationUnit;                                                     : loaded 2 times (x 69B)
Class kotlin.jvm.functions.Function7                                                  : loaded 2 times (x 70B)
Class kotlin.sequences.SequencesKt___SequencesKt$asIterable$$inlined$Iterable$1       : loaded 2 times (x 79B)
Class com.google.common.io.Files                                                      : loaded 2 times (x 71B)
Class com.google.common.hash.HashCode$IntHashCode                                     : loaded 2 times (x 80B)
Class com.google.common.cache.LocalCache$WriteThroughEntry                            : loaded 2 times (x 79B)
Class com.google.common.cache.LocalCache$HashIterator                                 : loaded 2 times (x 86B)
Class com.google.common.cache.LocalCache$EntryFactory                                 : loaded 2 times (x 83B)
Class org.sqlite.SQLiteException                                                      : loaded 2 times (x 96B)
Class androidx.room.verifier.DatabaseVerifier                                         : loaded 2 times (x 72B)
Class com.squareup.javapoet.Util                                                      : loaded 2 times (x 71B)
Class androidx.room.vo.BuiltInConverterFlags                                          : loaded 2 times (x 72B)
Class kotlin.jvm.functions.Function8                                                  : loaded 2 times (x 70B)
Class kotlin.collections.builders.MapBuilder$Companion                                : loaded 2 times (x 71B)
Class com.google.common.reflect.Types$NativeTypeVariableEquals                        : loaded 2 times (x 71B)
Class com.google.common.reflect.TypeParameter                                         : loaded 2 times (x 72B)
Class com.google.common.collect.Iterables$5                                           : loaded 2 times (x 81B)
Class com.google.common.cache.LocalCache$AbstractReferenceEntry                       : loaded 2 times (x 107B)
Class org.gradle.internal.IoActions                                                   : loaded 2 times (x 71B)
Class org.jetbrains.org.objectweb.asm.Attribute                                       : loaded 2 times (x 75B)
Class org.jetbrains.org.objectweb.asm.Label                                           : loaded 2 times (x 72B)
Class kotlin.annotation.MustBeDocumented                                              : loaded 2 times (x 70B)
Class kotlin.jvm.functions.Function10                                                 : loaded 2 times (x 70B)
Class kotlin.jvm.functions.Function9                                                  : loaded 2 times (x 70B)
Class [Lkotlin.reflect.KClassifier;                                                   : loaded 2 times (x 69B)
Class [Lkotlin.LazyThreadSafetyMode;                                                  : loaded 2 times (x 69B)
Class com.google.common.collect.ImmutableRangeSet$ComplementRanges                    : loaded 2 times (x 207B)
Class org.objectweb.asm.SymbolTable                                                   : loaded 2 times (x 72B)
Class com.google.common.cache.CacheLoader$InvalidCacheLoadException                   : loaded 2 times (x 82B)
Class com.google.common.collect.ImmutableSet$RegularSetBuilderImpl                    : loaded 2 times (x 77B)
Class org.jetbrains.org.objectweb.asm.Frame                                           : loaded 2 times (x 73B)
Class org.sqlite.BusyHandler                                                          : loaded 2 times (x 72B)
Class androidx.room.compiler.processing.ksp.KspType$xTypeName$2                       : loaded 2 times (x 79B)
Class kotlin.jvm.functions.Function11                                                 : loaded 2 times (x 70B)
Class kotlin.jvm.internal.PropertyReference0Impl                                      : loaded 2 times (x 127B)
Class kotlin.jvm.internal.markers.KMutableCollection                                  : loaded 2 times (x 70B)
Class kotlin.coroutines.intrinsics.IntrinsicsKt                                       : loaded 2 times (x 71B)
Class kotlin.ranges.IntRange$Companion                                                : loaded 2 times (x 71B)
Class kotlin.collections.EmptyMap                                                     : loaded 2 times (x 108B)
Class com.google.common.collect.FluentIterable                                        : loaded 2 times (x 81B)
Class com.google.common.cache.LocalCache$StrongEntry                                  : loaded 2 times (x 108B)
Class com.google.common.util.concurrent.AbstractFuture$TrustedFuture                  : loaded 2 times (x 114B)
Class com.google.common.cache.LoadingCache                                            : loaded 2 times (x 70B)
Class androidx.room.compiler.processing.ksp.KspProcessingEnv                          : loaded 2 times (x 121B)
Class androidx.room.compiler.processing.XProcessingEnvConfig$Companion                : loaded 2 times (x 71B)
Class androidx.room.compiler.processing.XProcessingEnvConfig                          : loaded 2 times (x 71B)
Class jdk.internal.jrtfs.JrtFileSystem                                                : loaded 2 times (x 102B)
Class kotlin.jvm.functions.Function12                                                 : loaded 2 times (x 70B)
Class kotlin.io.FileTreeWalk$FileTreeWalkIterator$TopDownDirectoryState               : loaded 2 times (x 74B)
Class kotlin.coroutines.intrinsics.CoroutineSingletons                                : loaded 2 times (x 79B)
Class com.google.common.io.ByteStreams$LimitedInputStream                             : loaded 2 times (x 92B)
Class com.google.common.base.Suppliers$NonSerializableMemoizingSupplier               : loaded 2 times (x 79B)
Class org.objectweb.asm.MethodWriter                                                  : loaded 2 times (x 106B)
Class [Lcom.google.common.cache.Weigher;                                              : loaded 2 times (x 69B)
Class com.google.common.collect.RegularImmutableMap$BucketOverflowException           : loaded 2 times (x 82B)
Class org.sqlite.JDBC                                                                 : loaded 2 times (x 87B)
Class kotlin.text.Charsets                                                            : loaded 2 times (x 71B)
Class kotlin.jvm.functions.Function13                                                 : loaded 2 times (x 70B)
Class kotlin.sequences.SequenceBuilderIterator                                        : loaded 2 times (x 85B)
Class kotlin.ranges.OpenEndRange                                                      : loaded 2 times (x 70B)
Class com.google.common.collect.Multimaps$AsMap                                       : loaded 2 times (x 125B)
Class com.google.common.collect.AbstractMapBasedMultimap$RandomAccessWrappedList      : loaded 2 times (x 205B)
Class org.sqlite.Function                                                             : loaded 2 times (x 73B)
Class androidx.room.compiler.processing.XProcessingEnv$Companion                      : loaded 2 times (x 71B)
Class androidx.room.DatabaseProcessingStep                                            : loaded 2 times (x 79B)
Class kotlin.jvm.functions.Function14                                                 : loaded 2 times (x 70B)
Class com.google.common.reflect.Types$JavaVersion$1                                   : loaded 2 times (x 83B)
Class com.google.common.collect.AbstractIterator$State                                : loaded 2 times (x 79B)
Class com.google.common.collect.RegularImmutableBiMap                                 : loaded 2 times (x 149B)
Class com.google.common.base.CharMatcher$Is                                           : loaded 2 times (x 111B)
Class com.google.common.base.CharMatcher$Negated                                      : loaded 2 times (x 113B)
Class com.google.common.cache.LocalCache$ValueReference                               : loaded 2 times (x 70B)
Class org.jetbrains.kotlin.com.intellij.openapi.diagnostic.Attachment                 : loaded 2 times (x 72B)
Class androidx.room.compiler.codegen.CodeLanguage                                     : loaded 2 times (x 79B)
Class kotlin.collections.ArrayDeque$Companion                                         : loaded 2 times (x 71B)
Class kotlin.jvm.functions.Function15                                                 : loaded 2 times (x 70B)
Class kotlin.text.CharsKt__CharKt                                                     : loaded 2 times (x 71B)
Class com.google.common.reflect.Types$JavaVersion$2                                   : loaded 2 times (x 83B)
Class com.google.common.reflect.Types                                                 : loaded 2 times (x 71B)
Class com.google.common.collect.LinkedListMultimap$1KeySetImpl                        : loaded 2 times (x 136B)
Class com.google.common.hash.PrimitiveSink                                            : loaded 2 times (x 70B)
Class com.google.common.base.PatternCompiler                                          : loaded 2 times (x 70B)
Class com.google.common.util.concurrent.AbstractFuture$Failure                        : loaded 2 times (x 72B)
Class com.google.common.base.Equivalence$Equals                                       : loaded 2 times (x 82B)
Class com.google.common.collect.Hashing                                               : loaded 2 times (x 71B)
Class com.google.common.base.Preconditions                                            : loaded 2 times (x 71B)
Class kotlin.jvm.functions.Function16                                                 : loaded 2 times (x 70B)
Class kotlin.coroutines.EmptyCoroutineContext                                         : loaded 2 times (x 77B)
Class com.google.common.reflect.Types$JavaVersion$3                                   : loaded 2 times (x 83B)
Class [Lorg.apache.commons.io.file.DeleteOption;                                      : loaded 2 times (x 69B)
Class com.google.common.io.CharSink                                                   : loaded 2 times (x 79B)
Class com.google.common.collect.ImmutableSetMultimap                                  : loaded 2 times (x 180B)
Class com.google.common.base.Joiner$1                                                 : loaded 2 times (x 80B)
Class org.objectweb.asm.Label                                                         : loaded 2 times (x 73B)
Class org.objectweb.asm.CurrentFrame                                                  : loaded 2 times (x 73B)
Class com.google.common.base.CharMatcher                                              : loaded 2 times (x 111B)
Class org.objectweb.asm.ClassTooLargeException                                        : loaded 2 times (x 83B)
Class com.google.common.collect.PeekingIterator                                       : loaded 2 times (x 70B)
Class org.jetbrains.org.objectweb.asm.RecordComponentWriter                           : loaded 2 times (x 78B)
Class kotlin.InitializedLazyImpl                                                      : loaded 2 times (x 76B)
Class kotlin.jvm.functions.Function17                                                 : loaded 2 times (x 70B)
Class com.google.common.collect.Table                                                 : loaded 2 times (x 70B)
Class com.google.common.reflect.Types$JavaVersion$4                                   : loaded 2 times (x 83B)
Class com.google.common.collect.RangeGwtSerializationDependencies                     : loaded 2 times (x 71B)
Class com.google.common.io.ByteSource$AsCharSource                                    : loaded 2 times (x 86B)
Class com.google.common.hash.HashCode$LongHashCode                                    : loaded 2 times (x 80B)
Class com.google.common.collect.Maps$IteratorBasedAbstractMap                         : loaded 2 times (x 125B)
Class com.google.common.base.Joiner$2                                                 : loaded 2 times (x 79B)
Class org.objectweb.asm.Frame                                                         : loaded 2 times (x 73B)
Class com.google.common.base.CharMatcher$1                                            : loaded 2 times (x 113B)
Class com.google.common.base.CharMatcher$NamedFastMatcher                             : loaded 2 times (x 112B)
Class org.objectweb.asm.MethodVisitor                                                 : loaded 2 times (x 105B)
Class com.google.common.cache.LocalCache$EntryFactory$1                               : loaded 2 times (x 83B)
Class [Lcom.google.common.cache.RemovalListener;                                      : loaded 2 times (x 69B)
Class org.jetbrains.org.objectweb.asm.MethodWriter                                    : loaded 2 times (x 106B)
Class androidx.room.compiler.processing.XType                                         : loaded 2 times (x 70B)
Class androidx.room.compiler.processing.ksp.KspProcessingEnv$isKsp2$2                 : loaded 2 times (x 79B)
Class kotlin.jvm.functions.Function18                                                 : loaded 2 times (x 70B)
Class com.google.common.reflect.Types$JavaVersion$5                                   : loaded 2 times (x 71B)
Class [Lcom.google.common.reflect.Types$ClassOwnership;                               : loaded 2 times (x 69B)
Class com.google.common.collect.RangeSet                                              : loaded 2 times (x 70B)
Class com.google.common.cache.LocalCache$EntryFactory$2                               : loaded 2 times (x 83B)
Class androidx.room.compiler.processing.XMessager                                     : loaded 2 times (x 73B)
Class androidx.room.compiler.processing.XProcessingStep                               : loaded 2 times (x 70B)
Class kotlin.reflect.KMutableProperty$Setter                                          : loaded 2 times (x 70B)
Class kotlin.jvm.functions.Function19                                                 : loaded 2 times (x 70B)
Class com.google.common.collect.CollectCollectors                                     : loaded 2 times (x 71B)
Class org.objectweb.asm.ModuleWriter                                                  : loaded 2 times (x 82B)
Class com.google.common.cache.LocalCache$EntryFactory$3                               : loaded 2 times (x 83B)
Class com.google.common.base.Ticker$1                                                 : loaded 2 times (x 72B)
Class com.google.common.collect.Maps$BiMapConverter                                   : loaded 2 times (x 90B)
Class com.google.common.collect.ImmutableMapEntrySet$RegularEntrySet                  : loaded 2 times (x 152B)
Class [Lkotlin.jvm.functions.Function1;                                               : loaded 2 times (x 69B)
Class org.jetbrains.org.objectweb.asm.RecordComponentVisitor                          : loaded 2 times (x 77B)
Class androidx.room.log.RLog                                                          : loaded 2 times (x 72B)
Class androidx.room.compiler.processing.ksp.KspProcessingEnv$executableElementStore$1 : loaded 2 times (x 79B)
Class com.google.common.collect.SetMultimap                                           : loaded 2 times (x 70B)
Class com.google.common.collect.ImmutableSet$Builder                                  : loaded 2 times (x 85B)
Class com.google.common.base.CharMatcher$InRange                                      : loaded 2 times (x 111B)
Class com.google.common.cache.LocalCache$EntryFactory$4                               : loaded 2 times (x 83B)
Class org.jetbrains.org.objectweb.asm.MethodTooLargeException                         : loaded 2 times (x 83B)
Class org.jetbrains.org.objectweb.asm.Context                                         : loaded 2 times (x 72B)
Class androidx.room.BuiltInTypeConverters$State                                       : loaded 2 times (x 79B)
Class com.google.common.io.ByteStreams$1                                              : loaded 2 times (x 85B)
Class com.google.common.cache.LocalCache$EntryFactory$5                               : loaded 2 times (x 83B)
Class org.jetbrains.org.objectweb.asm.CurrentFrame                                    : loaded 2 times (x 73B)
Class androidx.room.compiler.processing.XProcessingEnv                                : loaded 2 times (x 70B)
Class kotlin.time.Duration                                                            : loaded 2 times (x 74B)
Class [Lkotlin.reflect.KProperty;                                                     : loaded 2 times (x 69B)
Class org.apache.commons.io.output.AppendableWriter                                   : loaded 2 times (x 100B)
Class com.google.common.cache.LocalCache$EntryFactory$6                               : loaded 2 times (x 83B)
Class org.gradle.internal.installation.CurrentGradleInstallationLocator               : loaded 2 times (x 71B)
Class org.sqlite.Collation                                                            : loaded 2 times (x 73B)
Class kotlin.coroutines.jvm.internal.SpillingKt                                       : loaded 2 times (x 71B)
Class [Lkotlin.io.FileWalkDirection;                                                  : loaded 2 times (x 69B)
Class org.apache.commons.io.output.ThresholdingOutputStream                           : loaded 2 times (x 95B)
Class com.google.common.io.ByteSource$SlicedByteSource                                : loaded 2 times (x 85B)
Class com.google.common.collect.Maps$KeySet                                           : loaded 2 times (x 137B)
Class com.google.common.collect.ImmutableSet$EmptySetBuilderImpl                      : loaded 2 times (x 76B)
Class com.google.common.cache.LocalCache$EntryFactory$7                               : loaded 2 times (x 83B)
Class com.google.common.collect.ImmutableList                                         : loaded 2 times (x 206B)
Class org.gradle.internal.service.DefaultServiceLocator                               : loaded 2 times (x 83B)
Class org.jetbrains.org.objectweb.asm.SymbolTable                                     : loaded 2 times (x 72B)
Class androidx.room.compiler.processing.ksp.KspProcessingEnv$typeElementStore$1       : loaded 2 times (x 79B)
Class kotlin.reflect.KMutableProperty0                                                : loaded 2 times (x 70B)
Class kotlin.reflect.KClassifier                                                      : loaded 2 times (x 70B)
Class kotlin.io.FileTreeWalk                                                          : loaded 2 times (x 75B)
Class kotlin.coroutines.jvm.internal.SuspendFunction                                  : loaded 2 times (x 70B)
Class com.google.common.collect.Maps$EntrySet                                         : loaded 2 times (x 136B)
Class com.google.common.cache.LocalCache$EntryFactory$8                               : loaded 2 times (x 83B)
Class com.google.common.collect.ImmutableSet$SetBuilderImpl                           : loaded 2 times (x 76B)
Class org.gradle.internal.installation.CurrentGradleInstallation                      : loaded 2 times (x 73B)
Class org.jetbrains.org.objectweb.asm.ModuleWriter                                    : loaded 2 times (x 82B)
Class androidx.room.compiler.processing.ksp.KspProcessingEnv$typeElementStore$2       : loaded 2 times (x 78B)
Class kotlin.jvm.internal.Ref$BooleanRef                                              : loaded 2 times (x 71B)
Class kotlin.jvm.internal.StringCompanionObject                                       : loaded 2 times (x 71B)
Class kotlin.reflect.KMutableProperty1                                                : loaded 2 times (x 70B)
Class kotlin.coroutines.intrinsics.IntrinsicsKt__IntrinsicsJvmKt                      : loaded 2 times (x 71B)
Class kotlin.coroutines.jvm.internal.CoroutineStackFrame                              : loaded 2 times (x 70B)
Class com.google.common.cache.CacheLoader$1                                           : loaded 2 times (x 75B)
Class com.google.common.collect.ImmutableList$SubList                                 : loaded 2 times (x 209B)
Class org.gradle.util.internal.GUtil                                                  : loaded 2 times (x 71B)
Class [Lorg.jetbrains.org.objectweb.asm.Label;                                        : loaded 2 times (x 69B)
Class androidx.room.compiler.processing.ksp.KspProcessingEnv$typeElementStore$3       : loaded 2 times (x 79B)
Class kotlin.reflect.KMutableProperty2                                                : loaded 2 times (x 70B)
Class com.google.common.io.ByteSource                                                 : loaded 2 times (x 84B)
Class com.google.common.cache.AbstractCache$StatsCounter                              : loaded 2 times (x 70B)
Class androidx.room.processor.CustomConverterProcessor$ProcessResult$Companion        : loaded 2 times (x 71B)
Class kotlin.time.DurationUnitKt                                                      : loaded 2 times (x 71B)
Class kotlin.ranges.IntProgressionIterator                                            : loaded 2 times (x 82B)
Class kotlin.coroutines.jvm.internal.DebugProbesKt                                    : loaded 2 times (x 71B)
Class kotlin.coroutines.CoroutineContext                                              : loaded 2 times (x 70B)
Class com.google.common.reflect.Types$TypeVariableImpl                                : loaded 2 times (x 72B)
Class com.google.common.collect.Iterators$MergingIterator                             : loaded 2 times (x 81B)
Class com.google.common.collect.RegularImmutableSet                                   : loaded 2 times (x 149B)
Class org.gradle.internal.installation.GradleInstallation                             : loaded 2 times (x 75B)
Class com.squareup.javapoet.ClassName                                                 : loaded 2 times (x 84B)
Class com.google.common.base.Splitter$Strategy                                        : loaded 2 times (x 70B)
Class com.google.common.collect.Iterables                                             : loaded 2 times (x 71B)
Class org.jetbrains.kotlin.com.intellij.openapi.diagnostic.DefaultLogger              : loaded 2 times (x 100B)
Class androidx.room.compiler.processing.ksp.KspRoundEnv                               : loaded 2 times (x 77B)
Class kotlin.io.FileWalkDirection                                                     : loaded 2 times (x 79B)
Class kotlin.ranges.IntProgression                                                    : loaded 2 times (x 81B)
Class com.google.common.collect.Lists$RandomAccessReverseList                         : loaded 2 times (x 200B)
Class org.sqlite.Function$Window                                                      : loaded 2 times (x 77B)
Class androidx.room.compiler.processing.XEquality                                     : loaded 2 times (x 70B)
Class androidx.room.compiler.processing.ksp.KspBasicAnnotationProcessor$DelegateLogger: loaded 2 times (x 79B)
Class kotlin.io.TextStreamsKt                                                         : loaded 2 times (x 71B)
Class kotlin.sequences.FlatteningSequence                                             : loaded 2 times (x 75B)
Class kotlin.sequences.DropTakeSequence                                               : loaded 2 times (x 70B)
Class com.google.common.base.Equivalence$Identity                                     : loaded 2 times (x 82B)
Class com.google.common.base.PairwiseEquivalence                                      : loaded 2 times (x 83B)
Class com.google.common.collect.RegularImmutableMap$KeySet                            : loaded 2 times (x 152B)
Class org.gradle.internal.classloader.FilteringClassLoader                            : loaded 2 times (x 105B)
Class androidx.room.solver.TypeAdapterStore                                           : loaded 2 times (x 72B)
Class androidx.room.compiler.processing.ksp.KspBasicAnnotationProcessor$commonDelegate$2: loaded 2 times (x 79B)
Class jdk.internal.jimage.BasicImageReader                                            : loaded 2 times (x 95B)
Class kotlin.jvm.internal.CollectionToArray                                           : loaded 2 times (x 71B)
Class com.google.common.io.FileWriteMode                                              : loaded 2 times (x 79B)
Class [Lcom.google.common.base.AbstractIterator$State;                                : loaded 2 times (x 69B)
Class com.google.common.base.CharMatcher$IsEither                                     : loaded 2 times (x 111B)
Class org.gradle.internal.classloader.ClassLoaderHierarchy                            : loaded 2 times (x 70B)
Class org.sqlite.SQLiteJDBCLoader                                                     : loaded 2 times (x 71B)
Class kotlin.jvm.internal.MutablePropertyReference1                                   : loaded 2 times (x 137B)
Class kotlin.jvm.internal.PropertyReference1Impl                                      : loaded 2 times (x 127B)
Class kotlin.SafePublicationLazyImpl$Companion                                        : loaded 2 times (x 71B)
Class com.google.common.collect.AbstractMapBasedMultimap$WrappedCollection            : loaded 2 times (x 124B)
Class com.google.common.collect.ImmutableEnumSet                                      : loaded 2 times (x 146B)
Class com.google.common.util.concurrent.ExecutionError                                : loaded 2 times (x 82B)
Class com.google.common.collect.ImmutableList$1                                       : loaded 2 times (x 97B)
Class kotlin.collections.builders.MapBuilder                                          : loaded 2 times (x 112B)
Class kotlin.ranges.IntProgression$Companion                                          : loaded 2 times (x 71B)
Class com.google.common.io.ByteArrayDataOutput                                        : loaded 2 times (x 70B)
Class com.google.common.collect.RegularImmutableMap                                   : loaded 2 times (x 121B)
Class com.google.common.collect.ImmutableMap$MapViewOfValuesAsSingletonSets           : loaded 2 times (x 126B)
Class androidx.room.compiler.processing.javac.XTypeElementStore                       : loaded 2 times (x 72B)
Class androidx.room.compiler.processing.XProcessingEnv$Backend                        : loaded 2 times (x 79B)
Class kotlin.sequences.TransformingSequence                                           : loaded 2 times (x 75B)
Class com.google.common.reflect.TypeCapture                                           : loaded 2 times (x 71B)
Class [Lorg.objectweb.asm.Symbol;                                                     : loaded 2 times (x 69B)
Class org.objectweb.asm.ClassVisitor                                                  : loaded 2 times (x 88B)
Class com.google.common.collect.UnmodifiableListIterator                              : loaded 2 times (x 95B)
Class kotlin.io.LinesSequence                                                         : loaded 2 times (x 75B)
Class [Lkotlin.reflect.KClass;                                                        : loaded 2 times (x 69B)
Class com.google.common.base.Platform$JdkPatternCompiler                              : loaded 2 times (x 75B)
Class org.objectweb.asm.MethodTooLargeException                                       : loaded 2 times (x 83B)
Class [Lcom.google.common.cache.CacheBuilder$OneWeigher;                              : loaded 2 times (x 69B)
Class com.google.common.base.Suppliers                                                : loaded 2 times (x 71B)
Class org.gradle.internal.classloader.DefaultClassLoaderFactory                       : loaded 2 times (x 82B)
Class org.jetbrains.org.objectweb.asm.ClassVisitor                                    : loaded 2 times (x 88B)
Class org.sqlite.SQLiteJDBCLoader$VersionHolder                                       : loaded 2 times (x 71B)
Class kotlin.KotlinVersion$Companion                                                  : loaded 2 times (x 71B)
Class org.apache.commons.io.file.PathUtils                                            : loaded 2 times (x 71B)
Class com.google.common.base.CharMatcher$None                                         : loaded 2 times (x 112B)
Class [Lcom.google.common.collect.AbstractIterator$State;                             : loaded 2 times (x 69B)
Class com.google.common.io.ByteSource$ConcatenatedByteSource                          : loaded 2 times (x 85B)
Class org.jetbrains.org.objectweb.asm.ClassReader                                     : loaded 2 times (x 92B)
Class [Landroidx.room.compiler.codegen.CodeLanguage;                                  : loaded 2 times (x 69B)
Class com.squareup.javapoet.LineWrapper$RecordingAppendable                           : loaded 2 times (x 77B)
Class kotlin.sequences.SequencesKt___SequencesKt$flatMap$2                            : loaded 2 times (x 125B)
Class kotlin.io.FileTreeWalk$FileTreeWalkIterator                                     : loaded 2 times (x 83B)
Class [Lcom.google.common.collect.ImmutableMapEntry;                                  : loaded 2 times (x 69B)
Class [Lorg.apache.commons.io.StandardLineSeparator;                                  : loaded 2 times (x 69B)
Class org.apache.commons.io.output.StringBuilderWriter                                : loaded 2 times (x 100B)
Class com.google.common.collect.CollectSpliterators$1WithCharacteristics              : loaded 2 times (x 90B)
Class com.google.common.collect.ImmutableRangeSet                                     : loaded 2 times (x 115B)
Class com.google.common.collect.ListMultimap                                          : loaded 2 times (x 70B)
Class com.google.common.collect.ImmutableEnumMap                                      : loaded 2 times (x 126B)
Class kotlin.jvm.internal.ArrayIteratorKt                                             : loaded 2 times (x 71B)
Class kotlin.reflect.KProperty$Accessor                                               : loaded 2 times (x 70B)
Class kotlin.jvm.internal.AdaptedFunctionReference                                    : loaded 2 times (x 77B)
Class com.google.common.base.Splitter                                                 : loaded 2 times (x 72B)
Class com.google.common.collect.ImmutableSet$SerializedForm                           : loaded 2 times (x 73B)
Class com.google.common.collect.Sets$1                                                : loaded 2 times (x 139B)
Class org.objectweb.asm.AnnotationVisitor                                             : loaded 2 times (x 78B)
Class org.gradle.api.internal.DefaultClassPathProvider                                : loaded 2 times (x 76B)
Class androidx.room.processor.cache.Cache$Bucket                                      : loaded 2 times (x 72B)
Class kotlin.sequences.SequenceScope                                                  : loaded 2 times (x 73B)
Class com.google.common.collect.LinkedListMultimap$KeyList                            : loaded 2 times (x 72B)
Class com.google.common.io.CharSource$ConcatenatedCharSource                          : loaded 2 times (x 86B)
Class com.google.common.collect.Maps$ViewCachingAbstractMap                           : loaded 2 times (x 125B)
Class [Lcom.google.common.base.Function;                                              : loaded 2 times (x 69B)
Class com.google.common.hash.HashCode$BytesHashCode                                   : loaded 2 times (x 81B)
Class com.google.common.collect.Sets$2                                                : loaded 2 times (x 139B)
Class [Lorg.gradle.api.internal.ClassPathProvider;                                    : loaded 2 times (x 69B)
Class org.gradle.api.internal.ClassPathProvider                                       : loaded 2 times (x 70B)
Class kotlin.jvm.functions.Function20                                                 : loaded 2 times (x 70B)
Class kotlin.collections.CollectionsKt___CollectionsKt$asSequence$$inlined$Sequence$1 : loaded 2 times (x 75B)
Class com.google.common.reflect.Types$ClassOwnership$1                                : loaded 2 times (x 80B)
Class com.google.common.base.AbstractIterator$State                                   : loaded 2 times (x 79B)
Class [Lorg.objectweb.asm.AnnotationVisitor;                                          : loaded 2 times (x 69B)
Class com.google.common.collect.Sets$3                                                : loaded 2 times (x 139B)
Class com.google.common.cache.LocalCache$LocalLoadingCache                            : loaded 2 times (x 134B)
Class org.gradle.internal.service.UnknownServiceException                             : loaded 2 times (x 83B)
Class [Lorg.jetbrains.org.objectweb.asm.Attribute;                                    : loaded 2 times (x 69B)
Class kotlin.jvm.functions.Function21                                                 : loaded 2 times (x 70B)
Class com.google.common.reflect.Types$ClassOwnership$2                                : loaded 2 times (x 80B)
Class com.google.common.reflect.TypeResolver                                          : loaded 2 times (x 72B)
Class com.google.common.io.ByteArrayDataInput                                         : loaded 2 times (x 70B)
Class com.google.common.hash.Hasher                                                   : loaded 2 times (x 70B)
Class com.google.common.collect.Sets$4                                                : loaded 2 times (x 139B)
Class org.objectweb.asm.ModuleVisitor                                                 : loaded 2 times (x 81B)
Class com.google.common.cache.LocalCache$Strength$1                                   : loaded 2 times (x 81B)
Class kotlin.jvm.functions.Function22                                                 : loaded 2 times (x 70B)
Class kotlin.collections.MapWithDefault                                               : loaded 2 times (x 70B)
Class com.google.common.reflect.Types$ClassOwnership$3                                : loaded 2 times (x 71B)
Class org.apache.commons.io.output.QueueOutputStream                                  : loaded 2 times (x 87B)
Class com.google.common.collect.Collections2$FilteredCollection                       : loaded 2 times (x 119B)
Class com.google.common.util.concurrent.SettableFuture                                : loaded 2 times (x 114B)
Class com.google.common.cache.LocalCache$Strength$2                                   : loaded 2 times (x 81B)
Class kotlin.reflect.KTypeParameter                                                   : loaded 2 times (x 70B)
Class com.google.common.collect.LinkedListMultimap$1                                  : loaded 2 times (x 199B)
Class com.google.common.base.Splitter$1                                               : loaded 2 times (x 77B)
Class com.google.common.io.ByteStreams                                                : loaded 2 times (x 71B)
Class com.google.common.collect.TransformedIterator                                   : loaded 2 times (x 80B)

---------------  S Y S T E M  ---------------

OS:
uname: Darwin 22.6.0 Darwin Kernel Version 22.6.0: Tue Jul 15 08:22:28 PDT 2025; root:xnu-8796.141.3.713.2~2/RELEASE_X86_64 x86_64
OS uptime: 2 days 1:04 hours
rlimit (soft/hard): STACK 8192k/65532k , CORE 0k/infinity , NPROC 4176/6264 , NOFILE 10240/infinity , AS infinity/infinity , CPU infinity/infinity , DATA infinity/infinity , FSIZE infinity/infinity , MEMLOCK infinity/infinity , RSS infinity/infinity
load average: 11.89 10.88 7.25

CPU: total 4 (initial active 4) (4 cores per cpu, 1 threads per core) family 6 model 158 stepping 9 microcode 0xf8, cx8, cmov, fxsr, mmx, 3dnowpref, sse, sse2, sse3, ssse3, sse4.1, sse4.2, popcnt, lzcnt, tsc, tscinvbit, avx, avx2, aes, erms, clmul, bmi1, bmi2, rtm, adx, fma, vzeroupper, clflush, clflushopt, rdtscp, f16c
machdep.cpu.brand_string:Intel(R) Core(TM) i5-7600 CPU @ 3.50GHz
hw.cpufrequency:3500000000
hw.cpufrequency_min:3500000000
hw.cpufrequency_max:3500000000
hw.cachelinesize:64
hw.l1icachesize:32768
hw.l1dcachesize:32768
hw.l2cachesize:262144
hw.l3cachesize:6291456

Memory: 4k page, physical 25165824k(1793344k free), swap 1048576k(879872k free)

vm_info: OpenJDK 64-Bit Server VM (21.0.10+-117844309-b1163.108) for bsd-amd64 JRE (21.0.10+-117844309-b1163.108), built on 2026-03-05T18:14:59Z by "builder" with clang Android (10087095, +pgo, +bolt, +lto, -mlgo, based on r487747c) Clang 17.0.2 (https://android.googlesource.com/toolchain/llvm-project d9f89f4d16663d5012e5c09495f3b30ece3d2362)

END.
